run	total_reads	[Bacteroides] pectinophilus group	[Clostridium] methylpentosum group	[Eubacterium] eligens group	[Eubacterium] ruminantium group	[Eubacterium] siraeum group	[Eubacterium] sulci group	[Eubacterium] ventriosum group	[Eubacterium] yurii group	[Ruminococcus] gauvreauii group	[Ruminococcus] gnavus group	28-YEA-48	A2	Abditibacterium	Abiotrophia	Acetobacter	Achromobacter	Acidibacter	Acidiphilium	Acidipropionibacterium	Acidocella	Acidovorax	Acinetobacter	Actinobacillus	Actinomyces	Actinomycetospora	Acutalibacter	Acuticoccus	Adhaeribacter	Aerococcus	Aeromicrobium	Aeromonas	Aerosphaera	Aestuariimicrobium	Aestuariimonas	Afipia	Agathobacter	Agathobaculum	Aggregatibacter	Agrobacterium	Agrococcus	Ahniella	Ahrensia	Algibacter	Algitalea	Alicycliphilus	Alicyclobacillus	Aliidongia	Alishewanella	Alistipes	Alkalihalophilus	Alkanindiges	Allomeiothermus	Alloprevotella	alphaI cluster	Altererythrobacter	Amaricoccus	Aminobacter	Amylibacter	Amylolactobacillus	Anaerobutyricum	Anaerococcus	Anaerosphaera	Anaerospora	Anaerostipes	Anaerotruncus	Anoxybacillus	Aquabacter	Aquamonas	Aquaticitalea	Aquibacter	Aquicella	Aquimixticola	Aquincola	Aquirhabdus	Arcanobacterium	Arcobacter	Arenicella	Arsenicicoccus	Ascidiaceihabitans	ASF356	Atopobium	Atopostipes	Aurantivirga	Aureimonas	Aureispira	Azomonas	Azospira	Azospirillum	Bacillus	Bacteriovorax	Bacteroides	Barnesiella	Bauldia	Belnapia	Bergeyella	Bifidobacterium	Bilophila	BIyi10	Blastocatella	Blastococcus	Blastomonas	Blautia	Bosea	Brachybacterium	Bradyrhizobium	Brevibacillus	Brevibacterium	Brevundimonas	Brochothrix	Brucella	Bryobacter	Buchananella	Buchnera	Burkholderia-Caballeronia-Paraburkholderia	Butyribacter	C1-B045	Caenimonas	CAG-56	Caldimonas	Calidithermus	Candidatus Alysiosphaera	Candidatus Arthromitus	Candidatus Cardinium	Candidatus Finniella	Candidatus Hepatoplasma	Candidatus Nitrosoarchaeum	Candidatus Saccharimonas	Capnocytophaga	Castellaniella	Catellicoccus	Caulobacter	Cellvibrio	CENA359	CENA518	Centipeda	Cephaloticoccus	Cerasicoccus	Chitinimonas	Chitinophaga	Christensenellaceae R-7 group	Chryseobacterium	Chryseotalea	Citricoccus	Citrobacter	CL500-3	Clade Ia	Clade Ib	Cloacibacterium	Clostridium	Cocleimonas	Colidextribacter	Colwellia	Comamonas	Companilactobacillus	Coprococcus	Corticibacterium	Corticicoccus	Corynebacterium	Craurococcus	Crocinitomix	Cumulibacter	Cupriavidus	Curvibacter	Cutibacterium	Cystobacter	Daeguia	Daejeonia	Dankookia	Dechlorobacter	Defluviicoccus	Defluviitaleaceae UCG-011	Deinococcus	Delftia	Demequina	Dermacoccus	Desemzia	Desertimonas	Desulfobacula	Desulfocastanea	Devosia	Dialister	Dietzia	Dolosigranulum	Domibacillus	Dongia	Dorea	Draconibacterium	DSSF69	Duganella	Dyadobacter	Dyella	E1B-B3-114	Edaphobaculum	Edwardsiella	Eikenella	Elizabethkingia	Ellin6067	Empedobacter	Enhydrobacter	Ensifer	Enterocloster	Enterococcus	Enterovirga	Epulopiscium	Eremococcus	Erysipelotrichaceae UCG-003	Erythrobacter	Escherichia-Shigella	Exiguobacterium	Ezakiella	F0332	Facklamia	Faecalibacterium	Faecalimonas	Faecalitalea	Falsirhodobacter	Family XIII AD3011 group	Fannyhessea	Fastidiosibacter	Fenollaria	Ferruginibacter	Fibrella	Filifactor	Fimbriiglobus	Finegoldia	Flavicella	Flavobacterium	Flexilinea	Fluviicola	Fonticella	Franconibacter	Frigoribacterium	Fulvivirga	Fusicatenibacter	Fusobacterium	Gaetbulibacter	Gaiella	Gemella	Gemmatimonas	Gemmiger	Geobacillus	Gilvibacter	Gleimia	Gordonia	Gottfriedia	GOUTA6	Granulicatella	Granulosicoccus	Haemophilus	Halalkalibacter	Halioglobus	Halobacteriovorax	Haloimpatiens	Halomonas	Herbaspirillum	Hoylesella	HT002	Hydrogenispora	Hydrogenophaga	Hydrogenophilus	Hymenobacter	Hyphomicrobium	Iamia	Ichthyenterobacterium	Ignavigranum	IheB2-31	Intestinibacter	Intestinimonas	IS-44	Isobaculum	Janibacter	Janthinobacterium	Johnsonella	Kineobactrum	Kineosphaera	Kinneretia	Klebsiella	Kocuria	Kordia	Kribbella	Lachnoanaerobaculum	Lachnoclostridium	Lachnospira	Lachnospiraceae AC2044 group	Lachnospiraceae NC2004 group	Lachnospiraceae NK4A136 group	Lachnospiraceae UCG-004	Lachnospiraceae UCG-006	Lachnospiraceae UCG-008	Lachnospiraceae UCG-010	Lacibacterium	Lacinutrix	Lacticaseibacillus	Lactiplantibacillus	Lactobacillus	Lactococcus	Lancefieldella	Latilactobacillus	Lautropia	Lawsonella	Legionella	Lentibacter	Lentisphaera	Leptolinea	Leptolyngbya Es-Yyy1000	Leptolyngbya PCC-6306	Leptotrichia	Leucobacter	Leuconostoc	Leucothrix	Lewinella	Lichenibacterium	Ligilactobacillus	Limnobacter	Limosilactobacillus	Litoreibacter	Litorilituus	Longicatena	LS-NOB	Luteimonas	Luteitalea	Luteococcus	Lutibacter	Lutimonas	Lysinibacillus	Lysobacter	Magnetospira	Maribacter	Marimicrobium	Mariniblastus	Marinoscillum	Marinosulfonomonas	Maritimimonas	Marmoricola	Marvinbryantia	Massilia	Mediterraneibacter	Megasphaera	Melghiribacillus	Mesorhizobium	Metabacillus	Methylobacterium	Methylocella	Methylorubrum	Methyloversatilis	Microbacterium	Micrococcus	Microlunatus	Microvirga	Microvirgula	Millisia	Mixta	MN 122.2a	MND1	Mobilicoccus	Modestobacter	Mogibacterium	Moheibacter	Monoglobus	Moraxella	Moritella	Mucispirillum	Muribaculum	Mycetocola	Mycobacterium	Nakamurella	Necropsobacter	Negativicoccus	Neisseria	Neochlamydia	Nesterenkonia	Nevskia	Niallia	Niastella	Nitrosomonas	Nitrosospira	Nitrospira	Niveitalea	Nocardioides	Nodosilinea PCC-7104	Novibacillus	Noviherbaspirillum	Novosphingobium	NS10 marine group	NS2b marine group	NS4 marine group	NS5 marine group	Nubsella	Oceanobacter	Odoribacter	Oleiharenicola	Olleya	Olsenella	OM27 clade	OM43 clade	Opitutus	Oribacterium	Oscillibacter	Oscillospira	Ottowia	P3OB-51	Paenibacillus	Paeniclostridium	Pajaroellobacter	Paludibacter	Paludicola	Paludisphaera	Panacagrimonas	Parabacteroides	Paracoccus	Paraglaciecola	Paraherbaspirillum	Paralactobacillus	Parapontixanthobacter	Paraprevotella	Parasutterella	Parvimonas	Paucibacter	Pediococcus	Pedobacter	Pedomicrobium	Pelagerythrobacter	Pelagimonas	Pelosinus	Peptococcus	Peptoniphilus	Peptostreptococcus	Phascolarctobacterium	Phenylobacterium	Photobacterium	Phycocomes	Pinisolibacter	Pir4 lineage	Pirellula	Planctomicrobium	Planktomarina	Planococcus	Polaribacter	Polaromonas	Porphyromonas	Porticoccus	Prevotella	Prevotellaceae UCG-001	Priestia	Proteiniphilum	Pseudacidovorax	Pseudahrensia	Pseudaminobacter	Pseudoalteromonas	Pseudoclavibacter	Pseudoflavonifractor	Pseudofulvibacter	Pseudofulvimonas	Pseudohongiella	Pseudokineococcus	Pseudolabrys	Pseudoleptotrichia	Pseudomonas	Pseudonocardia	Pseudorhizobium	Pseudorhodoferax	Pseudorhodoplanes	Pseudoxanthomonas	Psychrobacter	Psychroglaciecola	Psychromonas	Psychroserpens	Pygmaiobacter	Pyrinomonas	Quadrisphaera	Ralstonia	Ramlibacter	Raoultella	RB41	Rheinheimera	Rhizobium	Rhodanobacter	Rhodococcus	Rhodoferax	Rhodoplanes	Rhodopseudomonas	Rickettsia	Rikenella	Rikenellaceae RC9 gut group	Romboutsia	Roseateles	Roseburia	Roseicella	Roseisolibacter	Roseobacter clade NAC11-7 lineage	Roseomonas	Rothia	Rubellimicrobium	Rubritepida	Ruminococcus	S5-A14a	Sabulilitoribacter	Saccharibacillus	Saccharopolyspora	Salinicoccus	Sandaracinobacter	SAR92 clade	Schaalia	SD04E11	Sedimentitalea	Segatella	Selenomonas	Shewanella	Shimazuella	Shinella	Singulisphaera	Skermanella	Slackia	SM1A02	SN8	Sneathia	Soehngenia	Solirubrobacter	Solobacterium	Sphingoaurantiacus	Sphingobacterium	Sphingobium	Sphingomonas	Sphingopyxis	Sphingosinithalassobacter	Spirosoma	Staphylococcus	Stenotrophomonas	Steroidobacter	Stomatobaculum	Streptococcus	Streptomyces	Subgroup 10	Sulfitobacter	SUP05 cluster	Sutterella	Sva0996 marine group	Tannerella	Tannockella	Tautonia	Tepidimonas	Tepidiphilus	Terriglobus	Tessaracoccus	Thalassiella	Thauera	Thermomonas	Thermothrix	Thermus	Thiofilum	Thomasclavelia	TM7a	Truepera	Tsukamurella	Turicibacter	type III	Tyzzerella	UCG-002	UCG-003	UCG-005	UCG-007	UCG-008	Unassigned	Varibaculum	Variovorax	Veillonella	Verticiella	Vicinamibacter	Vicingus	Vogesella	W5053	Weissella	Wenyingzhuangia	Williamsia	Winogradskyella	Woeseia	Xanthobacter	Xanthomonas	Yersinia	Yimella
SRR11605061	37742	0	0	0	0	0	0	0	0	0	0	0	0	0	0	0	0	0	0	0	84	0	28	0	2	8	0	0	0	0	0	0	0	0	0	8	0	0	0	37	0	0	0	0	0	0	0	0	1	0	0	0	8	0	0	31	43	0	0	0	0	0	0	0	0	0	0	0	0	0	0	0	0	0	0	0	0	0	0	0	0	0	0	0	0	0	0	0	0	0	0	22	0	0	8	0	0	0	0	0	3	0	0	2	0	0	0	0	2	0	7	0	0	0	0	0	0	0	0	0	0	0	0	0	0	0	0	0	0	0	0	0	0	0	0	0	0	0	0	0	0	0	0	0	0	0	40	0	0	62	0	0	0	0	0	0	0	0	451	0	0	0	0	0	31826	9	0	0	0	0	0	0	42	87	0	6	0	0	0	0	0	0	0	0	7	0	0	0	0	0	0	10	0	0	0	0	0	0	0	28	0	0	0	0	0	0	0	0	7	0	0	0	0	0	0	0	0	0	0	0	0	0	0	0	0	22	0	0	0	0	4	0	0	0	0	0	0	0	0	0	0	0	0	0	28	0	2	0	0	2	0	0	0	0	0	0	0	0	0	0	1	24	0	0	0	0	0	0	0	0	0	21	0	0	0	0	0	0	0	0	0	0	0	0	0	0	32	0	0	0	0	0	0	0	0	1310	0	0	0	0	0	0	0	0	0	3	0	0	0	4	0	0	0	0	0	0	0	0	1	0	0	0	11	0	0	0	0	0	0	0	0	0	0	0	0	0	0	0	0	0	0	5	0	0	0	0	0	9	0	15	0	0	0	0	0	0	0	0	0	0	0	0	0	0	2	52	0	0	0	7	0	0	0	0	0	0	0	0	0	0	0	0	5	28	0	0	0	0	0	0	0	3	0	0	0	0	7	0	0	0	0	0	0	0	0	0	0	0	0	0	11	0	0	0	0	0	0	0	14	0	0	0	10	0	0	0	11	9	0	0	0	0	0	0	0	0	32	0	110	0	3	0	3	11	6	0	0	0	0	0	0	0	0	0	0	0	0	0	48	0	0	0	0	13	9	1	0	0	1	0	0	12	0	0	0	7	17	464	3	0	2	0	0	0	0	9	0	0	0	0	0	3	0	0	0	1	0	0	0	0	10	0	14	0	0	0	0	0	0	0	0	0	0	0	11	0	0	0	0	0	0	0	7	22	0	0	0	1317	7	0	0	238	0	0	98	0	0	0	0	0	0	0	0	0	0	0	0	3	0	0	0	0	0	0	0	0	0	0	0	0	0	0	0	727	0	0	0	0	0	0	0	0	0	0	4	0	0	0	7	0	0
SRR11605064	5581	0	0	0	5	0	0	0	0	0	5	0	0	0	0	0	0	0	0	0	33	0	16	0	0	5	0	0	0	0	0	0	0	0	0	0	0	0	0	37	0	0	0	0	0	0	0	0	0	0	0	0	3	0	0	16	5	0	15	0	0	3	0	0	0	0	0	0	0	6	0	0	0	0	0	0	0	0	6	0	0	0	0	16	0	0	0	0	3	6	0	22	0	0	0	0	0	0	2	0	29	7	0	0	0	0	0	8	10	0	0	0	0	0	0	0	0	0	0	4	0	3	0	0	3	0	0	0	0	0	0	0	0	0	0	0	0	0	0	0	0	6	0	0	0	0	39	0	1	8	0	0	0	0	0	0	0	6	75	0	0	0	0	0	174	0	0	12	0	0	4	0	4	45	0	0	0	0	0	5	5	0	0	0	0	0	0	0	0	0	0	0	0	0	5	0	0	1	0	5	0	0	0	5	0	0	0	2	0	3	0	0	0	0	0	2	0	0	0	0	0	0	0	0	0	9	7	9	0	0	0	0	0	0	0	6	0	0	0	2	0	0	8	0	12	0	0	0	0	8	0	0	0	0	0	0	0	0	0	0	9	4	0	0	0	0	0	0	0	0	0	0	0	0	0	0	0	0	29	0	0	0	0	0	0	0	3	0	0	0	0	0	0	0	0	0	1	0	3	3	0	0	0	0	0	0	0	3	0	0	0	0	0	0	0	0	0	0	0	0	0	10	0	0	0	0	0	0	0	0	0	0	0	0	8	0	1	0	1	0	0	0	0	0	0	0	4	11	9	0	0	0	0	0	0	4	0	0	0	0	0	0	0	0	0	148	0	0	0	10	0	0	0	11	0	0	0	15	0	0	0	0	0	0	0	3	0	4	0	0	0	0	0	0	0	7	1	0	0	0	0	0	0	0	0	0	0	0	0	0	176	0	0	0	0	0	0	0	0	0	0	0	0	0	0	0	0	22	0	0	0	0	0	0	0	2	18	0	37	0	4	0	0	0	0	0	0	0	2	0	0	0	0	0	0	0	0	0	20	0	0	0	0	0	4	0	7	0	0	0	3	1	0	0	0	1	6	123	0	0	0	0	0	0	0	0	0	0	5	0	0	12	0	0	0	1	0	0	0	0	0	0	14	0	3	0	0	0	0	0	0	0	4	0	0	7	0	0	3	0	0	0	0	7	0	0	0	85	4	0	0	50	0	0	22	6	0	0	0	0	0	12	4	0	0	0	0	0	0	0	0	0	0	0	0	0	0	0	0	0	1	0	0	3872	0	0	5	0	0	0	0	0	0	0	0	0	0	0	0	0	0
SRR11605067	20138	0	0	0	0	12	0	29	3	0	0	0	0	0	0	0	0	0	0	0	45	0	28	0	19	0	0	0	18	0	0	0	0	0	0	0	0	0	0	19	0	0	0	0	0	0	0	0	25	0	0	0	15	0	0	62	15	0	0	0	11	7	0	0	0	0	0	0	0	0	0	0	0	0	0	0	0	0	0	0	0	0	32	0	0	0	0	0	0	0	0	66	0	0	0	0	0	0	0	0	3	30	0	18	0	0	0	0	49	0	0	0	0	0	0	0	0	6	0	0	0	100	0	0	0	0	0	0	4	0	0	53	0	0	0	0	21	0	0	0	0	98	0	0	6	0	0	0	21	120	0	5	0	0	0	37	0	0	923	6	0	0	0	0	12739	0	0	0	0	0	0	0	4	375	0	11	0	0	0	0	0	0	7	0	0	0	0	0	0	0	0	0	0	0	0	0	0	100	0	351	0	0	0	0	0	0	0	27	9	0	0	0	0	0	0	0	4	0	0	0	0	0	0	0	0	6	0	48	0	0	0	0	0	0	0	35	0	0	1	0	0	7	0	0	32	0	25	9	0	52	0	0	0	0	0	0	20	0	0	0	3	0	0	0	0	0	0	0	0	0	0	0	0	0	0	0	0	0	6	0	0	8	0	0	0	0	25	0	0	0	0	0	0	0	0	229	0	0	2	25	0	0	0	0	0	0	0	0	2	0	0	0	0	18	0	0	0	0	0	0	0	8	0	0	0	3	0	0	0	0	0	0	0	0	0	0	14	0	3	0	0	0	20	0	4	0	5	39	0	0	9	0	0	0	0	0	0	2	0	42	0	0	0	0	0	75	0	0	0	29	0	0	0	10	0	0	0	0	0	0	0	0	0	23	0	0	0	0	0	0	0	190	0	0	0	0	33	0	0	0	0	0	0	0	0	0	0	0	0	0	6	0	0	0	0	0	4	8	21	0	0	0	0	0	2	0	13	0	0	0	0	0	0	0	0	0	0	0	0	0	0	0	2	0	2	0	0	0	8	0	0	0	0	0	0	0	5	0	385	1	0	0	0	4	0	6	0	0	27	0	0	0	12	0	6	76	0	503	7	0	55	0	0	0	0	73	0	15	0	0	0	21	4	0	0	10	0	0	0	0	0	0	0	1	0	0	0	0	0	0	0	0	14	0	0	0	0	0	0	0	0	0	25	37	0	0	0	380	20	0	0	152	0	0	0	1	0	0	0	0	0	0	0	0	0	0	0	0	0	0	0	0	0	0	0	53	0	0	0	0	138	0	0	1431	0	0	15	0	0	0	0	0	0	0	0	0	0	0	0	0	0
SRR11605068	11240	0	0	0	3	7	0	0	0	0	0	0	0	0	11	0	0	0	0	0	12	0	127	0	5	0	0	0	4	0	0	0	0	0	0	0	0	0	0	18	0	0	0	0	0	0	0	0	36	0	3	0	196	0	0	18	0	0	0	0	18	66	0	0	0	0	0	0	0	0	0	0	0	0	0	0	0	0	0	0	0	0	23	0	0	0	0	0	0	0	0	40	0	0	0	60	0	0	0	0	5	56	0	0	0	5	0	0	5	0	0	0	0	0	3	0	0	0	0	0	0	17	0	0	0	0	0	0	4	0	0	36	0	0	27	0	6	0	0	0	0	175	2	0	0	0	1	0	2	15	1	6	12	0	0	0	0	0	760	0	0	0	0	0	3333	0	0	0	0	0	0	0	9	142	0	0	0	0	0	0	0	0	0	0	0	0	0	0	0	0	0	0	0	0	0	0	0	145	0	6	0	0	10	0	0	0	0	65	32	0	5	0	0	0	0	0	0	0	0	0	0	0	0	0	0	14	0	21	0	0	0	0	0	0	0	5	0	0	128	0	0	6	0	0	3	0	30	29	0	143	0	0	0	0	0	0	0	0	0	0	0	0	0	0	0	2	0	0	0	0	0	0	0	0	0	0	0	0	0	0	0	2	0	0	0	0	26	0	0	0	0	0	0	0	0	172	1	3	0	10	0	0	0	0	0	0	0	0	0	2	0	0	0	1	0	0	0	0	0	0	9	8	0	0	0	0	0	0	0	0	0	0	0	0	0	0	2	7	3	0	0	0	1	0	3	0	3	8	0	0	0	0	0	0	0	0	0	6	0	11	150	0	0	0	0	73	0	4	0	54	4	0	0	6	0	8	0	0	0	0	0	0	0	4	0	0	0	0	0	0	0	88	0	0	0	0	14	0	0	0	0	2	0	0	3	0	0	0	0	0	12	0	0	0	0	0	0	0	39	0	0	3	0	0	0	0	20	2	0	0	0	0	0	0	0	0	0	0	0	0	13	0	9	0	7	0	10	0	25	0	0	0	0	0	0	0	0	0	672	0	0	0	2	25	0	0	4	0	35	13	0	10	3	0	26	31	0	168	1	0	56	0	0	0	0	24	0	0	0	0	0	3	22	0	0	12	0	0	0	0	2	0	0	3	4	0	0	0	0	0	0	0	3	0	0	0	0	0	0	0	0	0	0	47	0	0	0	558	7	0	0	603	0	0	2	0	0	0	0	0	0	0	0	0	0	0	1	0	0	0	0	0	0	0	0	6	0	0	0	0	75	0	0	2043	0	0	14	0	0	0	0	0	0	0	0	0	0	0	24	0	0
SRR11605073	19477	0	0	0	0	17	0	15	0	0	0	0	0	0	0	0	0	0	0	0	10	0	12	0	0	0	0	0	32	0	0	0	0	0	0	0	0	0	0	36	0	0	0	0	0	0	0	0	2	0	33	0	231	0	2	19	1	0	0	5	38	3	0	0	0	0	0	0	0	0	0	0	0	0	0	0	0	0	0	0	0	0	93	0	0	0	0	0	0	5	0	213	0	0	0	0	0	0	0	0	0	5	0	4	0	0	0	0	11	0	0	0	0	0	0	0	0	0	0	12	0	0	0	0	0	0	0	0	0	0	0	253	0	0	42	0	69	0	0	0	16	12	0	0	0	0	6	0	9	151	0	43	0	0	0	13	0	0	52	0	0	5	0	0	1677	0	0	0	0	0	0	7	66	888	0	0	0	0	0	0	0	0	8	0	0	0	0	0	0	0	0	0	5	0	0	0	0	510	0	20	0	0	35	0	0	0	0	130	291	0	0	0	0	0	0	23	0	0	0	0	0	0	0	8	0	44	0	58	0	5	0	0	0	0	0	14	0	0	24	0	0	0	0	0	13	0	196	0	0	25	0	0	0	0	0	0	0	0	0	0	0	0	0	0	0	0	0	0	0	0	0	1	0	0	0	0	6	0	0	0	0	0	0	0	4	0	5	0	0	10	0	0	0	0	0	682	0	0	0	5	0	0	0	0	0	0	1	0	0	0	0	0	0	76	0	27	0	0	2	0	0	17	0	0	0	0	0	0	0	0	0	0	0	0	0	0	0	36	5	0	0	0	0	0	3	0	5	15	0	0	0	0	0	0	0	0	0	0	0	160	0	0	0	0	0	13	0	0	0	15	0	0	0	0	0	31	0	0	0	0	0	0	0	0	0	0	0	0	0	0	0	597	0	2	0	0	134	0	0	0	0	0	0	0	0	0	0	0	0	0	18	0	0	0	0	0	0	1	49	0	0	0	0	0	0	0	0	0	0	0	0	0	0	0	0	0	0	0	0	0	28	0	11	0	0	0	0	0	48	0	0	0	0	0	0	0	69	0	616	0	0	0	0	0	0	0	0	0	349	0	0	0	42	0	105	0	0	59	0	6	394	0	0	0	0	185	0	0	0	0	0	0	10	0	0	41	0	0	0	0	0	0	0	0	0	0	3	0	0	0	0	6	0	0	0	0	0	0	0	0	0	0	0	15	0	0	0	4582	38	0	0	59	0	0	0	0	0	0	0	0	0	3	0	0	0	0	0	0	0	0	0	0	0	0	0	88	0	0	0	0	445	0	0	4833	0	0	2	0	0	0	0	0	0	0	0	0	0	0	3	0	0
SRR11605080	5722	0	0	0	0	11	0	0	0	0	5	0	9	0	0	0	0	0	0	0	10	0	11	0	0	0	0	0	0	0	0	0	0	0	0	0	0	0	0	77	0	0	0	0	0	0	0	0	0	0	6	0	51	0	0	71	2	0	0	0	5	18	0	0	0	0	0	0	0	0	0	0	0	0	0	0	0	0	1	0	8	0	0	12	0	0	0	0	0	0	0	40	0	0	0	0	0	0	0	0	5	0	0	16	0	0	0	0	7	0	6	0	0	0	3	0	0	13	0	26	0	0	0	0	0	0	0	0	0	0	0	38	0	0	15	0	5	0	0	0	0	41	0	0	0	0	27	0	1	117	5	15	0	0	0	0	0	0	27	0	15	4	0	0	1417	0	0	0	0	0	0	12	14	237	0	6	0	0	0	0	3	0	0	0	0	0	0	0	0	0	0	0	0	0	14	0	0	82	0	15	0	0	26	0	0	0	0	8	24	0	0	0	0	0	0	0	0	0	0	0	0	0	0	0	0	1	0	12	0	0	0	0	4	0	0	0	0	0	0	0	0	0	0	0	0	0	42	0	0	0	0	0	0	0	5	0	9	0	0	0	0	0	0	0	0	0	0	0	0	0	0	7	0	0	0	0	0	0	0	0	0	0	0	0	0	0	6	0	0	0	0	0	4	0	0	127	0	0	0	0	0	6	0	0	2	0	0	0	0	2	0	0	0	0	0	0	0	14	0	0	0	0	0	22	0	0	0	0	0	0	0	0	0	0	0	0	16	12	0	0	10	0	0	0	4	0	0	5	0	0	0	0	0	0	0	0	0	0	0	21	0	0	0	0	0	15	0	0	0	1	28	0	0	1	0	0	0	0	0	0	0	0	0	0	0	1	0	0	0	0	0	95	0	0	0	7	24	0	7	0	0	0	0	21	0	0	0	0	0	0	1	0	0	0	12	0	0	0	7	0	0	0	0	0	0	0	0	35	0	0	0	0	0	0	9	0	6	0	52	28	0	0	0	34	0	0	0	0	24	0	0	0	0	0	0	0	7	0	56	0	0	0	0	0	1	0	0	0	17	0	0	16	0	0	3	0	6	133	0	0	30	0	0	0	0	11	0	0	0	0	0	0	0	0	3	12	0	9	0	0	0	0	13	0	0	0	0	0	0	0	0	0	0	0	0	0	0	0	0	0	0	0	0	7	0	12	0	64	22	0	0	44	0	0	45	45	0	0	0	0	7	37	0	0	0	0	0	0	0	0	0	18	0	0	0	0	0	0	0	0	83	0	0	1680	0	0	7	0	0	13	0	0	0	1	0	0	0	0	0	0	0
SRR11605081	39909	0	0	0	0	0	2	0	0	0	0	0	0	0	26	0	0	0	0	0	20	0	19	0	160	0	0	0	0	12	0	0	0	0	0	0	0	0	0	36	0	0	0	0	0	0	0	0	0	128	12	8	80	0	0	70	0	0	0	0	7	0	0	0	0	13	0	0	0	0	0	0	0	0	0	0	0	0	0	0	0	0	19	7	8	0	0	0	0	0	0	84	0	0	0	5	0	0	3	0	0	0	0	0	0	0	10	2	14	0	0	0	0	0	0	0	0	16	0	10	0	0	0	0	0	0	0	0	4	0	0	11	0	0	0	0	0	0	0	0	0	1	0	0	0	0	106	0	6	139	0	39	19	0	0	0	0	0	189	0	44	0	0	0	4770	0	0	4	0	0	0	0	38	350	0	71	0	0	0	0	0	0	0	0	0	0	0	0	0	0	0	0	7	0	17	0	0	81	0	29	0	0	0	0	0	0	0	16	31	0	0	0	0	0	0	0	0	0	0	0	0	0	5	0	0	19	0	11	0	0	0	0	0	0	0	103	0	0	26	0	0	0	29	0	317	0	11	51	0	218	0	0	0	0	21	0	17	0	0	0	0	8	0	0	0	0	0	0	10	5	0	0	0	7	0	0	0	0	0	0	0	26	0	0	0	0	159	0	11	0	0	0	0	0	0	127	0	15	0	1	1	0	0	0	0	0	0	0	0	0	0	0	0	12	0	0	0	0	0	0	0	0	0	15	0	0	7	0	0	0	0	0	0	0	0	0	122	0	0	0	0	0	39	0	0	0	30	6	0	0	0	0	32	0	0	0	5	18	0	0	0	0	2	0	0	31	0	0	0	59	0	0	0	0	0	0	0	45	0	5	0	0	3	10	0	26	0	6	0	0	114	134	0	12	0	0	0	21	36	0	0	0	0	0	0	0	0	0	0	0	1	0	0	0	0	0	0	0	3	0	0	0	18	0	0	0	0	43	0	0	0	0	0	0	0	0	61	0	153	0	4	0	3	124	0	0	0	0	41	0	0	12	0	0	0	0	0	6	145	0	0	0	0	2	0	0	0	0	10	0	0	0	0	0	0	0	20	310	0	0	90	0	0	0	16	3	0	17	0	0	0	6	19	11	0	0	0	0	0	0	0	0	110	46	0	0	16	0	0	4	0	0	6	5	0	0	0	0	0	3	0	0	0	37	0	0	0	2284	33	0	38	884	0	0	112	13	0	0	0	14	0	3	0	0	0	0	0	0	0	0	0	12	0	0	0	0	0	0	0	0	58	0	0	25888	0	0	100	0	0	0	0	0	0	28	357	0	0	0	9	0	0
SRR11605082	181223	0	0	0	0	412	0	239	0	0	0	6	0	0	0	0	0	0	0	0	39	0	34	0	0	1	0	0	666	0	0	0	0	0	0	41	0	0	0	583	0	0	0	0	0	0	0	0	0	0	180	0	2222	0	0	2	10	0	0	0	416	23	0	0	0	0	0	16	0	0	0	0	0	6	0	0	0	0	0	0	0	0	1150	0	0	0	0	0	0	32	0	1689	7	0	0	0	0	0	0	0	0	0	0	4	0	0	0	0	2	0	9	3	0	0	81	35	0	0	0	0	0	0	0	0	0	0	0	0	2	0	0	3463	0	0	417	0	1198	0	0	0	152	91	51	0	0	0	0	0	35	1311	0	245	0	0	0	357	0	6	106	0	0	135	0	0	21823	0	6	0	0	0	0	176	383	12703	0	9	0	0	0	0	0	0	24	0	0	0	0	0	0	0	0	0	8	0	0	0	0	6865	0	232	0	0	305	0	0	0	0	990	2099	0	0	0	0	0	0	136	0	0	0	0	0	0	0	0	0	165	0	993	0	0	0	0	0	0	0	3	0	0	189	0	0	41	0	0	88	0	2466	0	0	48	0	0	0	0	0	0	0	0	0	4	0	0	0	0	0	0	0	0	0	13	12	40	0	0	0	0	6	0	0	0	0	0	0	0	120	0	256	0	0	15	7	2	0	0	0	9754	0	0	0	2	1	2	0	0	0	0	61	0	0	0	0	0	0	909	0	103	0	0	19	0	4	85	0	0	0	0	0	0	0	0	0	0	5	0	0	0	4	202	188	0	0	0	0	0	0	0	0	47	0	0	0	0	5	0	6	0	0	0	0	1054	0	0	0	0	0	63	0	21	0	181	0	0	0	0	0	97	57	0	0	11	4	0	0	33	0	0	0	0	0	0	0	8777	0	0	0	0	1327	0	28	0	0	11	0	0	0	6	0	0	0	31	23	0	0	0	5	0	24	0	882	0	0	0	0	0	0	5	2	5	33	0	0	0	0	0	0	0	61	0	427	0	5	0	0	46	0	0	0	0	975	0	0	0	0	0	4	0	856	0	7392	0	0	0	0	0	0	0	0	0	3454	0	0	0	218	0	1301	0	0	238	0	0	5151	0	0	0	0	1761	0	34	0	0	0	2	3	0	0	884	0	0	0	0	0	0	0	6	0	0	0	0	0	0	0	0	6	0	8	0	0	0	0	0	0	0	14	8	0	0	0	3087	351	0	0	789	3	0	65	0	0	0	0	0	0	0	0	0	0	0	0	2	0	0	0	6	0	0	0	1285	36	10	0	0	5705	14	35	57157	0	0	0	0	7	0	0	0	10	0	26	0	0	0	0	0	0
SRR11605083	80110	0	0	0	0	0	0	0	0	0	0	0	0	0	0	0	0	0	0	0	18	86	901	0	6	0	0	0	119	0	0	0	0	0	0	0	0	0	2	106	0	0	0	0	0	0	0	0	0	0	0	0	667	0	0	4	0	0	0	0	0	15	0	0	0	0	0	0	0	0	0	0	0	0	0	0	0	0	0	8	0	0	35	21	0	0	0	0	0	0	0	503	0	0	0	0	0	0	0	0	0	0	0	0	0	0	0	0	1	0	0	0	0	0	5	0	0	2338	0	608	0	0	16	0	0	0	0	0	3	0	0	30	0	0	2	0	0	0	0	0	0	61	0	0	0	0	87	0	21	117	0	0	2	0	0	7	0	0	526	0	2847	0	0	0	14633	0	0	0	0	0	0	0	553	3894	0	0	0	0	0	0	0	0	0	0	0	0	0	0	0	0	0	0	8	0	0	0	0	17	0	75	0	0	6	0	0	0	0	3	4	0	1	0	0	0	0	0	0	0	0	0	0	0	0	0	0	918	0	0	0	0	0	0	0	0	0	0	0	0	1	0	0	49	7	0	0	0	31	0	0	3	0	0	0	0	0	0	0	0	0	0	0	0	0	0	15	0	0	0	0	0	0	0	0	0	0	0	9	0	0	0	0	0	0	0	0	0	16	0	0	0	0	0	1318	0	0	59	0	0	0	0	0	0	0	0	0	0	0	0	0	5	0	0	0	1178	11	0	0	0	0	0	0	0	0	6	0	0	0	0	0	0	0	0	5	0	0	0	2	9	0	0	0	0	0	0	0	0	0	7	0	0	0	0	0	0	0	0	353	0	0	33	0	0	7	0	0	1	0	0	0	0	0	0	0	0	0	0	0	0	0	0	0	0	0	0	0	1125	7	4	0	0	0	44	0	0	0	1303	13	0	38	6	0	12	0	0	0	0	0	0	0	0	0	0	0	8	0	0	0	0	198	0	0	0	6	4	0	0	0	23	0	0	0	0	102	0	0	0	7	0	3450	0	0	0	4	16	0	0	0	0	8	0	0	0	0	0	0	0	10	0	540	0	0	0	0	0	645	0	0	1171	27	43	0	384	0	0	13	0	437	84	0	0	37	0	0	0	6	24	7	0	0	0	0	0	0	0	0	0	0	0	0	0	0	0	1535	0	0	0	0	0	0	0	0	0	0	0	0	1738	0	0	0	0	0	0	0	33	0	0	0	589	23	0	0	1237	0	0	4630	12	0	0	2	0	0	73	0	0	0	0	0	0	0	0	0	2120	0	0	0	20	0	0	0	0	23	0	0	24693	0	0	1	0	0	0	0	0	0	1176	0	0	0	0	0	0	0
SRR11605084	55795	0	0	0	0	0	3	9	0	0	0	0	0	0	3	0	0	0	0	0	31	0	1	13	17	7	0	0	0	0	0	0	0	0	0	9	0	0	6	18	0	0	0	0	13	0	0	0	0	0	0	0	21	0	0	24	0	0	48	0	37	64	0	0	0	0	0	0	0	0	12	0	0	0	0	0	7	0	1	88	0	0	4	20	0	0	0	0	0	6	0	13	0	0	0	96	0	0	14	4	25	3	0	0	0	0	0	0	11	0	4	0	0	0	0	0	0	2	0	0	0	0	0	0	0	0	0	0	101	0	0	0	0	0	0	0	13	14	0	0	0	0	0	0	0	0	648	16	11	22	10	0	63	0	0	12	0	0	168	0	0	0	0	0	41633	0	0	0	0	0	0	0	7	202	0	60	0	0	0	0	0	0	0	0	0	0	0	0	0	0	0	0	0	0	16	224	0	66	0	53	0	0	0	0	0	0	0	0	9	0	11	0	0	0	0	0	0	0	0	0	0	0	0	0	0	25	0	10	0	0	0	0	0	0	0	316	0	0	39	0	0	0	158	0	41	0	16	373	0	716	0	0	0	0	3	0	15	0	0	0	4	0	0	0	0	0	0	0	0	0	0	0	0	0	0	0	0	0	0	0	0	1	0	0	7	0	16	0	0	0	0	0	5	0	0	100	8	0	0	5	0	0	0	18	0	0	0	19	0	0	0	0	0	0	0	0	0	0	0	0	0	0	0	0	0	0	4	76	0	11	13	23	5	0	2	0	0	0	0	0	0	0	20	0	0	0	12	68	0	0	0	0	0	0	0	0	0	0	0	34	0	25	0	0	0	28	0	0	0	537	0	0	3	0	0	0	0	0	0	0	0	0	0	17	13	49	38	258	0	0	0	63	6	0	25	83	0	0	0	0	0	5	0	0	0	0	0	0	0	0	91	0	0	0	0	0	0	0	16	0	0	0	0	0	0	0	23	0	0	0	0	0	0	0	0	0	263	0	440	0	92	0	40	20	0	0	0	0	0	11	0	0	0	0	23	0	0	30	66	0	0	0	0	0	0	0	18	0	51	0	0	0	0	0	0	0	5	342	0	0	82	0	0	0	0	34	0	5	0	0	0	0	24	0	0	9	0	0	0	0	0	0	124	14	0	0	0	0	0	0	0	0	46	0	0	0	0	0	0	0	6	0	0	7	0	0	0	627	31	0	0	1362	0	0	225	413	0	0	0	0	8	12	7	2	0	0	0	6	0	0	0	0	0	0	0	0	0	0	0	0	55	0	0	3809	0	8	28	0	0	6	0	0	3	0	0	0	4	0	1	0	0
SRR11605085	21789	0	0	0	0	0	0	6	0	0	0	0	0	0	2	0	0	0	0	0	35	0	10	0	7	0	0	0	10	0	0	0	0	0	0	0	0	0	1	15	0	0	0	0	0	0	0	0	0	0	0	0	56	0	0	4	0	0	0	0	0	5	0	0	0	0	0	0	0	0	0	0	0	0	0	0	0	0	0	0	0	0	12	0	0	0	0	0	0	0	0	13	0	0	0	2	0	0	0	0	1	0	0	0	0	0	0	19	3	0	0	0	0	0	0	0	0	3	0	6	0	0	0	0	0	0	0	0	2	0	0	28	0	0	0	0	23	0	0	0	7	6	0	0	0	0	11	0	0	38	0	0	14	0	0	0	0	0	201	0	0	0	0	0	17283	0	0	0	0	0	0	0	0	130	0	14	0	0	0	0	0	4	0	4	0	0	0	0	0	0	0	1	0	0	0	0	0	59	0	21	0	0	0	0	0	0	0	5	27	0	0	0	0	4	0	0	0	0	0	0	0	0	0	0	0	0	0	3	0	0	0	0	0	0	0	2	0	0	3	0	0	0	0	0	8	0	18	18	0	177	0	0	0	0	0	0	0	0	0	0	4	3	0	0	0	0	0	0	0	0	0	6	0	3	0	0	0	0	5	0	0	0	0	0	0	0	6	0	0	0	0	0	0	5	3	67	3	0	4	1	0	0	0	0	0	0	0	0	0	0	0	0	0	0	0	0	0	0	0	0	0	0	8	0	0	0	0	0	0	0	0	0	0	0	0	0	6	0	0	0	0	0	4	0	0	0	0	5	0	0	0	0	0	0	0	0	0	0	0	10	18	0	0	0	0	4	0	0	0	19	0	0	0	0	0	0	0	0	0	0	0	0	0	6	0	0	6	0	0	0	0	80	0	0	0	0	4	0	8	0	0	0	0	0	0	0	0	0	0	0	21	0	0	0	0	0	0	0	4	0	3	0	0	0	0	0	19	0	0	0	0	0	0	0	0	0	0	0	0	0	0	0	5	0	0	0	0	0	16	0	0	0	0	0	0	5	0	0	51	0	0	0	0	0	0	0	0	0	70	2	0	0	0	0	0	0	0	325	1	0	86	0	4	0	0	30	0	9	0	0	0	0	16	0	0	5	0	0	0	0	0	0	2	0	0	0	0	0	0	0	0	0	0	0	0	0	0	0	0	0	0	0	0	10	0	0	0	541	0	0	0	305	0	0	0	0	0	0	0	0	0	1	0	0	0	0	0	0	0	0	0	0	0	0	0	0	0	0	0	0	99	0	0	1530	2	0	4	0	0	0	0	0	0	0	14	0	0	0	0	0	0
SRR11605086	17948	0	0	0	0	4	0	0	0	0	0	0	0	0	0	0	0	0	0	0	63	0	19	0	2	0	0	0	0	0	0	0	0	0	0	6	0	0	0	19	0	0	0	0	0	0	0	0	0	0	0	0	7	0	0	22	0	0	27	0	7	12	0	0	0	0	0	0	0	0	0	0	0	0	0	0	0	0	0	51	0	0	6	11	0	6	0	0	0	0	0	12	0	0	0	0	0	0	0	0	0	14	0	0	0	0	0	9	2	0	1	0	0	0	5	6	0	4	0	0	0	0	0	0	0	15	16	0	0	6	0	16	0	0	0	0	0	0	0	0	0	12	0	0	0	0	559	0	3	22	10	7	48	0	0	0	0	0	32	0	0	0	0	0	3922	0	0	0	0	0	0	0	9	138	0	3	0	0	0	0	0	0	8	0	0	0	0	5	0	0	0	2	0	0	0	0	0	44	9	6	0	0	3	0	0	0	0	0	53	0	0	0	0	0	0	0	0	0	0	0	0	0	0	0	0	0	0	0	0	8	0	0	0	4	0	1	0	0	1	6	0	0	123	0	53	0	4	0	0	8	0	0	0	0	3	0	13	0	0	0	2	0	0	0	0	0	0	0	0	0	0	0	0	0	10	6	0	0	0	0	0	3	0	0	0	0	41	0	0	0	0	0	0	0	0	46	0	0	0	0	1	0	0	0	0	0	0	0	0	0	27	0	0	13	0	0	0	0	0	0	0	0	0	0	10	0	0	66	0	0	14	16	0	0	0	0	5	0	4	0	0	0	1	0	0	0	5	5	0	0	0	0	0	0	0	0	0	0	0	0	0	0	0	0	0	7	5	0	0	17	0	0	0	5	0	0	0	0	0	0	0	0	0	4	18	27	25	172	0	0	0	63	0	0	0	59	2	0	8	0	0	0	0	0	0	0	0	0	0	0	0	0	0	0	0	0	0	0	16	0	0	0	0	0	0	0	0	12	0	0	0	0	0	0	0	0	242	0	358	0	14	0	3	12	2	0	0	0	0	0	0	0	0	0	53	0	13	0	33	0	0	0	0	0	0	0	9	0	35	0	0	1	0	0	6	9	6	270	0	0	20	4	0	0	0	14	0	0	0	0	0	3	4	0	0	0	0	0	0	0	0	0	72	0	0	0	0	0	0	0	0	0	0	0	0	0	0	0	0	0	0	0	0	3	0	0	0	227	8	0	0	45	0	0	196	166	0	0	0	0	0	5	0	0	0	0	3	0	0	0	0	0	0	0	0	5	0	0	0	0	46	0	0	9823	0	0	13	0	0	15	0	0	0	0	0	0	0	0	8	0	0
SRR11605087	19054	0	0	0	0	0	0	0	0	0	0	0	0	0	0	0	0	0	0	0	22	0	7	0	0	0	0	0	0	0	0	0	0	0	0	14	0	0	0	19	0	0	0	9	0	24	0	0	0	0	0	0	22	0	0	8	0	0	56	0	15	9	0	0	0	0	0	0	0	0	14	0	0	0	0	0	0	0	0	73	0	0	15	75	0	0	0	0	0	0	0	20	0	0	0	0	0	0	0	0	0	0	0	0	6	0	0	0	4	0	0	0	0	0	0	0	8	0	0	6	0	0	0	0	0	0	0	0	0	0	0	11	0	0	0	0	28	0	0	0	0	34	0	0	0	0	1496	0	0	20	0	12	110	0	0	0	0	0	657	0	24	6	0	0	4139	0	0	0	0	0	0	0	7	114	0	8	5	0	6	0	0	5	0	0	0	0	0	0	0	0	0	1	0	0	0	0	0	54	0	0	0	0	0	0	0	0	0	0	11	0	0	0	0	0	0	0	0	0	0	17	0	0	0	0	0	11	0	34	0	8	0	0	0	18	0	0	0	0	4	0	0	0	352	0	5	0	29	0	0	8	0	26	11	0	0	0	0	0	0	0	0	0	0	0	0	0	0	0	9	0	6	3	0	0	55	0	0	0	12	0	0	0	0	0	0	0	0	0	0	0	0	0	0	0	0	64	0	0	0	0	0	0	7	0	0	0	9	0	0	0	14	19	0	9	0	7	0	0	0	14	0	0	0	0	0	0	0	142	0	0	18	24	0	0	0	0	0	0	0	0	0	0	6	0	0	0	0	3	0	0	0	0	0	0	0	0	0	0	0	0	0	0	0	0	0	24	0	0	0	0	0	0	0	0	0	0	0	0	0	0	0	0	0	0	54	136	50	394	0	0	0	39	0	0	14	168	0	0	0	0	0	0	0	0	0	0	0	0	0	0	9	0	0	0	0	0	0	0	0	0	0	0	0	0	0	0	16	0	0	0	0	0	0	0	0	0	602	0	679	0	0	31	0	0	0	0	0	11	0	0	0	0	13	0	72	0	8	0	168	0	0	0	0	0	0	0	20	0	25	0	0	7	0	0	0	0	0	192	0	0	33	0	0	0	15	2	0	0	0	0	0	0	2	0	0	0	0	9	0	0	0	0	202	0	0	0	0	0	0	0	0	0	0	0	0	0	0	0	0	0	0	0	0	39	0	0	0	862	17	0	0	12	0	0	420	547	0	12	0	0	0	0	0	0	0	0	0	0	0	0	0	0	0	0	0	6	0	0	0	0	6	0	0	5984	0	0	0	0	0	30	0	0	0	0	4	0	0	0	2	0	0
SRR11605089	17403	0	0	0	0	15	0	0	0	0	0	0	0	0	0	0	0	0	3	0	87	0	45	0	13	0	0	0	12	0	4	0	0	0	0	0	0	0	8	42	0	0	0	0	0	0	0	0	8	0	0	0	29	0	0	14	35	0	17	0	0	743	0	0	0	0	0	0	0	0	0	0	0	0	0	0	0	0	238	49	0	0	18	12	0	0	0	0	0	0	0	23	0	0	0	0	0	0	0	0	0	19	0	0	0	0	0	0	41	0	0	11	0	0	0	0	0	0	0	7	0	0	0	0	0	0	0	0	0	0	0	76	0	0	1	0	14	0	0	10	17	68	11	0	0	0	23	0	0	57	0	24	0	0	7	9	0	0	284	0	0	0	0	0	2208	0	0	0	0	0	0	27	85	272	0	9	0	0	0	0	0	0	17	0	0	0	0	0	0	0	11	0	0	0	0	0	22	103	0	40	0	0	19	0	0	0	0	48	68	0	1	0	0	0	0	0	0	0	0	0	13	0	0	0	0	10	0	6	0	0	0	0	0	0	0	0	0	0	5	0	0	0	66	0	126	0	76	0	0	4	0	0	0	0	0	12	0	0	0	0	0	29	0	0	0	0	0	0	0	0	0	8	0	0	0	0	0	0	102	0	0	0	0	0	0	0	28	0	0	0	0	0	0	0	0	71	0	0	0	0	0	0	0	0	0	0	0	0	0	0	0	0	0	12	0	0	0	0	0	0	0	0	0	0	0	0	0	0	0	0	0	0	0	0	2	0	8	1	0	0	0	0	27	0	0	0	31	18	7	0	0	0	0	0	0	0	7	0	0	17	0	12	0	0	0	44	0	0	0	8	0	0	0	8	0	0	0	0	0	0	0	0	32	0	0	0	0	23	0	0	0	158	0	0	0	0	8	0	0	0	0	0	7	0	0	1	0	0	21	0	22	0	0	0	0	0	11	7	0	0	0	0	0	0	0	0	0	0	0	0	0	0	0	0	0	0	10	0	45	0	2	0	0	0	0	0	0	0	3	0	0	0	0	0	0	0	20	0	273	0	0	0	0	10	0	0	0	0	54	0	0	0	0	0	38	11	0	716	24	0	97	0	0	0	0	24	0	0	0	0	0	4	11	5	0	19	0	0	0	0	0	0	1	0	0	0	0	0	0	0	0	0	37	0	0	0	0	0	0	0	0	0	7	45	0	0	0	1605	13	0	0	102	0	0	13	9	0	0	0	0	0	0	0	0	0	0	0	5	0	0	0	0	0	0	0	45	0	0	0	9	154	0	0	7900	0	0	7	0	0	0	0	0	0	0	0	0	0	0	13	0	0
SRR11605090	13634	0	0	0	0	2	0	0	0	0	0	0	0	0	0	0	0	0	0	0	10	0	14	1	6	0	0	0	0	0	0	0	0	0	0	0	0	0	0	0	0	0	0	0	0	0	0	0	0	0	0	0	6	0	0	0	5	0	0	0	10	28	0	0	0	0	0	0	0	0	0	0	0	0	0	0	0	0	0	0	0	0	0	0	0	0	0	0	0	2	0	0	0	0	0	0	0	5	0	2	0	4	0	0	0	0	0	0	0	0	9	0	0	0	0	0	0	0	0	0	0	0	0	0	0	0	0	0	9	0	0	7	0	0	0	0	0	0	0	0	0	5	0	0	0	0	0	0	0	0	0	0	0	7	0	0	0	0	50	0	0	0	0	0	1255	0	0	0	0	0	0	0	5	49	0	0	0	0	0	0	0	3	1	0	0	0	0	0	0	0	0	0	0	0	0	6	0	17	0	0	0	0	0	0	0	0	0	4	0	0	0	0	0	0	0	0	0	0	0	0	0	0	0	0	0	0	0	0	0	0	0	0	0	0	0	8	0	0	17	0	0	0	0	0	30	0	9	10	0	21	0	0	0	0	0	0	4	0	0	0	3	0	0	0	0	0	0	0	0	0	0	0	0	0	0	0	0	0	0	0	0	0	0	0	0	0	2	0	0	0	0	0	0	0	0	6	0	0	2	1	0	0	0	0	0	0	0	0	0	0	0	0	0	0	0	0	0	0	0	0	7	0	0	0	0	0	0	0	0	0	0	0	0	0	2	0	0	0	0	0	0	0	0	0	0	0	0	0	0	0	0	0	0	0	0	0	0	0	0	0	0	0	0	0	0	22	0	0	0	11	0	0	0	6	0	0	0	0	0	0	0	0	0	0	0	0	0	0	0	0	0	34	0	0	0	0	0	0	0	0	0	0	0	0	0	0	0	0	0	0	14	0	0	0	0	0	0	0	19	0	0	0	0	0	0	0	4	0	0	0	0	0	0	0	0	0	0	0	0	0	2	0	8	0	0	0	0	0	15	0	0	0	0	0	0	0	10	4	76	0	0	0	0	0	0	0	0	0	3	0	0	0	0	0	5	3	0	62	0	0	8	0	0	0	0	0	0	0	0	0	0	0	3	0	0	0	0	0	0	0	0	0	0	0	0	0	6	0	0	0	0	0	0	0	0	0	0	0	0	0	0	0	2	0	0	0	0	60	0	0	0	146	0	0	0	0	0	0	0	0	0	0	0	0	0	0	6	0	0	0	0	0	0	0	0	0	0	0	0	0	15	0	0	11391	0	0	10	0	0	0	0	0	1	0	32	0	0	0	3	9	0
SRR11605091	14247	0	0	0	0	0	0	0	0	0	0	0	0	0	0	0	0	2	0	0	34	0	62	0	9	0	0	0	11	0	0	0	0	0	0	2	0	0	0	36	0	0	0	0	0	0	0	0	6	0	0	0	2673	0	0	18	66	0	44	0	0	4	0	0	0	0	0	0	0	0	0	0	0	0	0	0	0	9	0	12	0	0	11	34	0	0	0	0	0	3	0	54	0	0	0	0	0	0	0	0	7	7	0	22	0	0	0	0	0	0	4	0	0	0	0	0	0	16	0	0	8	0	0	0	0	0	0	9	9	0	0	5	0	0	0	0	8	0	0	0	0	21	11	0	0	0	421	0	2	42	0	0	25	0	0	0	0	0	263	0	0	0	0	0	1385	0	0	0	0	0	0	0	11	161	0	5	0	4	0	0	0	0	0	0	0	0	0	0	0	0	0	17	0	0	0	0	0	79	0	3	0	0	10	0	0	0	0	14	30	0	0	0	0	0	7	0	0	0	0	0	0	9	0	0	0	12	0	6	0	0	0	0	0	0	0	0	0	0	0	0	0	161	73	0	99	5	42	1	6	5	2	0	0	0	0	0	0	0	0	0	4	0	5	4	0	0	0	0	0	0	0	5	0	0	0	0	0	0	0	0	0	0	0	0	0	0	13	0	0	8	0	0	0	0	0	58	0	0	0	0	0	0	0	0	0	0	0	0	0	2	0	0	0	0	0	0	0	0	0	0	7	0	0	0	0	0	0	20	0	0	10	0	0	0	17	0	0	2	9	0	0	0	22	0	5	4	4	2	0	0	0	0	0	0	0	0	0	0	0	0	0	0	0	0	0	97	0	0	0	1	0	0	0	4	0	0	0	9	0	2	0	0	0	0	7	38	33	161	0	0	0	40	0	0	0	119	3	0	1	0	0	0	6	0	0	0	0	0	0	13	7	0	0	0	0	0	0	0	10	0	0	8	0	0	0	0	5	0	0	0	0	13	0	0	0	0	237	0	309	0	0	0	0	17	0	3	0	0	14	0	0	0	0	9	25	0	15	0	179	0	0	0	0	0	0	7	0	0	21	127	0	42	0	0	33	9	0	602	2	0	27	0	0	0	0	0	0	0	0	0	0	0	26	0	0	17	0	0	0	0	0	0	84	6	0	0	0	0	11	0	0	0	0	0	0	0	0	0	0	0	0	0	0	9	0	0	0	762	14	0	0	61	0	0	156	162	0	0	0	0	0	0	4	0	0	0	0	11	0	0	0	0	0	0	0	0	0	0	0	0	27	13	0	4287	0	0	9	0	0	12	0	0	0	0	0	0	0	0	3	0	0
SRR11605054	5824	0	0	0	0	0	0	0	0	0	0	0	0	0	0	0	0	0	0	0	11	0	3	0	1	0	0	0	0	0	0	0	0	0	0	0	0	0	0	7	0	0	0	0	0	0	0	0	0	4	0	0	9	0	0	4	14	0	14	0	11	17	0	0	0	0	0	0	0	0	0	0	0	0	0	0	0	0	0	20	0	0	12	22	0	0	0	0	0	0	0	60	0	0	0	0	0	0	3	0	8	0	0	0	0	0	0	0	2	0	6	0	0	0	0	0	0	0	0	0	0	0	0	0	0	0	6	0	0	0	0	11	0	0	6	0	11	0	0	0	8	5	0	0	0	0	363	0	4	20	0	0	17	0	0	0	0	0	217	0	0	0	0	0	624	0	0	0	0	0	0	0	0	216	0	0	0	0	0	0	0	0	0	3	0	0	0	24	0	0	0	0	0	0	0	0	0	43	0	4	0	0	0	0	0	0	0	4	0	0	0	0	0	0	0	16	0	0	0	0	0	0	0	0	0	6	0	0	0	0	0	0	0	0	0	0	0	0	0	0	0	0	30	0	9	0	16	1	0	0	0	0	0	0	0	0	0	0	0	0	0	0	0	0	0	0	0	0	0	5	0	0	0	0	15	0	0	0	0	0	0	0	0	0	0	0	2	0	0	0	0	0	0	0	0	293	0	0	0	0	0	0	0	0	0	0	0	0	0	0	0	0	0	0	0	0	6	0	0	0	0	0	0	0	0	0	0	13	0	0	2	4	0	0	0	6	0	0	0	0	5	0	6	0	0	0	0	12	0	0	0	0	0	0	0	0	0	0	0	0	0	0	0	0	0	28	0	0	0	3	0	0	0	0	0	0	0	0	0	0	0	0	0	0	38	39	32	59	0	5	0	75	0	0	0	42	24	0	0	0	0	0	0	0	0	0	0	0	0	0	10	5	0	0	0	0	0	0	19	0	0	0	0	0	0	0	0	0	0	0	0	0	0	0	0	0	124	0	332	0	0	0	0	11	0	0	0	0	30	0	0	0	0	0	6	0	10	0	60	4	0	0	0	5	0	0	0	0	27	0	0	2	8	5	0	0	2	122	0	0	15	0	0	0	0	15	0	0	0	0	0	0	0	0	0	0	0	0	0	0	0	1	15	0	0	0	0	0	0	0	0	0	0	0	0	0	0	0	0	0	0	0	0	15	0	0	0	178	11	0	0	19	0	0	126	59	0	0	0	0	0	0	0	0	0	0	0	0	0	0	0	0	0	0	0	14	0	0	0	0	15	0	0	1946	0	0	0	0	0	0	0	0	2	0	5	0	0	0	0	0	0
SRR11605055	32238	0	0	0	0	15	0	0	0	0	0	0	0	0	0	0	0	0	0	0	33	0	0	0	20	0	0	0	0	0	0	0	0	0	0	12	0	0	0	37	0	0	0	0	0	0	0	0	0	0	0	0	25	0	0	4	0	0	0	0	0	4	0	0	0	0	0	0	0	0	0	0	0	0	0	0	0	0	0	0	0	0	0	0	0	0	0	0	0	0	0	47	0	0	0	10	0	0	6	0	0	0	0	0	0	0	0	0	1	0	12	0	0	0	0	0	0	0	0	0	0	0	0	0	0	0	0	0	0	0	0	31	0	0	17	0	0	0	0	0	0	1	0	0	0	0	36	0	0	56	0	0	0	0	0	12	0	0	102	0	0	0	0	0	27868	0	0	0	0	0	0	0	0	337	0	0	0	0	0	0	0	0	0	0	0	0	0	0	0	0	0	0	0	0	0	0	0	22	0	3	0	0	0	0	0	0	0	6	9	0	0	0	0	0	0	0	0	0	0	0	0	0	0	0	0	1	0	0	0	0	0	0	0	0	0	0	0	0	26	0	0	0	0	0	0	0	2	0	0	3	0	0	0	0	0	0	2	0	0	0	0	0	0	0	0	0	0	0	0	0	0	4	0	0	0	0	0	2	8	0	0	0	0	0	0	0	0	0	0	0	0	0	0	0	0	22	0	0	0	3	0	0	0	0	0	0	0	0	0	0	0	0	0	35	0	0	0	0	0	0	0	12	0	0	0	0	0	0	0	0	0	0	11	0	0	0	0	0	6	0	0	0	1	0	0	0	0	0	0	0	0	0	0	0	0	0	0	0	0	0	0	0	0	0	0	24	0	0	0	0	0	0	0	0	0	0	0	0	0	0	0	0	0	7	0	0	0	0	0	0	0	62	0	0	0	0	0	0	0	0	0	0	0	0	0	0	0	0	0	0	0	0	0	0	0	0	0	0	4	0	0	0	0	0	0	0	9	0	0	0	0	0	0	0	0	0	91	0	281	0	15	0	6	28	0	0	0	0	10	0	0	0	0	0	0	0	8	0	160	0	0	0	0	0	0	0	0	0	26	4	0	2	0	0	8	0	13	427	0	0	33	0	0	0	0	53	0	0	0	0	0	0	2	0	0	5	0	0	0	0	0	0	0	0	0	0	0	0	0	0	0	0	0	0	0	0	0	0	0	0	0	0	0	24	0	0	0	948	42	0	0	58	0	0	85	8	0	0	0	0	0	2	0	0	0	0	0	0	0	0	0	0	0	0	0	13	0	0	0	0	59	0	0	764	0	0	0	0	0	0	0	0	0	0	0	0	0	0	93	0	0
SRR11605056	4632	0	0	0	0	0	0	0	0	0	0	0	0	0	0	0	0	0	0	0	48	0	20	0	12	0	0	0	5	0	0	0	0	0	0	0	0	0	0	3	0	0	0	0	0	0	0	0	0	0	6	0	26	0	0	6	6	0	0	0	5	3	0	0	0	0	0	0	0	0	0	0	0	0	0	0	0	0	0	0	0	0	12	0	0	0	0	0	0	0	0	64	0	0	0	0	0	0	0	0	0	0	0	8	0	0	0	8	4	0	0	0	0	0	6	0	0	0	0	11	0	0	0	0	0	0	0	0	0	0	0	46	0	0	0	0	23	0	0	0	0	1	0	0	0	0	9	0	0	39	0	0	17	0	0	0	0	0	52	0	0	0	0	0	304	0	0	0	0	0	0	0	2	157	0	4	0	0	0	0	0	0	3	0	0	0	0	0	0	0	0	6	0	0	0	0	0	94	0	19	0	0	0	2	0	0	0	18	13	0	0	0	0	0	0	0	0	0	0	0	0	0	0	0	0	6	0	0	0	0	0	0	0	0	0	0	0	0	2	0	0	0	0	0	25	0	22	2	0	18	0	0	0	0	0	0	0	0	0	0	7	6	0	0	0	0	0	0	0	0	0	6	0	0	0	0	0	0	0	0	0	0	0	0	0	0	0	0	0	0	0	0	0	0	0	58	0	0	0	6	0	0	0	0	0	0	0	2	0	0	0	0	0	14	0	0	0	0	0	0	8	6	0	0	0	0	0	0	0	0	0	0	0	0	1	0	0	0	0	0	0	0	6	0	0	0	1	4	0	7	0	0	0	0	0	0	0	0	0	7	0	0	0	0	0	77	0	0	0	8	0	0	0	8	0	7	0	0	0	6	0	0	0	0	0	0	0	0	0	0	0	136	0	0	0	0	20	0	0	0	3	0	0	0	0	0	0	0	0	0	0	0	0	0	0	0	0	11	0	0	0	0	0	0	0	0	1	0	0	0	0	0	0	0	0	0	31	0	118	0	0	0	24	22	0	0	0	0	0	0	0	0	0	0	0	0	0	0	123	0	0	0	0	0	0	0	0	0	15	0	0	12	0	0	4	0	6	499	0	0	44	0	0	0	0	29	15	0	0	0	0	0	36	0	0	11	0	0	0	0	0	0	0	2	0	0	0	0	0	0	0	0	0	0	0	0	0	2	0	0	0	0	0	17	0	0	0	437	37	0	0	169	0	4	22	0	0	0	0	0	0	0	0	0	0	0	4	0	5	0	0	0	0	0	0	9	0	0	0	0	45	0	9	1276	0	0	14	0	0	0	0	0	0	0	14	5	0	0	19	0	0
SRR11605058	53149	0	0	0	0	163	0	70	0	0	0	0	0	0	0	0	0	0	0	0	1	0	11	0	0	0	0	0	194	0	0	0	0	0	0	5	0	0	0	194	0	0	0	0	0	0	0	0	0	0	29	0	690	0	0	7	0	0	0	0	136	0	0	0	0	0	0	0	0	0	0	0	0	4	0	0	0	0	0	0	0	0	427	0	0	0	0	0	0	11	0	644	0	0	0	0	0	0	0	0	0	0	0	0	0	0	0	0	0	0	0	0	0	0	20	10	0	0	0	3	0	0	0	0	0	0	0	0	0	0	0	896	0	0	125	0	244	0	0	0	52	17	18	0	0	0	0	0	6	472	0	88	0	0	0	81	0	0	4	0	4	67	0	0	4140	0	0	0	0	0	0	60	124	4648	0	1	0	0	0	0	0	0	13	0	0	0	0	0	0	0	0	0	0	0	0	0	0	2018	0	35	0	0	119	0	3	0	0	354	667	0	0	0	0	0	0	46	0	0	0	0	0	0	0	0	0	42	0	346	0	0	0	0	0	0	0	6	0	0	44	0	0	18	0	0	4	0	864	0	0	12	0	0	0	0	0	0	0	0	0	0	0	0	0	0	0	0	0	0	4	0	0	10	0	0	0	0	0	0	0	0	0	0	0	0	31	0	73	0	0	0	0	0	0	0	0	2505	0	0	0	0	0	0	0	0	0	0	8	0	0	0	0	0	0	291	0	29	0	0	0	0	0	30	0	0	0	0	0	0	0	0	0	1	0	0	0	0	2	62	63	0	0	0	0	0	0	0	0	11	0	0	0	0	3	0	0	0	0	0	0	375	0	0	0	0	0	0	0	0	0	46	0	0	0	0	0	25	12	0	0	0	0	0	0	12	0	0	0	0	0	0	0	2399	0	0	0	1	410	0	13	0	0	7	0	0	0	5	0	0	0	6	8	0	0	0	4	0	7	0	337	0	0	0	0	0	0	0	0	0	13	0	0	0	0	0	0	0	0	0	0	0	0	0	0	1	0	0	0	0	329	0	0	0	0	0	0	0	275	0	2290	0	0	0	0	0	0	0	1	1	1053	0	0	0	91	0	397	0	12	1	0	0	1495	0	0	0	0	531	0	9	0	0	0	2	0	0	0	295	0	0	0	0	0	0	0	0	0	0	0	0	0	0	0	0	0	0	3	0	0	0	0	0	0	0	0	0	0	0	0	1028	118	0	0	254	0	0	3	0	0	0	0	0	0	0	0	0	0	0	0	0	0	0	0	1	0	0	0	367	6	0	0	0	1865	6	6	17647	0	0	0	0	0	0	0	0	2	0	0	0	0	0	0	0	0
SRR11605063	9478	0	0	0	0	0	0	0	0	0	0	0	0	0	0	0	0	0	0	0	57	0	12	0	15	0	0	0	0	2	0	0	0	0	0	3	0	0	2	29	0	0	0	0	0	0	0	0	0	0	0	0	20	0	0	16	7	0	0	0	9	17	0	0	0	0	0	0	0	0	0	0	0	0	0	0	0	0	0	0	0	0	15	0	0	0	0	0	0	0	0	76	0	8	0	0	0	0	0	0	0	0	0	1	0	0	0	4	145	0	3	0	0	0	0	0	0	0	0	3	0	0	0	0	0	0	0	0	0	0	0	0	0	0	7	0	0	0	0	0	0	47	0	6	0	0	0	0	0	20	0	0	5	0	0	0	0	0	148	0	0	0	0	0	2441	0	0	0	0	0	0	0	5	266	0	2	0	0	0	0	0	1	51	0	0	0	0	0	0	0	0	0	0	0	0	0	0	36	0	54	0	0	5	0	0	0	0	0	9	0	0	0	0	0	0	0	0	0	0	0	0	0	0	0	0	25	0	18	0	0	0	0	0	0	0	2	0	5	2	0	0	0	0	0	26	0	4	0	0	20	4	0	0	0	0	0	0	0	0	0	3	2	0	0	0	0	0	0	0	0	0	9	0	0	0	0	0	6	9	0	0	0	0	0	0	0	0	0	0	0	0	0	0	0	0	127	0	0	0	5	2	0	0	0	0	0	0	0	0	3	0	0	0	0	0	0	0	0	0	0	7	4	0	0	0	0	0	0	0	0	0	0	0	0	0	0	0	0	0	0	0	0	4	0	2	0	6	95	0	0	0	0	0	0	0	0	0	0	0	9	0	0	0	0	0	55	0	0	0	6	0	0	0	1	0	0	0	0	0	0	0	0	0	0	0	0	0	0	0	0	0	77	0	0	0	0	5	0	0	0	0	0	0	1	0	0	0	0	0	0	54	0	0	0	0	0	0	0	0	0	0	0	0	0	0	0	18	0	0	0	0	0	0	0	0	0	17	0	94	0	0	0	0	42	0	0	0	0	26	0	0	0	0	0	0	0	0	0	123	0	0	0	0	1	0	0	0	0	35	0	0	3	0	0	0	0	0	547	0	0	29	0	0	0	0	34	0	0	0	0	0	33	0	9	0	3	0	0	0	0	0	0	0	0	0	0	0	0	0	0	0	0	0	0	0	0	0	0	0	0	0	0	0	14	0	0	0	186	4	0	0	57	0	0	37	0	0	0	0	0	0	0	0	0	0	0	3	0	0	10	0	0	0	0	0	14	0	0	0	0	83	0	0	3881	0	0	17	0	0	0	0	0	0	0	0	0	0	0	9	4	0
SRR11605065	13742	0	0	0	11	0	0	0	0	0	0	0	0	0	0	0	0	0	0	0	42	0	24	0	4	0	0	4	0	0	0	0	0	0	0	20	0	0	0	30	0	0	0	0	0	0	0	0	0	0	0	0	19	2	0	22	6	0	0	0	0	98	0	0	0	0	0	0	0	0	0	0	0	0	0	0	0	0	0	0	0	0	0	0	0	0	0	0	0	0	0	42	0	0	0	2	0	0	0	0	2	7	0	0	0	0	0	4	42	0	1	0	0	0	9	0	0	0	0	4	0	0	0	0	0	0	0	0	8	0	0	0	0	0	0	0	0	0	0	0	0	9	0	0	0	0	8	0	1	11	0	0	0	0	0	0	0	0	373	0	11	0	0	0	9868	0	0	0	0	0	0	0	20	108	0	12	0	0	0	0	0	0	34	0	0	0	0	0	0	0	0	0	0	0	0	0	0	0	0	41	0	0	0	0	0	0	0	3	0	0	0	0	0	0	0	0	0	0	0	0	0	0	0	0	0	56	0	0	8	0	0	0	0	0	0	7	0	0	4	0	0	0	0	0	6	0	0	2	0	208	0	0	0	0	0	0	0	0	0	0	5	1	0	0	0	0	0	0	0	0	0	21	0	0	0	0	0	0	12	0	0	2	0	0	0	0	0	0	0	0	0	0	0	0	0	15	0	0	0	42	0	0	0	0	0	0	0	0	0	0	0	0	0	0	0	0	0	0	0	0	0	0	0	0	0	0	0	0	25	0	0	0	0	0	0	0	16	0	0	0	0	14	24	0	4	0	14	91	0	0	0	0	0	0	0	0	0	0	0	0	0	0	0	0	0	65	0	0	0	113	0	0	7	1	0	0	0	0	0	0	0	0	0	0	0	9	0	0	0	0	0	0	0	0	0	0	0	0	0	0	0	0	0	0	0	0	0	0	0	0	76	0	0	0	0	0	0	0	0	0	0	0	0	0	0	0	67	0	0	0	0	0	0	0	0	0	40	0	71	0	5	0	0	4	0	0	0	0	0	0	0	0	0	0	0	0	0	0	23	0	0	0	0	0	0	0	0	0	0	0	0	1	0	0	0	0	0	398	7	0	0	0	0	0	0	0	0	0	0	0	0	3	13	0	0	0	0	0	0	0	0	0	0	15	16	0	0	0	0	0	0	0	0	0	0	20	0	0	0	0	0	0	0	27	0	0	0	339	0	0	0	407	0	0	56	0	0	0	0	0	0	10	7	0	5	0	0	0	4	0	0	0	3	0	0	0	0	0	0	0	0	0	0	426	0	0	17	0	0	0	0	0	0	0	0	0	0	0	8	0	0
SRR11605066	35019	0	0	0	0	10	0	12	0	0	0	0	0	0	0	0	0	0	0	0	42	0	52	0	0	0	0	0	0	0	0	0	0	0	0	6	0	0	0	26	0	0	0	0	0	0	0	0	41	0	0	0	69	0	0	21	0	0	0	0	0	0	0	0	0	0	0	0	0	0	0	0	0	0	0	0	0	0	0	0	0	0	13	0	0	0	0	0	3	0	0	68	0	20	0	0	0	0	0	4	0	3	0	4	0	0	0	0	20	0	6	4	0	0	0	0	0	0	0	6	0	0	0	0	0	0	0	0	0	0	0	8	0	0	0	0	1	0	0	0	0	35	0	0	0	0	9	0	0	21	0	0	19	0	0	0	0	0	1225	0	0	0	8	0	23549	0	0	0	0	0	0	0	12	241	0	4	0	0	0	0	9	0	10	0	0	0	0	0	10	0	0	0	0	0	0	0	0	88	0	28	5	0	0	0	0	0	0	28	11	0	0	0	0	0	0	0	0	0	0	0	0	0	0	0	0	0	0	21	0	0	0	0	0	0	0	3	0	0	0	0	0	5	0	0	4	0	62	0	0	10	0	0	0	0	0	0	0	0	0	0	0	0	0	0	0	0	0	0	0	0	0	7	0	0	0	0	0	0	0	0	0	0	0	0	0	0	0	0	0	0	0	0	0	0	0	141	0	0	4	0	5	0	0	0	11	0	17	0	0	1	0	0	0	5	0	0	0	0	0	0	0	0	0	0	0	0	0	0	0	0	0	0	0	0	0	0	25	7	0	0	0	3	0	0	5	0	2	5	20	0	0	0	0	0	0	0	0	0	7	0	0	0	0	0	0	37	0	0	0	0	0	0	0	0	0	0	0	0	0	5	0	0	0	4	0	14	0	0	0	0	0	52	0	0	0	0	6	0	0	0	0	0	0	0	0	0	0	0	0	20	1	0	0	0	0	0	0	0	8	0	0	0	0	0	0	0	4	38	0	0	0	0	0	0	0	0	67	0	127	0	2	0	0	51	0	0	0	0	12	0	0	0	0	0	0	0	35	0	225	0	0	0	0	7	6	0	0	0	19	26	0	7	19	0	20	18	24	350	0	0	60	0	0	0	0	0	0	0	0	0	0	25	0	0	0	0	0	0	0	0	0	0	0	0	0	0	0	0	0	0	0	0	0	0	0	0	0	0	0	0	0	0	0	22	0	0	0	6277	20	0	0	39	0	0	48	0	0	0	0	0	0	0	0	0	0	0	0	0	0	0	2	0	0	0	0	25	0	0	0	0	57	0	0	1103	0	0	12	0	0	0	0	0	0	0	0	0	0	0	4	0	0
SRR11605070	12146	0	10	13	7	28	0	0	0	26	23	0	0	0	0	0	0	0	0	0	62	18	306	0	0	0	0	0	13	0	0	7	0	0	0	0	11	4	0	48	0	7	0	0	0	0	3	0	24	23	0	0	87	0	0	202	0	0	2	0	9	9	0	4	34	0	5	0	0	0	0	0	0	0	0	0	0	0	0	20	0	0	12	2	0	0	0	0	0	0	0	195	0	0	0	0	3	0	0	0	0	75	68	0	0	0	0	0	12	0	0	0	0	0	0	7	0	7	30	46	0	0	0	0	0	0	0	0	0	0	18	47	0	3	0	0	8	0	0	11	72	185	0	0	0	0	112	0	17	133	0	10	12	0	0	16	0	0	114	0	0	0	0	0	1565	0	0	0	0	0	14	16	17	373	0	0	0	0	0	0	0	24	0	0	0	0	7	0	0	0	0	3	0	0	0	0	0	226	0	31	0	10	3	0	0	0	15	81	49	0	0	0	0	322	0	0	0	6	0	0	0	0	0	0	0	4	0	47	0	0	0	0	0	0	71	3	0	0	3	0	116	0	31	0	45	0	67	6	0	13	0	0	0	0	0	0	11	0	0	0	0	0	0	0	17	0	0	28	0	7	0	4	0	0	0	0	0	14	3	0	0	0	0	9	0	0	37	0	0	0	0	0	0	0	0	158	0	0	0	0	0	0	0	0	0	0	0	7	0	0	0	0	0	62	0	0	0	0	0	0	15	0	0	0	0	0	0	0	6	0	0	0	0	0	0	0	0	7	22	0	0	6	42	0	1	0	0	0	0	0	0	0	0	0	0	0	0	0	0	62	0	0	0	0	0	85	0	0	0	16	3	17	0	21	0	0	0	15	0	0	0	0	0	19	0	0	18	0	0	0	0	92	0	0	0	29	43	0	0	0	0	0	6	0	0	0	0	0	0	19	43	0	0	0	0	3	0	0	4	0	0	0	6	10	0	0	0	33	0	0	0	0	0	0	4	0	0	0	91	0	1	0	13	52	10	0	0	0	11	0	0	0	0	0	0	0	31	0	726	0	0	0	0	20	0	0	65	0	61	0	0	20	0	0	12	8	0	359	1	0	98	0	0	5	0	79	0	69	0	0	8	69	11	0	0	269	0	53	0	0	0	0	51	0	0	0	0	0	0	0	0	0	12	0	0	0	0	0	0	0	0	0	4	127	0	0	4	152	50	0	0	70	0	0	36	33	38	0	0	0	0	10	0	0	0	0	16	0	0	0	0	0	0	0	0	52	0	0	52	0	144	0	0	2741	0	0	17	0	0	0	0	0	0	0	3	0	0	0	0	0	0
SRR11605071	124491	8	0	16	0	8	0	0	0	0	1	0	0	0	3	0	5	0	0	0	35	0	106	0	167	21	0	0	0	0	0	0	0	0	0	585	0	0	0	1688	0	0	0	0	0	0	0	0	16	8	0	0	70	0	0	122	42	0	10	0	0	73	9	0	0	0	0	0	0	0	0	0	0	19	0	0	0	0	0	2	0	11	86	28	0	0	0	0	0	10	0	2680	0	0	0	0	0	0	185	7	5	30	0	1	0	0	0	2	32	0	10	0	0	0	0	21	0	12	0	51	0	10	0	0	0	0	12	0	0	0	0	17	0	4	0	0	7	0	0	0	37	85	0	0	0	0	128	0	6	132	0	11	0	0	0	0	0	0	433	0	0	0	0	0	24205	0	8	7	4	0	0	2	32	10332	0	239	0	0	0	13	0	0	0	0	0	0	0	0	0	0	0	0	0	0	58	0	0	6	0	59	0	0	24	2	0	4	7	38	67	49	0	0	0	0	0	0	0	0	0	0	0	0	0	0	0	1240	14	51	0	0	0	0	0	13	0	4	14	0	0	6	0	0	80	0	417	0	44	0	0	13	0	0	0	5	0	0	13	8	0	0	0	0	0	0	0	0	7	0	32	0	0	111	0	0	0	0	0	0	0	17	3	0	13	0	0	0	28	8	0	0	0	0	0	0	0	94	27	0	66	6	0	0	0	0	7	0	0	0	0	0	0	0	0	18	0	13	0	0	7	0	45	7	0	13	0	0	0	0	10	0	0	0	11	0	13	0	33	0	0	0	0	0	5	0	5	0	0	61	3	0	0	6	0	0	0	0	0	0	0	0	0	0	0	32	0	115	7	0	0	16	0	0	0	10	0	0	0	0	15	0	0	5	0	11	8	25	5	0	5	0	0	43	5	0	0	38	15	0	7	0	7	0	0	0	32	0	6	3	0	0	204	0	0	0	0	0	0	0	31	0	0	0	0	19	0	0	8	91	0	0	5	0	0	0	0	0	4044	0	22711	0	0	0	5	2607	0	0	0	0	17	0	0	0	0	0	0	0	4	0	1996	5	0	3	0	23	0	0	12	9	60	0	0	19	0	0	19	10	802	2933	10	0	48	0	0	0	0	25	0	0	0	0	0	0	4	0	0	10	0	0	0	0	0	7	107	11	0	6	0	0	5	0	0	0	5	0	0	19	0	0	0	0	0	0	0	23	0	0	10	619	586	0	0	97	0	0	4703	90	0	0	0	0	10	17	0	0	0	0	11	0	0	0	0	21	0	3	0	0	0	4	0	0	31	0	0	36818	0	0	2	0	0	0	0	0	0	12	72	238	0	6	0	0	0
SRR11605074	11922	0	0	0	0	87	0	14	0	0	0	0	0	0	0	0	0	0	0	0	12	0	0	0	0	0	0	0	41	0	0	0	0	0	0	18	0	0	0	33	0	0	0	0	0	0	0	0	0	0	9	0	99	0	0	47	22	0	0	0	7	0	0	0	0	0	0	0	0	0	0	0	0	0	0	0	0	0	0	0	0	0	80	0	0	0	0	0	0	0	0	128	0	0	0	0	0	0	0	0	0	0	0	17	0	0	0	0	0	0	0	0	0	0	0	24	0	0	0	5	0	0	0	0	0	0	0	0	0	0	0	363	0	0	0	0	65	0	0	0	0	0	0	0	0	0	0	0	0	8	0	0	0	0	0	0	0	0	22	0	0	0	0	0	1814	0	0	0	0	0	0	11	56	698	0	0	0	0	0	0	0	0	0	0	0	20	0	0	0	0	0	0	0	0	0	0	0	389	0	0	0	0	0	0	0	0	0	49	159	0	0	0	0	0	0	6	0	0	0	0	0	0	0	0	0	1	0	73	0	0	0	0	0	0	0	0	0	0	2	0	0	0	0	0	35	0	58	0	0	3	0	0	0	0	0	0	0	0	0	0	0	0	0	0	0	0	0	0	0	0	0	16	0	0	0	0	0	0	4	0	0	0	0	0	0	0	27	0	0	11	0	0	0	0	0	629	0	0	0	3	0	0	0	0	0	0	0	0	0	0	0	0	0	79	0	0	0	0	0	0	10	4	0	0	0	0	0	0	0	0	0	0	0	0	0	0	0	0	53	0	2	0	0	0	0	0	0	0	0	0	0	0	0	0	0	0	0	0	0	10	0	0	0	0	0	30	0	0	0	17	0	0	0	3	0	0	9	0	0	0	0	0	0	0	0	0	0	0	0	0	0	591	0	0	0	1	123	0	0	0	0	0	0	0	0	0	0	0	0	0	0	0	0	0	20	0	6	0	54	0	0	0	0	0	0	0	0	2	0	0	0	0	0	0	0	1	0	0	0	0	4	0	0	0	0	0	0	0	146	0	0	0	0	0	0	0	81	0	292	0	0	0	6	0	0	0	0	0	134	0	0	21	31	0	98	0	0	208	0	0	113	0	0	0	0	116	0	0	0	0	0	0	0	0	0	48	0	0	0	0	0	0	0	0	0	0	0	0	0	0	0	0	50	0	0	0	0	0	0	0	0	0	0	9	0	0	0	133	27	0	0	53	0	0	0	0	0	0	0	0	0	0	0	0	0	0	0	0	0	0	0	0	0	0	0	45	0	0	0	0	229	0	0	3893	0	0	0	0	0	0	0	0	0	0	0	0	0	0	5	0	0
SRR11605075	76352	0	0	0	0	204	0	108	0	0	0	0	0	0	0	0	0	0	0	0	9	0	6	0	0	0	0	0	281	6	0	0	0	0	0	12	0	0	0	259	0	0	0	0	0	0	0	0	0	0	56	0	1020	0	0	7	5	0	0	0	162	1	0	0	0	0	5	0	0	0	0	0	0	0	0	0	0	0	0	0	0	0	467	0	0	0	0	0	0	8	0	817	0	0	0	0	0	0	1	3	0	0	0	12	0	0	0	0	0	0	0	8	0	0	27	12	5	0	0	4	0	0	0	0	0	0	0	0	0	0	0	1408	0	0	199	0	383	0	0	0	57	68	19	0	0	0	5	0	2	597	0	120	0	0	0	137	0	11	18	0	0	74	0	0	7301	0	0	0	5	0	0	80	188	5761	0	3	0	0	0	0	0	0	14	0	0	12	0	0	0	0	0	0	0	0	0	0	0	3129	0	83	0	0	132	0	0	0	0	356	902	0	0	0	0	0	0	52	0	0	0	0	0	0	0	0	0	97	0	431	0	0	0	0	0	0	0	0	0	0	70	0	0	7	0	0	41	0	1169	4	0	37	0	0	0	0	0	0	0	12	0	0	0	0	0	0	0	0	0	0	3	5	0	25	0	0	0	0	5	0	0	0	0	0	0	0	47	0	146	0	0	0	0	6	0	0	0	4291	0	0	0	0	0	0	0	0	0	0	33	0	0	0	0	0	8	388	0	24	0	0	6	0	0	40	0	0	0	0	0	0	0	0	0	0	0	0	7	0	0	64	156	0	0	0	0	0	0	0	0	10	0	0	0	0	13	0	4	0	0	0	0	486	0	0	0	0	0	25	4	2	0	97	0	0	0	0	0	100	23	7	0	0	0	0	0	11	0	0	0	0	0	0	0	3734	0	0	0	0	591	0	3	0	0	0	0	0	0	24	0	0	9	7	7	0	5	0	0	0	12	0	500	0	0	0	0	0	0	0	14	0	17	0	0	0	0	0	0	4	0	0	0	0	5	0	0	4	1	0	18	0	363	0	0	0	0	0	0	0	393	0	3262	0	0	0	0	0	0	0	7	0	1722	0	0	10	117	0	581	0	14	60	0	0	2467	0	0	0	0	708	0	24	0	0	0	2	0	0	0	458	0	0	0	0	0	0	0	0	0	0	0	0	0	0	0	0	0	0	1	0	0	0	0	0	0	0	0	6	0	0	0	978	132	0	0	269	0	0	6	0	0	0	0	0	0	6	0	0	0	0	0	0	0	0	0	0	0	0	0	305	11	5	0	0	2358	0	32	24557	0	0	0	0	0	0	0	0	13	0	0	0	0	0	5	0	0
SRR11605076	9583	0	0	0	0	7	0	18	0	0	3	0	0	0	13	0	0	0	0	0	29	0	0	0	8	0	0	0	31	0	0	0	0	0	0	0	0	0	0	50	0	0	6	0	0	0	0	0	0	0	1	0	107	0	0	8	35	0	0	0	17	3	0	0	0	0	0	0	0	0	0	0	0	10	0	0	0	0	0	0	0	0	37	9	0	0	0	0	0	0	0	50	0	0	0	0	0	0	0	3	0	0	0	10	0	0	0	0	0	0	0	3	0	0	19	0	4	0	0	0	0	0	0	0	0	0	0	0	0	0	10	137	0	0	55	0	22	0	0	0	12	3	4	0	0	0	18	0	0	140	0	8	0	0	0	4	0	0	85	0	0	11	0	0	1220	0	4	0	0	0	0	6	16	646	0	0	0	0	0	0	0	0	13	0	0	0	0	0	0	0	0	0	0	0	0	0	0	322	0	10	0	0	3	0	0	0	0	39	141	0	0	0	0	0	0	7	0	0	0	0	0	0	0	0	0	2	0	52	0	0	0	0	0	0	0	3	0	0	0	0	0	0	0	0	63	0	90	0	0	27	0	0	0	0	0	0	0	0	0	0	0	0	0	0	0	0	0	0	0	0	0	5	0	0	0	0	0	0	0	0	0	0	0	0	13	0	14	0	0	0	0	0	0	0	0	455	0	0	0	0	0	0	0	0	0	0	0	0	0	0	0	0	0	20	0	0	0	0	5	0	0	0	0	0	0	0	0	0	0	0	0	0	0	8	4	0	0	8	14	0	0	0	0	0	0	0	0	6	0	0	0	0	0	0	0	0	0	0	0	44	0	0	0	0	0	77	0	0	0	14	0	0	0	0	2	3	0	0	0	0	0	0	0	15	0	0	7	0	0	0	0	323	0	0	0	0	70	0	0	0	0	0	0	0	0	0	0	0	0	0	6	0	0	0	0	0	10	2	28	0	0	0	0	0	0	0	0	4	0	0	0	0	0	0	0	0	0	0	6	0	9	0	0	0	0	0	0	0	23	0	0	0	0	0	0	0	24	0	227	0	0	0	0	0	0	0	0	2	201	0	0	0	19	0	64	0	0	159	0	0	361	0	0	0	0	75	0	0	0	0	0	0	0	0	0	36	0	0	0	0	5	0	14	0	0	0	0	0	0	0	0	0	0	0	12	0	0	0	0	0	0	0	0	4	5	0	0	278	5	0	0	35	0	0	0	4	0	0	0	0	0	0	0	0	0	0	0	0	0	0	0	0	0	0	0	27	0	3	0	0	283	0	0	2891	0	0	0	0	0	0	0	0	0	0	0	0	0	0	0	0	0
SRR11605077	137268	0	0	0	0	132	0	62	0	0	0	0	0	0	0	0	0	0	6	0	35	0	11	0	0	2	10	0	226	0	0	0	0	0	0	20	0	0	0	177	0	0	0	0	0	0	0	0	0	0	37	0	707	0	0	13	22	0	0	0	133	0	0	0	0	0	0	10	0	0	0	0	0	0	0	0	0	0	0	0	0	0	331	0	0	0	0	0	0	5	0	730	0	0	0	0	0	0	0	2	4	0	0	12	0	0	0	6	0	0	2	0	0	3	10	8	0	0	0	10	0	0	0	0	0	0	0	0	0	0	0	941	0	0	128	0	313	0	0	0	29	30	31	0	0	2	0	0	0	441	0	77	30	0	0	103	0	7	168	0	2	68	4	0	81871	0	0	0	0	0	0	53	180	4131	0	0	0	0	0	0	0	0	6	0	0	0	0	0	0	0	0	2	4	0	0	0	0	2413	0	104	0	0	107	0	0	0	0	337	868	0	0	0	7	0	0	27	0	0	0	0	0	0	0	0	0	37	0	225	0	0	0	0	0	0	0	0	0	0	64	0	0	3	0	0	181	0	1078	0	0	37	1	0	0	0	0	0	0	0	0	0	0	0	0	0	0	0	0	0	12	0	0	4	0	0	0	0	0	0	0	0	0	0	0	0	14	0	61	0	0	0	0	8	0	0	0	2958	0	0	0	0	0	6	0	0	16	0	10	0	0	5	0	0	0	287	0	3	0	0	2	0	22	21	0	0	0	0	0	0	0	0	0	0	0	0	0	0	2	55	17	0	0	5	8	0	0	0	6	18	0	0	0	0	0	0	0	0	0	0	0	297	0	0	0	0	0	101	0	7	0	66	0	6	0	1	0	19	5	0	0	0	0	0	0	7	0	0	0	0	0	0	0	2524	0	0	0	10	463	0	0	0	0	0	0	0	0	0	0	0	6	19	19	0	0	0	0	0	24	0	299	0	0	0	0	0	0	0	27	0	12	0	0	0	0	0	0	6	0	0	0	0	16	0	5	9	2	0	0	0	265	0	0	0	0	0	0	0	354	0	2792	0	0	0	0	2	0	3	0	0	1066	0	0	0	116	0	469	0	6	235	0	0	1912	0	0	0	0	514	0	7	0	3	0	0	0	0	0	235	0	0	0	3	0	0	23	0	0	0	0	0	0	0	0	0	0	0	2	0	0	0	0	0	0	0	0	7	0	0	0	1105	137	0	0	223	0	0	11	0	0	0	0	0	0	1	0	0	0	0	0	1	0	0	0	5	0	0	0	424	0	0	0	0	1810	0	13	21171	0	0	0	0	0	0	0	0	23	3	1	0	0	0	0	0	0
SRR11605088	17280	0	0	0	0	16	0	18	0	0	0	0	0	0	0	0	0	0	0	0	55	0	3	0	4	0	0	0	0	0	0	1	0	0	0	0	0	0	0	25	0	0	0	0	0	0	0	0	0	0	0	0	38	0	0	5	0	0	0	0	12	24	0	0	0	0	0	0	9	0	0	0	0	0	0	0	0	0	88	0	0	0	5	0	0	0	0	0	0	0	0	20	0	0	0	0	0	0	0	3	1	2	0	5	0	0	0	0	0	0	0	0	0	0	0	0	0	0	0	0	0	0	0	160	0	0	0	0	0	0	0	46	0	0	0	0	12	0	0	0	0	15	0	0	0	0	0	0	0	7	0	5	0	0	0	4	0	0	106	0	0	0	0	17	14272	0	0	0	0	0	0	0	14	149	0	0	0	0	0	0	0	1	0	0	0	0	0	0	0	0	0	0	0	0	0	0	0	35	0	124	0	0	0	0	0	0	0	12	5	0	0	0	0	0	0	8	0	0	0	0	0	0	0	0	0	15	0	7	0	0	0	0	0	0	0	0	0	0	5	0	0	0	0	0	6	0	7	2	0	7	0	0	0	0	0	0	0	0	0	0	0	0	0	0	0	0	0	0	0	0	0	13	0	0	0	0	0	25	0	0	0	0	0	0	0	0	8	0	0	0	0	0	0	0	0	85	0	0	0	0	0	0	0	0	0	0	0	0	0	0	0	0	0	0	0	0	0	0	0	0	0	12	0	0	0	0	0	0	0	0	0	0	0	0	0	0	0	0	0	0	0	0	0	0	0	0	0	17	0	0	0	0	0	0	0	0	0	0	0	0	0	0	0	0	0	18	0	0	0	5	0	0	0	7	0	0	0	0	0	0	0	0	3	0	0	0	0	0	0	0	0	43	0	0	0	0	10	4	0	0	0	0	0	0	0	0	0	0	0	0	12	0	0	0	0	0	0	0	0	0	0	0	0	0	0	0	35	0	0	0	0	0	0	0	0	0	0	0	0	0	10	0	6	0	0	0	0	0	0	0	0	0	0	0	0	0	6	0	180	0	0	0	0	0	0	0	0	0	8	0	0	6	0	0	0	0	0	315	0	0	60	0	0	0	0	0	0	0	0	0	0	0	0	0	0	12	0	0	0	0	0	0	0	6	3	0	0	0	0	0	0	0	0	0	0	0	0	0	0	0	0	0	0	16	0	0	0	326	4	0	0	46	0	0	0	0	0	0	0	0	0	0	1	0	0	0	0	0	0	0	0	0	0	0	0	8	0	0	0	0	24	0	0	545	0	0	22	0	0	0	0	0	4	0	0	0	0	0	0	0	0
SRR11605095	161772	0	0	0	0	0	0	0	0	0	0	0	0	0	0	0	0	0	0	0	1	0	0	0	2	3	0	0	4	0	0	0	0	0	3	1	0	0	0	13	0	0	0	0	0	0	0	0	0	0	0	0	1	0	0	0	0	0	0	0	0	4	0	0	0	0	0	0	0	0	0	0	0	0	0	0	0	0	1	0	0	0	0	0	0	0	0	0	0	0	0	16	0	0	0	0	0	0	0	0	0	0	0	0	0	0	0	0	0	0	1	0	0	0	3	0	0	0	0	0	0	0	0	0	0	0	0	0	0	0	0	3	0	0	2	0	0	0	0	0	0	0	0	0	0	0	0	0	0	12	0	0	0	0	0	0	0	0	710	0	0	0	0	0	152969	0	0	0	0	0	0	0	0	59	0	0	0	0	0	0	0	0	0	0	0	0	0	0	0	0	0	0	0	0	0	0	0	0	0	4	0	0	0	0	0	0	0	0	0	0	0	0	0	0	0	0	0	0	0	0	0	0	0	0	0	11	0	0	0	0	0	0	0	0	0	0	0	0	1	0	0	0	0	0	0	0	5	2	0	0	0	0	0	0	0	0	0	0	0	0	0	0	0	0	0	0	0	0	0	0	0	0	0	0	0	0	0	0	0	0	0	0	0	0	0	0	0	0	0	0	0	0	0	0	0	16	0	0	0	0	1	0	0	0	0	0	0	0	0	0	0	0	0	0	0	0	0	0	0	0	0	0	0	0	0	0	0	0	0	0	0	0	0	0	0	0	0	0	0	0	0	0	0	0	2	0	0	0	0	0	0	0	0	0	0	0	0	0	0	7	0	0	0	0	0	6	0	0	0	0	0	0	0	0	0	0	0	0	0	0	0	0	0	4	0	0	0	0	0	0	0	4	0	0	0	0	0	0	0	0	0	0	0	0	0	0	0	0	0	0	7	0	0	0	0	0	0	0	4	0	0	0	0	0	0	0	0	0	0	0	0	0	0	0	0	0	12	0	68	0	0	0	0	9	0	0	0	0	2	0	0	0	0	0	0	0	0	0	23	0	0	0	0	0	0	0	0	0	11	0	0	0	5	0	0	0	7	63	0	0	10	0	0	0	0	0	0	0	0	0	0	2	0	0	0	0	0	0	0	0	0	0	0	0	0	0	0	0	0	0	0	0	0	0	0	0	0	0	0	0	0	0	0	3	0	0	0	5778	3	0	0	33	0	0	32	0	0	0	0	0	0	0	0	0	0	0	0	0	0	0	0	0	0	0	0	3	0	0	0	0	16	0	0	1801	0	0	0	0	0	0	0	0	0	0	9	0	0	0	0	0	0
SRR11605057	4975	0	0	0	0	2	10	0	0	0	0	0	0	0	0	0	0	0	0	0	29	0	8	0	2	3	0	0	0	0	0	4	0	4	0	0	0	0	0	20	0	0	0	0	0	0	0	0	0	0	0	0	19	0	0	49	0	0	0	0	0	7	0	0	0	0	0	0	0	0	0	0	12	0	0	0	0	0	0	0	0	0	11	0	0	0	0	3	0	0	0	42	0	0	0	0	0	0	0	0	0	0	0	0	0	0	0	0	30	0	9	0	0	0	0	0	0	0	0	11	0	0	0	0	0	0	0	0	10	0	0	25	0	0	9	2	7	0	0	0	0	18	0	0	0	0	15	0	0	36	0	0	1	0	0	0	5	0	138	0	4	0	0	0	699	0	0	0	0	0	0	0	9	352	0	0	0	0	0	0	0	0	0	1	0	0	0	0	0	0	0	0	0	0	0	0	0	56	0	135	0	0	6	0	0	0	0	16	9	0	0	0	0	0	0	0	0	0	0	0	0	0	0	0	0	30	0	0	0	0	0	0	0	0	0	24	0	0	14	3	0	0	0	0	5	0	50	5	0	57	2	0	0	0	0	0	8	0	0	0	1	0	0	0	0	0	0	0	0	0	0	19	0	0	0	0	0	0	1	0	0	0	0	0	0	11	5	0	0	0	0	0	0	0	0	94	0	0	0	0	0	0	0	0	0	0	0	0	0	0	0	0	0	5	0	15	0	0	0	0	0	0	0	0	0	0	0	0	0	0	0	0	0	0	0	0	4	0	0	0	0	0	0	0	0	0	0	36	0	0	0	0	0	3	0	0	0	0	0	22	0	0	0	0	0	9	0	0	0	14	0	0	0	0	0	0	0	0	0	0	0	0	0	12	0	0	0	0	0	0	0	66	0	0	0	0	0	0	0	0	0	0	0	0	0	0	0	0	0	7	22	0	0	0	0	0	0	0	25	0	0	0	0	0	0	0	8	0	0	0	0	0	0	0	0	0	76	0	209	0	20	0	10	15	0	0	0	0	0	0	13	0	0	0	0	0	13	2	88	0	0	0	0	0	2	0	16	0	49	0	0	7	0	0	18	0	0	298	0	0	76	0	0	0	0	46	0	0	0	0	0	2	1	0	0	6	0	0	0	0	0	0	5	0	0	0	0	0	0	0	0	0	3	0	0	0	0	0	0	0	0	0	6	7	0	0	0	178	17	2	0	154	0	0	29	0	0	0	0	0	0	4	0	0	0	0	0	0	0	0	0	0	0	0	0	0	0	0	0	0	69	0	0	1106	0	0	9	0	0	0	0	0	0	14	0	0	0	0	0	0	0
SRR11605059	64395	0	0	0	0	132	0	96	0	0	0	0	0	0	0	0	0	0	0	0	4	0	8	0	0	0	0	0	173	0	0	0	0	0	0	0	0	0	0	164	0	0	0	0	0	0	0	4	0	0	40	0	759	0	0	11	0	0	0	7	152	7	0	0	0	0	0	0	0	0	0	0	0	8	0	0	0	0	0	0	0	0	380	0	0	0	0	0	0	0	0	584	0	0	0	0	0	0	0	0	0	0	0	0	0	0	0	0	0	0	0	0	0	0	17	5	0	0	0	4	0	0	0	0	0	0	0	0	2	0	0	1098	0	0	137	0	367	0	0	0	30	14	24	0	0	0	0	0	16	392	0	57	0	0	0	53	0	0	24	0	0	82	0	0	8070	0	0	0	0	0	0	59	161	4622	0	0	0	0	0	0	0	0	5	0	0	0	0	0	0	0	0	0	0	0	0	0	0	2524	0	79	0	0	105	0	0	0	0	338	682	0	0	0	0	0	0	61	0	0	0	0	0	0	0	0	4	73	0	246	0	0	0	0	0	0	0	0	0	0	29	0	0	21	0	0	18	0	1031	0	0	22	0	0	0	0	0	0	0	11	0	0	0	0	0	0	0	0	0	0	0	0	5	19	0	0	0	0	0	0	0	0	0	0	0	0	20	0	128	0	0	0	0	0	0	0	0	3222	0	0	0	0	0	0	0	0	0	0	19	0	0	0	0	0	0	358	0	29	0	0	7	0	0	33	0	6	0	0	0	0	0	0	0	0	0	0	0	0	0	76	81	12	0	0	0	0	0	0	0	8	0	0	0	0	0	0	0	0	0	0	0	357	0	0	0	0	0	0	0	6	0	45	0	0	0	0	0	59	11	0	0	0	0	0	0	0	0	0	0	0	0	0	0	2829	0	0	0	0	502	0	10	0	0	6	0	0	0	4	0	0	13	0	9	0	0	0	0	0	3	0	288	0	0	0	0	0	0	0	0	13	0	0	0	0	0	0	0	0	6	0	38	0	0	0	0	11	0	0	0	0	187	0	0	0	0	0	0	0	325	0	2616	0	0	0	0	0	0	0	0	0	1328	0	0	0	46	0	419	0	14	65	0	0	1983	0	0	0	0	641	0	28	0	0	0	0	0	0	0	268	0	0	0	0	0	0	0	0	0	0	3	0	0	0	0	0	0	0	0	0	0	0	0	0	0	0	0	2	0	0	0	1419	95	0	0	297	3	0	12	0	0	0	0	0	0	0	0	0	0	0	0	0	0	0	0	31	0	0	0	442	6	0	0	0	1964	3	4	20939	0	0	0	0	0	6	0	0	4	0	0	0	0	0	0	0	0
SRR11605060	4254	0	0	0	0	0	0	18	0	0	2	0	0	0	0	0	0	0	0	0	37	0	14	0	12	0	0	0	4	0	0	1	0	0	0	6	0	0	0	9	0	0	0	0	0	0	0	0	0	0	0	0	7	0	0	8	7	0	0	0	15	0	0	0	0	0	0	0	0	0	0	0	0	6	0	0	0	0	0	0	0	0	19	0	4	0	0	0	0	3	0	13	0	0	0	0	0	0	0	3	5	0	0	0	0	0	0	2	0	0	4	0	0	0	0	0	0	0	0	6	0	5	0	0	0	0	0	0	3	0	0	36	0	0	0	0	3	0	0	0	0	6	0	0	0	0	0	0	1	59	4	0	0	0	0	0	0	0	66	0	0	0	0	0	925	0	0	0	0	0	0	0	8	211	4	34	0	0	0	0	0	0	23	0	0	0	0	0	0	0	2	0	0	0	0	0	0	55	0	7	0	0	0	0	0	0	0	14	39	0	0	0	0	0	0	0	0	0	0	0	0	0	0	0	0	14	0	12	0	0	0	0	0	0	0	3	0	0	14	0	0	0	0	0	45	0	39	8	0	29	1	0	0	6	1	0	5	5	0	0	0	2	0	0	0	0	0	0	0	0	0	14	0	0	0	0	0	4	0	0	0	0	0	0	0	0	5	0	0	0	0	0	0	0	0	99	7	0	0	0	0	0	0	0	0	0	0	0	0	0	0	0	0	0	0	0	0	0	0	0	5	15	0	0	0	0	0	0	0	0	0	0	0	0	0	0	5	0	0	0	0	0	0	0	0	0	0	11	3	0	0	0	0	0	0	0	0	0	0	8	0	0	0	0	0	39	0	0	0	12	0	0	1	0	0	0	0	0	0	0	0	0	0	0	0	0	0	0	0	0	0	41	0	0	0	0	18	0	18	0	0	0	0	0	0	0	0	0	0	0	11	0	0	0	0	0	1	0	1	0	0	0	0	0	0	0	0	0	1	0	0	0	0	0	0	0	9	0	100	0	4	0	3	0	0	0	0	0	16	0	0	0	0	0	0	0	0	0	118	0	0	0	0	0	0	0	0	0	35	0	0	0	0	0	18	0	6	333	0	0	53	0	0	0	0	28	0	0	0	0	0	15	5	0	0	10	0	0	0	0	7	0	0	0	0	0	0	0	0	0	0	0	0	0	0	0	0	0	0	0	0	0	0	11	0	0	0	98	0	0	0	310	0	0	6	0	0	0	0	0	0	0	0	0	0	0	0	0	0	0	0	0	0	0	0	18	0	0	0	0	37	0	0	779	0	0	15	0	0	0	0	0	7	0	0	0	0	0	0	0	0
SRR11605062	65221	0	0	0	0	8	1	0	0	0	0	0	0	0	0	0	0	0	0	0	80	0	100	0	53	0	0	0	0	0	0	0	87	0	0	0	0	0	0	12	5	0	0	0	0	0	0	0	4	0	3	0	2541	0	0	32	9	0	0	0	0	849	0	0	0	0	0	0	0	0	0	0	0	0	0	14	0	0	0	0	0	35	0	0	0	0	0	0	0	4	0	0	0	0	0	0	0	0	0	0	2	0	0	0	0	0	0	0	2	0	2	0	0	0	0	0	0	0	0	0	0	0	0	0	0	0	0	0	2	0	13	0	0	16	0	0	0	0	0	0	0	6	0	0	0	0	39	0	0	24	0	0	6	9	0	0	0	0	309	0	0	0	0	0	52374	0	0	0	0	0	0	0	12	30	0	22	0	0	0	0	0	219	0	0	0	0	0	0	0	0	0	0	0	0	9	7	0	0	0	18	0	0	0	12	0	0	0	3	13	12	213	0	0	0	0	0	0	0	3	0	984	0	0	0	0	527	0	7	0	0	0	0	0	0	0	52	0	0	18	0	0	104	12	27	5	0	0	19	0	167	4	0	0	0	0	0	150	0	0	0	0	0	0	0	0	0	0	0	0	0	0	0	0	0	0	0	0	49	3	0	0	12	0	0	0	0	42	0	9	0	0	0	0	0	0	8	0	0	2	1	9	0	0	0	0	0	0	0	0	0	0	0	10	0	0	0	0	0	0	0	3	0	0	0	0	0	0	0	0	0	0	0	0	0	0	0	12	0	0	0	0	0	19	6	70	0	11	10	0	0	0	0	0	0	0	0	0	7	0	8	0	0	0	0	0	32	0	0	33	106	0	0	0	0	0	0	0	0	0	3	0	0	4	0	0	18	0	0	0	0	0	0	0	0	0	31	0	4	0	0	0	0	22	0	0	0	0	0	0	0	6	0	0	0	0	0	0	0	0	0	0	0	0	0	0	7	1018	31	0	0	0	0	0	0	0	0	0	8	0	0	607	0	62	17	0	0	0	0	3	0	0	0	0	0	0	0	0	3	43	0	0	0	0	0	0	0	0	0	0	200	0	35	0	0	0	0	0	767	0	0	0	0	0	0	15	0	0	0	0	0	0	0	25	0	0	0	16	0	0	0	12	0	0	30	0	0	0	0	0	0	0	0	4	0	5	0	6	0	0	0	0	0	15	29	0	0	0	184	10	0	0	1261	0	0	4	0	7	0	0	0	0	1	0	0	0	0	0	0	0	0	0	0	0	0	0	0	0	0	0	0	12	0	0	788	7	0	18	0	0	0	5	13	0	0	113	0	0	0	0	0	0
SRR11605069	3678	0	0	0	0	4	0	0	0	0	0	0	0	0	0	0	0	0	0	0	6	0	11	0	0	0	0	0	15	0	0	0	0	0	0	0	0	0	0	10	0	0	0	0	0	0	0	0	0	3	8	0	19	0	0	17	0	0	0	0	0	2	0	0	0	0	0	0	0	0	0	0	0	0	0	0	0	0	1	0	0	0	8	0	0	0	0	0	0	0	0	8	0	0	0	0	0	0	0	0	0	0	0	0	0	0	0	0	0	0	1	0	0	0	0	0	0	0	0	8	0	0	0	0	0	0	0	0	0	0	0	58	0	0	1	0	15	0	0	0	0	0	8	0	0	0	11	0	0	58	0	0	17	0	0	0	0	0	3	0	0	0	0	0	1267	0	0	0	0	0	0	0	4	205	0	0	0	0	0	3	0	0	0	0	0	0	0	0	0	0	0	0	0	0	2	0	0	132	0	3	0	0	0	0	0	0	0	22	35	0	0	0	0	0	0	0	0	0	0	0	0	0	0	0	0	2	0	19	0	1	0	0	0	0	0	3	0	0	5	0	0	0	0	0	0	0	39	7	0	39	0	0	0	0	0	0	0	0	0	0	0	0	0	0	0	0	0	0	0	0	0	0	0	0	0	0	0	0	0	0	0	0	0	0	0	0	0	0	0	0	0	0	0	0	0	52	0	0	0	2	0	0	0	0	7	0	0	0	0	0	0	0	0	1	0	0	0	0	0	0	0	0	0	0	0	0	0	0	0	0	0	0	0	0	0	0	2	0	0	0	0	0	0	0	0	0	0	0	0	0	0	0	0	0	0	0	0	0	0	9	0	0	0	0	0	8	0	0	0	33	0	0	0	0	0	0	0	0	0	0	0	0	0	0	0	0	0	0	0	0	0	71	0	0	0	0	4	0	1	0	0	0	0	0	0	0	0	0	0	0	0	0	0	0	0	0	0	0	7	0	0	0	0	0	0	0	4	6	0	0	0	0	0	0	0	0	0	0	30	0	0	0	0	11	0	0	0	0	10	0	0	0	0	0	0	0	0	0	92	0	0	0	0	0	0	0	0	0	59	0	0	13	0	0	0	0	0	15	0	0	59	0	0	0	0	12	0	0	0	0	0	0	0	0	0	16	0	2	0	0	0	0	1	0	0	0	0	0	0	0	0	0	0	0	0	0	0	0	0	0	0	0	0	0	0	0	0	130	13	0	0	79	0	0	1	3	0	0	0	0	0	6	0	0	0	0	0	0	0	0	0	0	0	0	0	0	0	0	0	0	87	0	0	742	0	0	0	0	0	1	0	0	0	0	0	0	0	0	9	0	0
SRR11605072	20364	0	0	0	0	54	0	14	0	0	0	0	0	0	0	0	0	0	0	0	12	0	9	0	5	0	0	0	55	0	0	0	0	0	0	14	0	0	0	82	0	0	0	0	0	0	6	0	0	0	32	0	324	0	0	69	39	0	0	0	21	5	0	0	0	0	0	0	0	0	0	0	0	0	0	0	0	0	0	0	0	0	56	0	0	0	0	0	0	3	0	210	0	0	0	0	0	0	0	3	0	1	0	2	0	0	0	0	30	0	0	0	0	0	0	0	0	0	0	9	0	0	0	0	0	0	0	0	0	0	0	295	0	0	45	0	129	0	0	0	8	33	26	0	0	0	50	0	12	122	0	1	0	0	0	24	0	0	55	0	0	6	0	0	3001	0	0	0	0	0	0	10	72	1112	0	30	0	0	0	0	4	0	1	7	0	0	0	0	0	0	0	0	0	4	0	0	0	580	0	196	0	0	78	0	0	0	0	26	180	0	0	0	0	0	0	3	0	0	0	0	1	0	0	0	0	0	0	127	0	0	0	0	0	0	0	0	0	0	1	0	0	0	0	0	54	0	152	0	0	7	2	0	0	0	0	0	0	0	0	0	0	0	0	0	0	0	0	0	0	0	0	55	0	0	0	0	0	0	5	0	0	0	0	0	10	0	36	0	0	0	0	0	0	0	0	886	0	0	0	0	0	0	0	0	0	0	0	6	0	0	0	0	0	93	0	0	0	0	0	0	17	1	0	7	0	0	0	0	0	0	0	0	0	0	10	0	0	0	11	0	5	0	44	0	0	0	5	57	4	0	0	0	0	0	0	0	0	0	0	56	0	0	0	0	0	53	0	0	0	28	0	0	0	0	0	0	0	7	0	0	0	0	0	0	0	0	0	0	0	0	0	811	0	0	0	0	241	0	0	0	0	10	0	0	0	7	0	0	0	0	82	0	0	0	0	0	0	0	119	0	0	0	22	0	0	0	0	0	0	0	0	0	0	0	0	0	0	0	0	0	0	0	28	0	0	0	0	0	123	0	0	0	0	0	0	0	58	0	850	0	3	0	0	0	0	0	0	0	296	0	0	10	31	0	55	0	0	102	0	0	421	0	0	0	0	188	0	25	0	0	0	0	4	0	0	101	0	0	0	0	0	0	17	2	0	0	0	0	0	0	2	0	9	0	6	0	0	0	0	0	0	0	0	2	0	0	0	684	25	0	0	589	0	0	10	0	0	0	0	0	0	4	0	0	0	0	0	3	0	0	0	10	0	0	10	83	0	0	0	0	573	0	0	5746	0	0	92	0	0	0	0	0	0	0	5	0	0	0	0	0	0
SRR11605078	19052	0	0	0	0	4	0	0	0	0	0	0	0	0	0	0	0	0	0	0	17	0	3	0	0	0	0	0	8	0	0	0	0	0	0	0	0	0	0	7	0	0	0	0	0	0	0	0	0	0	0	0	30	0	0	8	10	0	0	0	17	2	0	0	0	0	0	0	0	0	0	0	0	0	0	0	0	0	0	0	0	0	7	0	0	0	0	0	0	7	0	24	0	0	0	0	0	0	0	0	1	0	0	4	0	0	0	0	13	0	0	0	0	0	0	0	0	0	0	1	0	0	0	0	0	0	0	0	0	0	0	13	0	0	0	0	0	0	0	0	0	12	0	0	0	0	7	0	0	19	0	0	2	0	0	0	0	0	56	0	0	0	0	0	17020	0	0	0	0	5	0	0	5	79	0	0	0	0	0	0	0	0	0	0	0	8	0	0	0	0	0	0	0	0	0	0	0	73	0	5	0	0	3	0	0	0	0	17	24	0	0	0	0	0	0	0	0	0	14	0	0	0	0	0	0	0	0	9	0	0	0	0	0	0	0	0	0	0	0	0	0	0	0	0	32	0	3	0	0	0	0	0	0	0	0	0	0	0	0	0	0	5	0	0	0	0	0	0	0	0	0	9	0	0	0	0	0	0	0	0	0	0	0	0	0	0	9	0	0	0	0	0	0	0	0	103	0	0	0	0	0	0	0	0	0	0	0	0	0	0	0	0	0	11	0	0	0	0	0	0	9	0	0	0	0	0	0	0	0	0	0	0	0	0	4	0	5	0	0	0	0	0	4	0	1	0	14	17	0	0	0	0	0	0	0	0	0	0	0	3	0	0	0	0	0	51	0	0	0	0	0	0	0	0	0	0	0	0	0	0	0	0	0	0	0	0	0	0	0	0	0	5	0	0	0	0	0	0	0	0	0	0	5	0	0	0	0	0	0	0	11	0	0	0	0	0	0	0	28	0	0	0	0	0	0	0	0	0	0	0	0	0	0	0	0	0	0	0	0	0	0	0	0	0	3	0	0	0	46	0	0	0	0	0	0	0	0	0	59	6	0	0	0	0	0	0	0	0	17	0	0	0	5	0	53	0	0	134	0	0	47	0	0	0	0	6	0	0	0	0	0	0	0	0	0	0	0	0	0	0	0	0	0	0	0	0	0	0	0	0	0	0	116	0	0	0	0	0	0	0	0	0	0	8	0	0	0	85	2	0	0	14	0	0	0	0	0	0	0	0	0	0	0	0	0	0	0	10	0	0	0	0	0	0	0	13	0	0	0	0	38	0	0	527	0	0	0	0	0	0	0	0	0	0	0	0	0	0	0	0	0
SRR11605079	10356	0	0	0	0	0	0	0	0	0	0	0	0	5	0	0	0	0	0	0	8	0	7	16	50	1	0	0	0	0	0	0	0	0	0	0	0	0	3	13	0	0	0	0	0	0	0	0	0	0	0	0	24	0	0	37	25	0	0	0	0	110	0	0	0	0	0	18	0	0	0	2	0	0	0	0	0	0	1	0	0	0	3	0	0	0	0	0	0	2	0	48	0	0	0	11	0	0	5	0	0	0	0	2	0	0	0	0	10	0	0	6	0	0	0	0	0	3	0	27	0	0	0	0	0	0	0	0	7	0	0	26	0	0	0	0	3	0	0	0	0	27	0	0	0	0	41	0	0	26	0	0	0	0	0	0	0	0	256	0	4	0	0	0	4262	0	0	0	3	0	0	0	2	308	0	2	0	0	0	0	0	5	2	6	0	0	0	0	0	0	0	0	0	0	7	6	0	66	0	11	0	0	23	12	0	0	0	0	61	0	0	0	0	0	0	0	0	0	0	0	0	0	0	0	0	42	0	42	0	0	0	19	0	0	0	11	4	0	12	0	0	0	5	0	55	0	21	36	0	37	0	0	0	0	0	0	9	0	0	0	0	12	0	0	0	0	0	0	0	0	0	0	0	0	0	0	9	0	0	0	0	0	0	0	0	0	8	0	0	0	0	0	6	7	0	88	0	0	0	19	0	0	0	0	20	0	0	5	0	0	0	0	0	13	3	0	0	0	0	0	9	0	0	0	0	0	0	0	0	0	0	0	0	0	3	0	0	4	13	0	0	0	12	0	12	0	5	13	0	0	0	0	0	0	0	0	0	0	0	0	0	0	0	0	0	79	0	0	5	115	0	0	0	0	0	0	0	0	0	0	0	0	0	0	0	0	0	0	0	0	0	53	0	0	0	1	5	0	12	0	0	0	0	0	0	0	0	0	0	0	9	0	0	0	0	0	0	2	9	0	0	0	3	0	0	0	35	6	0	6	0	0	0	8	0	8	4	0	59	0	5	0	10	5	0	0	0	0	0	0	0	0	0	0	0	0	25	0	137	0	0	0	0	4	0	1	0	0	23	0	0	9	15	0	21	0	28	217	7	0	81	0	0	0	0	21	0	0	0	0	0	5	3	0	0	6	0	0	0	0	0	0	20	4	0	0	4	4	0	0	0	0	18	0	0	6	0	0	0	0	0	0	0	11	0	0	0	1473	11	0	0	461	0	0	21	0	0	0	0	0	0	3	0	0	0	9	0	0	0	0	0	4	0	0	0	19	0	0	0	0	77	0	0	995	0	0	10	0	0	0	0	0	1	1	0	0	0	0	1	0	4
SRR11605092	8121	0	0	0	0	0	0	0	0	0	0	0	0	0	0	0	0	0	0	0	12	0	114	0	0	0	0	0	0	0	0	0	0	0	0	12	0	0	0	18	0	0	0	0	0	0	0	0	0	0	0	0	46	0	0	23	11	0	0	0	9	0	0	0	0	0	0	0	0	0	0	0	0	0	0	0	0	0	0	0	0	0	0	0	0	0	7	0	0	0	5	99	0	0	0	9	0	0	7	2	9	0	0	0	0	0	0	0	26	0	17	0	0	0	0	0	0	0	0	0	0	8	0	0	0	0	0	0	3	0	0	33	0	0	0	0	0	0	12	0	0	212	0	0	0	0	5	0	0	31	0	0	29	0	0	0	0	0	184	0	0	0	0	0	3209	0	0	0	0	0	4	0	27	387	0	0	0	0	0	0	0	0	1	0	0	0	0	0	0	0	0	0	0	0	8	0	0	22	0	61	0	0	0	0	0	0	0	0	16	0	0	0	0	0	0	0	0	0	0	0	0	0	0	0	0	20	0	37	0	0	0	0	0	0	0	8	0	0	8	0	0	0	0	0	12	0	18	0	0	26	0	0	0	0	0	0	0	0	0	0	0	0	0	0	0	0	0	0	0	0	0	3	9	0	0	0	0	0	0	0	0	0	0	0	0	0	11	0	0	0	0	0	0	0	0	61	0	0	0	0	0	0	0	0	0	0	0	6	0	1	0	0	0	34	0	0	0	0	0	0	14	0	0	0	0	0	0	0	0	0	0	0	0	0	6	0	0	0	16	0	0	0	4	0	0	0	4	11	0	0	0	0	0	0	0	0	0	0	0	15	0	0	0	0	0	8	0	0	0	17	0	0	0	0	0	0	0	0	0	4	0	0	0	1	0	0	0	0	0	0	0	64	0	0	0	0	29	0	0	0	0	0	0	20	0	0	0	0	0	0	40	0	0	0	0	0	0	0	0	0	0	0	9	0	0	0	0	0	0	0	0	0	0	0	0	0	31	0	443	0	0	0	0	37	0	0	0	0	10	0	0	0	0	0	0	0	0	0	106	0	0	0	0	7	0	1	0	0	8	2	0	0	0	0	5	5	16	270	46	0	18	0	0	0	0	16	0	0	0	0	0	1	16	0	0	13	0	0	0	0	0	0	0	0	0	0	0	0	0	0	0	0	0	0	0	0	0	0	0	0	0	0	18	39	0	0	0	263	12	0	4	179	0	0	67	12	0	0	0	0	0	0	0	0	0	0	0	0	0	0	0	5	0	0	0	11	0	0	0	0	21	0	0	1214	0	15	9	4	0	0	0	0	0	0	1	2	0	0	0	0	0
SRR11605093	13899	0	0	0	0	0	0	0	0	0	0	0	0	0	0	7	0	0	0	0	25	0	115	0	13	5	0	0	0	0	15	3	0	0	0	40	0	0	0	123	0	0	0	0	0	0	0	0	0	0	0	0	13	0	0	23	66	4	0	0	0	0	21	0	0	0	0	0	0	0	0	0	0	0	0	0	0	0	0	0	0	0	0	0	10	0	0	0	0	59	0	71	0	0	0	0	0	0	0	11	0	0	0	23	0	0	0	3	18	7	0	0	5	4	0	0	0	9	0	0	0	0	0	0	0	0	0	0	0	0	0	0	4	0	0	0	0	0	0	0	0	31	0	0	0	0	0	0	0	0	0	0	0	0	0	0	0	0	245	0	0	0	0	0	3123	0	0	0	0	0	0	0	0	641	0	8	0	0	0	0	0	0	23	45	0	0	0	0	0	13	0	0	0	0	0	0	0	0	4	19	0	0	0	0	0	0	0	16	0	0	0	2	0	0	0	0	0	0	0	0	0	0	0	0	0	73	0	0	0	0	0	0	0	0	0	0	0	0	0	0	0	1	0	0	108	0	0	4	0	45	0	0	0	0	0	0	0	0	0	0	0	0	0	0	0	0	0	0	0	0	0	5	0	0	0	0	0	0	0	0	0	0	0	0	0	0	14	0	0	0	0	0	0	0	12	21	0	0	2	7	0	0	0	0	0	0	0	0	0	7	0	0	0	0	0	0	0	0	0	0	65	0	2	0	0	0	0	0	0	0	0	0	0	0	14	0	17	0	0	0	12	26	4	0	0	0	16	27	0	0	0	0	0	0	0	0	0	0	0	0	112	0	0	0	0	408	0	0	0	39	5	0	0	11	0	0	0	0	0	0	0	0	0	41	0	0	0	0	0	0	0	0	0	0	0	0	0	0	0	0	0	0	0	0	0	0	0	0	0	0	30	0	0	0	0	0	0	0	0	27	0	0	0	0	0	0	0	9	0	9	0	0	0	4	0	9	187	0	1365	0	0	0	10	159	4	0	0	0	0	0	0	0	0	4	0	0	0	0	191	0	0	0	12	0	15	0	0	0	0	0	0	0	0	0	0	19	25	634	0	0	0	0	0	0	0	0	0	0	0	0	0	0	1	0	0	0	0	0	0	0	0	7	0	0	0	0	0	0	0	0	0	0	0	0	0	0	0	0	0	0	0	0	0	37	0	0	0	145	28	0	0	178	4	0	170	0	0	0	0	0	0	0	0	0	0	0	0	0	0	0	0	0	0	0	0	0	0	0	0	0	0	0	0	4609	0	0	3	0	0	0	0	0	9	0	0	30	0	0	0	0	0
SRR11605094	73064	0	0	0	0	0	0	0	0	0	7	0	0	0	0	0	0	0	0	153	5	0	22	0	46	0	0	0	0	0	0	0	0	0	0	121	0	0	0	263	0	0	0	0	0	0	0	0	0	0	0	1	7	0	0	0	9	0	7	0	0	841	0	0	0	0	0	0	0	0	0	0	0	0	3	0	0	0	2	0	0	0	0	0	3	0	0	0	0	14	0	353	0	0	0	0	0	0	27	0	5	0	0	12	0	0	0	0	14	0	0	0	0	0	0	0	0	5	0	0	0	5	0	0	0	0	0	0	0	0	0	0	0	0	0	0	0	0	0	0	3	34	0	0	0	0	28	0	0	5	0	0	0	0	0	0	0	0	5776	0	0	0	0	0	45603	0	0	0	0	0	0	0	0	1579	0	12	0	0	0	0	0	0	6	0	0	0	0	0	0	0	5	0	0	0	7	0	0	0	0	35	0	0	0	0	0	0	0	0	0	0	0	0	0	0	0	0	0	0	0	0	0	0	0	0	0	249	0	11	0	5	0	0	0	0	0	0	0	0	0	0	0	0	0	0	1270	0	1	0	0	5	0	0	0	0	4	0	9	0	3	0	0	0	0	0	0	0	0	0	0	0	0	16	0	0	0	0	0	0	12	0	0	0	0	0	0	0	0	0	0	0	0	0	0	0	0	40	0	0	0	0	4	0	0	0	0	0	10	0	0	0	0	0	0	10	0	0	0	0	0	0	17	0	0	0	0	0	0	0	0	0	0	0	0	0	0	0	7	0	0	0	0	0	8	0	0	0	30	5	0	0	0	0	0	0	0	0	0	3	0	0	0	0	0	0	0	468	0	0	0	3	6	0	0	5	0	0	0	0	0	0	0	0	0	11	0	0	0	0	0	0	0	0	0	0	0	0	0	0	0	0	0	0	1	0	0	0	0	0	0	0	12	0	0	0	0	0	0	0	0	0	11	0	0	2	0	0	185	4	0	0	0	0	0	3	0	0	633	0	3255	0	0	0	3	406	4	0	0	0	0	0	0	0	0	0	0	0	0	0	298	4	0	0	0	0	0	0	0	0	0	0	0	3	0	0	0	0	89	692	0	0	0	0	0	0	0	0	0	0	0	0	0	0	68	0	0	0	0	0	2	0	0	0	0	0	0	0	0	0	0	0	0	0	12	0	0	0	0	0	0	0	0	2	0	60	0	0	0	3347	133	0	0	64	0	0	806	10	0	0	0	0	0	0	0	0	0	0	0	0	0	0	0	0	5	0	0	0	0	0	0	4	7	0	0	5564	0	0	2	0	0	0	0	0	0	0	96	47	0	0	0	0	0
