run	total_reads	[Bacteroides] pectinophilus group	[Clostridium] innocuum group	[Clostridium] methylpentosum group	[Eubacterium] brachy group	[Eubacterium] eligens group	[Eubacterium] ruminantium group	[Eubacterium] saphenum group	[Eubacterium] siraeum group	[Eubacterium] ventriosum group	Acetanaerobacterium	Acidaminococcus	Actinomyces	Acutalibacter	Adlercreutzia	Agathobacter	Agathobaculum	Akkermansia	Alistipes	Allisonella	Anaerobutyricum	Anaerococcus	Anaerofilum	Anaerofustis	Anaeroplasma	Anaerosporomusa	Anaerostipes	Anaerotignum	Anaerotruncus	Anaerovorax	Angelakisella	Asaccharobacter	ASF356	Asteroleplasma	Aurantimonas	Bacteroides	Barnesiella	Bifidobacterium	Bilophila	Blautia	Brachyspira	Butyricimonas	CAG-196	CAG-352	CAG-56	CAG-873	Caldicoprobacter	Campylobacter	Candidatus Soleaferrea	Caproiciproducens	Catenibacterium	Catenisphaera	CHKCI001	Christensenella	Christensenellaceae R-7 group	Citrobacter	Cloacibacillus	Clostridioides	Clostridium	Colidextribacter	Collinsella	Coprobacillus	Coprobacter	Coriobacteriaceae UCG-003	Corynebacterium	Cronobacter	Defluviitaleaceae UCG-011	Desulfovibrio	Dialister	Dielma	Dorea	DTU089	Eggerthella	Enhydrobacter	Enorma	Enterobacter	Enterocloster	Enterococcus	Enteroscipio	Eremococcus	Erysipelotrichaceae UCG-003	Erysipelotrichaceae UCG-006	Escherichia-Shigella	Eubacterium	Ezakiella	F0332	Faecalibacterium	Faecalicatena	Faecalitalea	Family XIII AD3011 group	Family XIII UCG-001	FD2005	Fenollaria	Finegoldia	Flavonifractor	Fournierella	Frisingicoccus	Fusicatenibacter	Fusobacterium	Gabonibacter	Gardnerella	GCA-900066755	Gemella	Gemmiger	Gordonibacter	Haemophilus	Harryflintia	Helicobacter	Holdemanella	Holdemania	Howardella	Hoylesella	HT002	Hungatella	Hydrogenoanaerobacterium	Intestinimonas	Klebsiella	Kosakonia	Lachnospira	Lachnospiraceae FCS020 group	Lachnospiraceae ND3007 group	Lachnospiraceae NK3A20 group	Lachnospiraceae UCG-003	Lachnospiraceae UCG-006	Lachnospiraceae UCG-010	Lacticaseibacillus	Lactiplantibacillus	Lactobacillus	Lactococcus	Lancefieldella	Latilactobacillus	Leyella	Ligilactobacillus	Limosilactobacillus	Macellibacteroides	Marvinbryantia	Massiliomicrobiota	Massiliprevotella	Mediterraneibacter	Megamonas	Megasphaera	Merdibacter	Methanobrevibacter	Mitsuokella	Mobiluncus	Mogibacterium	Monoglobus	Negativibacillus	Neisseria	Neoscardovia	NK4A214 group	Odoribacter	Oscillibacter	Oscillospira	Oxalobacter	Paeniclostridium	Paludicola	Papillibacter	Parabacteroides	Paraprevotella	Parasutterella	Parolsenella	Parvimonas	Pectobacterium	Peptococcus	Peptoniphilus	Peptostreptococcus	Peribacillus	Phascolarctobacterium	Phocea	Phoenicibacter	Porphyromonas	Prevotellaceae UCG-001	Propionibacterium	Pseudobutyrivibrio	Pseudocitrobacter	Pseudoflavonifractor	Pseudomonas	Pseudoprevotella	Psychrobacter	Pyramidobacter	Ralstonia	Raoultella	Rikenella	Rikenellaceae RC9 gut group	Romboutsia	Roseateles	Roseburia	Rothia	Ruminiclostridium	Ruminococcus	Ruthenibacterium	S5-A14a	Salmonella	Sarcina	Scardovia	Schaalia	Segatella	Sellimonas	Senegalimassilia	Serratia	Slackia	Sneathia	Solobacterium	Staphylococcus	Stomatobaculum	Streptococcus	Succiniclasticum	Succinivibrio	Sutterella	Synergistes	Thomasclavelia	TM7x	Tractidigestivibacter	Turicibacter	Tyzzerella	UCG-002	UCG-003	UCG-004	UCG-005	UCG-007	UCG-008	UCG-009	Unassigned	V9D2013 group	Varibaculum	Veillonella	Victivallis	Weissella	Zag_111
ERR2662893	337598	0	93	40	0	49	325	0	2611	23	0	0	0	5591	616	0	434	9	2703	15	15591	0	12	70	0	0	1819	0	33	409	17	0	64	33	0	10795	678	1419	500	31213	315	800	0	10	0	0	4	0	0	49	3298	0	0	23	13341	0	78	0	5881	1007	4962	0	11	52	0	0	64	8743	13	0	4301	113	10	0	0	0	48	0	0	0	311	45	4	0	0	0	4302	0	5	2192	188	64	1	0	1007	290	0	5988	15	0	0	0	0	7267	0	0	6	0	7354	8	74	0	0	148	0	164	0	0	8	168	781	0	462	291	183	63	0	0	8	0	0	3604	0	0	0	559	0	0	6002	48	0	1	61	1188	0	0	365	0	0	0	1995	539	481	56	136	9995	75	29	4596	354	49	276	7	0	15	0	4	0	11413	0	0	0	15	0	766	0	0	0	0	0	0	0	0	0	8569	0	7	0	0	25	345	271	0	0	0	0	17	31276	0	1342	0	547	0	0	0	0	12	0	11844	246	0	4	0	288	306	1	16680	308	221	1946	2	0	83	70473	0	0	0	6	0	468
ERR2662898	273628	0	196	0	62	1785	397	0	0	4	19	0	0	107	98	0	986	0	1948	465	4890	0	0	14	0	0	353	0	4	0	0	43	0	0	0	17256	483	5576	364	51294	0	0	0	0	0	2	0	0	27	13	16204	5	0	0	6	0	0	0	0	77	5558	7	260	0	0	0	0	0	2947	35	4233	7	8	0	0	0	3508	1137	0	0	739	0	862	0	0	0	21041	0	0	318	12	277	0	0	381	0	0	3305	0	0	0	0	3	0	0	22	0	170	15276	74	1	0	7	17	0	60	0	0	215	0	1942	0	359	0	0	13	0	0	18	0	0	0	0	0	0	0	33	2	10636	0	0	26	0	0	0	0	459	0	0	0	0	663	0	484	3	618	35	0	3160	0	0	0	0	0	0	0	10	0	63	0	0	0	0	0	61933	0	0	0	0	0	0	0	0	0	9	0	4	0	0	0	6693	21	0	110	0	0	13	6046	0	388	0	136	0	0	23	0	727	0	0	458	0	17	0	0	103	120	361	0	0	0	0	0	0	14771	0	0	0	0	13	0
ERR2662910	178190	0	0	0	0	539	5133	0	532	2119	0	0	0	466	1	0	1375	0	5922	0	1982	0	0	0	0	0	1030	0	20	26	7	0	0	184	0	16373	256	13131	436	8368	0	710	0	9078	0	2038	0	0	9	0	0	0	0	0	972	81	7	0	206	351	755	13	292	16	0	0	22	35	1179	0	1631	0	13	0	0	0	193	0	2	0	454	0	107	0	0	0	17199	0	0	142	22	0	0	0	235	258	0	3519	0	0	0	0	0	2649	24	35	0	0	0	10	0	0	0	3222	0	62	0	0	3662	38	1059	0	1505	0	23	0	0	0	36	1	0	0	2514	0	0	0	0	0	329	0	0	0	5	0	0	1	500	18	0	0	1756	371	100	77	0	1012	50	0	2531	1132	5	0	0	0	0	0	0	0	779	3	29	0	6788	0	1023	0	0	41	0	0	0	0	0	0	0	0	0	7275	0	0	1924	29	0	0	654	0	7	0	0	61	0	0	0	0	0	0	26	0	0	918	0	0	0	0	170	186	5132	230	0	932	0	2	34	31781	0	0	0	0	0	0
ERR2662911	424153	0	0	26	0	1422	14577	0	855	44	0	0	0	2315	0	0	5265	0	147	0	4888	0	0	0	0	0	726	0	25	276	0	190	40	0	0	14737	142	1178	0	34705	0	284	0	0	0	1392	0	0	6	6	5107	4091	0	6	3574	0	0	0	1042	1630	10541	0	28	0	0	0	71	1205	0	0	13772	41	0	0	0	0	372	0	0	0	408	0	0	0	0	0	27715	0	0	926	434	765	0	0	0	64	0	5364	0	24	0	0	0	0	0	0	6	0	4	22	442	0	3	50	0	102	0	0	1304	47	3136	868	3984	8124	0	0	0	0	8	0	0	0	21	0	0	223	5	3812	8693	0	0	0	7	0	0	5	1139	0	0	0	5983	263	134	166	85	22942	37	39	495	375	17	1252	0	0	1515	0	0	0	7147	0	0	0	1630	0	3069	0	0	0	0	0	0	0	5	0	15266	0	0	35748	5	0	8811	11	0	0	565	0	85	13978	0	754	0	2974	0	3432	0	0	368	0	144	404	0	0	0	524	497	7	8428	1218	10	2775	0	5	331	90228	0	0	0	0	0	0
ERR2662912	286679	0	0	14	0	1852	6629	0	1155	32	0	0	0	4306	0	0	1976	0	276	0	3415	0	12	0	0	0	404	0	11	681	4	52	22	0	0	5607	129	821	10	24511	0	100	0	0	0	3931	0	0	8	6	2084	3148	0	15	4402	2495	2	0	2598	1469	10854	0	13	0	0	0	35	1868	0	0	12310	44	0	0	0	0	149	0	0	0	196	0	6	0	0	0	17901	0	0	975	469	753	0	0	0	110	0	2960	0	24	0	0	0	316	0	7	30	0	0	29	309	0	0	58	0	94	0	0	872	81	2376	483	2442	1886	23	0	0	0	12	0	0	0	6	0	0	177	5	1366	3167	0	0	4	15	0	0	10	336	0	0	0	5919	110	254	193	51	21873	30	22	254	78	19	666	0	0	2118	0	0	0	5569	0	0	0	743	0	1633	0	0	0	0	0	0	0	317	0	6446	419	0	17382	0	0	1245	18	0	0	129	0	59	3539	0	540	0	812	0	1715	0	0	52	0	134	143	0	0	0	315	1044	10	7928	449	2	2956	0	10	222	66293	1	0	19	0	0	0
ERR2662913	353740	0	6	9	0	1817	8684	0	0	275	0	0	0	2526	0	0	3759	64	1133	0	18125	0	7	0	0	0	4908	0	11	170	0	0	237	0	0	16555	162	330	27	63050	0	77	10	0	0	146	0	39	19	0	14235	1701	0	19	2980	0	7	0	701	842	4157	0	189	0	0	0	59	31	0	0	14814	8	14	0	0	0	1087	0	0	0	3508	0	3443	0	0	0	24135	0	0	1026	487	640	19	0	75	45	0	7389	0	0	0	0	0	0	0	0	0	0	1	32	498	0	9	207	0	67	0	0	2720	44	2626	76	5399	299	50	64	0	25	40	0	0	0	9	23	0	193	0	139	7726	0	0	0	8	0	5	0	700	0	0	0	2349	273	104	363	18	7433	55	18	1378	478	6	317	0	0	1722	16	0	0	1821	0	0	0	138	0	3528	0	0	0	0	0	0	0	0	0	386	0	8	499	0	0	6524	49	0	0	0	0	19	889	0	638	0	1188	0	1828	1	0	880	0	6	755	0	0	0	72	912	15	12267	340	4	2428	0	9	249	79029	0	0	11	0	0	0
ERR2662914	215462	0	513	25	1	652	773	0	2147	60	0	0	0	1382	0	0	180	5146	2387	53	7980	12	2	28	0	0	1476	0	52	443	13	0	26	0	0	27785	444	2436	37	21379	0	535	0	2244	0	4057	4	0	208	12	0	95	0	20	10110	0	4	0	598	732	2355	0	65	0	0	0	82	1048	0	5	86	65	56	0	0	0	0	7	0	0	2069	0	3698	0	0	0	8554	0	0	1077	182	0	19	0	41	93	0	5101	0	45	4	0	0	1581	15	0	0	0	15272	31	420	8	0	0	21	174	0	0	466	33	197	0	669	4801	29	0	0	0	1	0	0	0	0	15	0	87	22	35	4851	0	0	12	27	0	0	158	113	0	0	0	6808	217	77	189	31	4441	69	31	713	0	87	0	14	0	989	18	10	0	1146	8	0	0	13	0	156	0	0	0	0	0	0	0	0	0	5696	0	0	0	0	0	5150	355	8	0	0	0	60	4	0	0	0	407	0	0	0	0	83	0	0	157	0	17	3	229	13	7	9791	410	33	3148	59	0	114	26958	0	0	2	0	0	0
ERR2662916	322131	669	0	0	2	441	2613	0	418	263	0	0	0	505	494	0	2030	1629	2263	0	4875	0	3	41	0	0	12016	0	45	481	22	6	20	142	0	49642	4284	20119	217	19848	0	519	456	269	0	0	0	0	8	0	0	0	0	9	14111	0	48	0	770	550	2249	0	128	0	0	0	107	152	80	0	1214	25	0	0	0	0	77	0	0	0	843	0	0	0	0	0	19163	0	0	262	147	2	0	0	281	390	0	8901	0	0	0	0	3	17383	0	15	0	0	4958	0	306	0	0	1469	70	182	0	0	191	65	2095	0	576	2012	44	1	0	5	0	0	0	0	5364	0	0	169	0	0	2575	0	0	0	30	0	0	0	1044	0	0	0	4580	887	192	44	46	636	102	26	685	0	878	0	0	0	52	0	0	0	2490	0	0	0	0	0	17465	0	0	0	0	0	0	0	0	0	1	0	0	0	0	0	10023	42	0	0	12	0	18	0	0	376	0	186	0	0	0	4160	70	0	0	0	0	17	0	0	24	190	3039	243	31	1231	0	0	51	61883	1	0	44	0	0	0
ERR2662921	369519	0	46	6	101	135	14436	0	0	478	18	0	5	159	0	0	3264	6497	20469	0	18727	0	0	0	0	0	2925	0	54	0	0	0	221	0	0	73248	981	12252	996	46397	0	278	0	10579	0	0	0	0	28	83	0	0	0	0	1217	0	0	0	13	742	7414	0	990	0	0	33	150	129	184	0	2001	43	225	0	0	0	0	1321	226	0	3127	0	401	0	0	0	26051	0	0	135	123	0	0	0	373	0	0	1961	0	0	0	0	0	4751	0	138	34	0	0	77	0	0	0	9	0	225	24	0	3793	0	1218	0	1396	0	19	14	0	3	107	0	54	0	2	0	0	0	7	0	1732	0	0	24	1	0	0	0	549	75	0	0	30	2849	80	1061	20	1048	4	0	997	0	143	0	0	0	6	0	0	0	0	15	0	0	0	0	32156	0	0	0	0	0	0	0	0	0	0	0	0	12539	26	0	3004	53	0	389	407	0	22	0	0	0	0	0	0	0	0	0	1402	0	0	0	0	9	2	0	232	1137	5772	49	0	1700	0	0	13	30830	4	0	26	0	0	0
ERR2662925	174063	0	32	9	22	3283	2989	0	2835	188	2	0	0	153	0	0	1145	0	16	0	3489	0	0	6	0	0	1027	0	12	0	0	0	0	0	0	49229	4464	1515	192	12945	0	0	681	20	0	0	0	0	1	1	0	0	7	0	818	0	0	0	436	129	804	0	1	0	0	0	0	0	0	0	3160	59	32	0	0	0	0	0	0	0	1231	0	843	0	0	0	13754	494	0	85	118	0	0	0	11	0	0	6291	3	0	0	0	0	2987	20	128	0	0	0	20	2	0	0	0	0	13	0	0	1311	0	1226	0	1261	0	321	31	0	0	724	0	0	0	0	0	0	0	27	6151	14342	0	0	23	0	0	0	0	2304	27	0	0	672	476	0	79	0	2754	0	10	2388	0	578	0	0	0	15	0	0	0	702	0	0	0	0	0	316	0	0	0	0	0	0	2	0	0	1	0	0	0	3	0	1467	32	0	0	0	0	10	0	0	0	0	0	0	0	0	0	206	0	0	322	0	42	4	0	344	1122	1049	0	0	111	0	0	23	17871	0	0	14	0	0	0
ERR2662927	215229	0	67	9	24	1080	39	0	14	398	13	0	0	84	0	0	5176	0	0	0	2808	0	0	5	0	0	5217	0	17	0	0	222	0	0	0	51526	1572	2505	335	22807	0	0	0	0	0	0	0	0	18	0	0	0	0	0	375	0	0	0	752	117	2468	0	0	0	0	0	0	1	0	0	3283	15	92	0	0	0	556	984	0	0	4143	0	88	0	0	0	33725	0	0	69	74	0	0	0	23	0	0	14755	0	0	0	0	5	3393	24	24	0	0	1	64	0	0	0	0	0	13	0	0	2187	0	1733	0	1719	0	197	0	0	6	133	0	0	0	0	2	0	0	21	10642	2319	0	0	18	0	0	0	0	1070	25	0	0	506	885	0	130	0	303	2	0	1433	0	157	0	3	0	0	0	0	0	988	0	0	0	0	2	1510	0	0	0	0	0	0	0	0	0	0	0	0	16102	0	0	2207	19	0	0	0	0	27	0	0	1	0	0	0	0	38	0	769	0	0	636	0	0	0	0	0	384	1010	0	0	59	0	0	22	8957	0	0	27	0	0	0
ERR2662930	516993	0	0	100	2	29	16878	0	0	19	0	3564	0	3729	0	0	3160	11565	3235	57	6453	0	155	4	0	0	1470	0	57	13	0	0	127	0	0	24260	92	13628	120	50213	0	30	0	0	0	0	0	0	43	62	54079	288	22	91	4739	0	0	0	227	990	16660	0	369	0	0	0	68	57	0	0	6919	230	7	0	542	0	111	8	0	0	132	0	222	0	0	0	40342	0	0	1020	132	28	0	0	1948	180	0	4923	0	8	0	0	3	34900	165	0	0	0	8634	18	439	0	0	0	0	90	0	0	89	55	2500	0	3976	0	0	124	0	0	28	6	32	0	0	0	0	0	20	0	16162	0	23165	61	0	1623	0	214	571	1602	0	0	2031	443	15	1146	3	4797	232	34	1008	314	1	0	0	0	6492	0	0	0	520	15	0	0	85	0	37009	0	0	0	753	0	0	5	0	0	0	0	0	0	0	0	18748	81	0	0	0	0	23	1219	0	3814	0	2174	0	2414	0	0	1170	0	0	37	0	0	1	0	166	17	9636	35	0	7259	0	0	698	46714	0	0	0	0	0	0
ERR2662932	235086	0	16	0	304	978	2781	24	47	133	24	0	20	875	0	0	282	120	4136	70	5358	0	2	0	0	0	1471	0	77	8	0	132	50	0	0	10289	428	11641	130	17487	0	43	0	413	0	0	0	0	39	0	0	0	0	29	6971	0	111	0	3988	968	15850	0	284	0	0	95	64	6	2109	0	4468	56	0	0	0	0	0	22	0	0	1536	0	21050	0	3	0	15555	0	0	402	223	0	10	0	18	0	0	2040	0	0	0	0	7	8990	0	83	0	0	3	20	0	10	0	0	10	75	0	0	543	52	519	0	494	250	41	0	0	7	79	0	0	0	1851	0	0	179	5	220	10124	0	920	10	4	0	0	0	1582	396	0	0	738	1125	96	92	0	5830	91	27	778	0	8	0	95	0	8	8	0	0	0	14	0	0	0	0	9297	0	0	0	0	0	0	0	0	0	0	0	0	0	0	0	9283	121	0	46	0	0	30	0	0	623	0	821	0	0	0	0	410	0	0	233	0	18	2	0	224	6	4871	152	10	1691	10	0	227	38337	9	0	45	0	0	0
ERR2662933	282030	0	17	36	461	1313	6909	31	0	115	5	0	33	1680	0	0	504	286	1763	47	11039	0	5	2	0	0	2719	0	59	0	0	0	44	0	0	4729	154	42022	199	24618	0	16	95	4239	0	0	0	0	83	4	2	0	0	51	15805	171	392	0	1880	1353	13035	0	384	0	28	141	68	9	915	0	5808	39	4	0	0	298	0	805	110	0	1449	0	317	0	0	0	17011	0	0	805	279	0	0	0	33	0	0	1501	0	0	0	0	7	18892	0	143	8	0	4	32	0	0	0	0	24	59	0	0	194	48	429	0	783	0	16	28	0	34	518	0	0	0	1372	0	0	0	1	18	9936	0	1221	24	6	0	0	0	807	467	0	0	1519	1348	37	143	0	1444	80	36	484	0	0	0	46	0	24	0	0	0	0	10	0	0	0	0	12339	0	0	0	0	0	0	0	411	0	0	0	0	0	0	0	3161	87	0	103	0	0	47	0	0	1943	0	2836	0	0	0	0	1614	0	0	63	0	0	0	0	33	5	2499	226	1	1277	0	0	116	49102	4	0	1	0	0	0
ERR2662936	259437	0	41	0	0	443	17	0	0	58	0	0	0	130	0	0	651	133	3251	223	5386	0	9	2	0	0	1042	0	30	46	0	315	55	0	0	28000	635	10344	773	32020	0	172	0	18322	0	0	0	0	15	20	2828	0	0	0	3207	0	0	0	2	817	4004	41	526	0	0	0	10	0	3546	0	4100	27	83	0	21	0	230	8	0	0	0	0	3990	0	0	0	16747	0	0	379	0	0	0	0	34	0	0	10643	0	0	0	0	0	10763	7	43	17	0	23141	52	135	0	4	19	0	45	0	0	363	22	731	0	1714	0	720	337	2	6	23	0	6	0	0	0	0	0	5	0	367	0	0	59	0	0	0	0	980	443	0	0	658	257	4	116	13	21	44	8	666	0	5	0	0	0	0	0	0	0	0	2	0	0	0	0	19671	0	0	6	0	0	90	0	0	0	0	0	0	15614	0	0	3631	48	0	0	0	0	52	0	0	0	0	0	0	0	0	0	1230	0	0	885	0	13	1	0	30	0	4096	118	0	636	0	0	5	18122	0	0	15	0	0	0
ERR2662937	181898	0	37	16	9	99	0	0	0	14	0	0	0	2354	168	0	841	1223	3427	0	4936	0	28	13	0	0	2374	484	107	0	7	0	82	0	0	34687	4834	16729	671	20195	0	284	0	0	0	0	0	0	15	9	0	0	21	44	611	0	0	0	64	512	9821	78	116	0	0	0	34	62	1552	7	4043	119	48	0	0	0	0	0	0	0	350	0	0	0	0	0	16314	679	5	332	196	0	0	0	1253	0	0	1056	0	0	0	0	1	2185	0	0	21	0	0	81	0	0	0	85	6	1322	0	0	2	11	5	0	601	0	0	0	0	0	66	0	0	0	0	0	0	0	29	0	9853	0	0	0	3	0	0	0	238	0	0	0	78	617	0	1156	0	187	105	5	2995	762	23	0	0	0	583	0	3	0	0	0	0	0	0	0	0	0	0	0	0	0	0	0	0	0	0	0	0	0	0	0	7846	502	0	0	0	0	67	0	4	2603	0	253	0	0	0	0	187	0	0	492	0	285	5	478	0	0	635	0	0	1383	0	0	28	15147	0	0	0	0	0	0
ERR2662939	172888	0	85	10	5	1436	0	0	0	4	0	0	3	902	0	0	1985	3095	9339	0	4205	0	18	3	0	0	4303	402	134	0	0	0	468	0	0	46419	535	4075	474	14545	0	322	0	0	0	0	0	0	19	1	0	0	7	9	101	0	0	0	0	159	3832	0	217	0	0	0	18	97	0	0	2076	30	68	0	0	0	32	0	0	0	588	0	19204	0	0	0	14473	559	0	242	142	0	0	0	403	0	0	639	0	0	0	0	0	646	0	0	6	0	0	40	0	0	0	58	2	357	0	0	0	14	0	0	696	0	0	54	0	0	497	0	0	0	0	0	0	0	7	0	9117	0	0	0	0	0	0	0	531	0	0	0	0	1441	12	2031	13	9	36	7	3772	754	0	0	0	0	152	0	0	0	1	0	0	0	0	0	21	0	0	285	0	0	0	0	0	0	0	0	0	0	0	0	56	47	0	0	0	0	8	0	0	289	0	109	0	0	0	0	4004	0	0	154	0	166	0	257	0	0	71	7	0	113	0	0	4	11361	0	0	0	0	0	0
ERR2662941	458309	0	6	0	0	2062	49	0	17	0	0	0	64	53	0	0	175	2099	76521	0	4366	0	0	0	0	0	3285	0	26	0	0	360	0	0	0	113937	346	32374	39790	35610	0	2107	10	55	0	0	0	0	14	2	0	0	0	0	2634	0	0	0	307	121	25215	0	3847	0	0	0	7	71	0	7	500	4	208	0	0	0	434	0	0	0	622	0	1034	0	0	9	8151	238	0	393	3	3	0	0	5	0	0	2153	0	0	0	0	21	18886	5	12	9	0	0	44	212	0	0	54	0	8	0	0	0	42	1759	0	859	0	0	0	35	0	0	24	0	0	0	0	0	0	0	0	1580	0	0	6	0	0	0	0	589	3	0	0	23	5624	7	4	0	3899	5	0	3783	2138	619	0	0	0	0	4	0	0	1315	0	0	0	0	0	3426	0	0	3	0	0	0	15	0	0	0	0	0	0	20	0	34	51	0	0	0	0	369	0	4	0	0	0	0	0	0	0	1580	0	0	0	0	7	2	0	94	0	1101	3	0	353	0	0	0	50353	0	0	12	19	0	0
ERR2662945	322502	0	35	0	0	9732	6753	0	13	31	0	0	0	389	345	0	3326	33	1767	0	6138	0	10	3	0	0	6629	135	43	8	0	520	38	0	0	18160	15	7872	413	24830	0	479	39	0	0	0	0	0	29	2	0	0	0	6	1553	0	0	0	102	446	22806	2	36	0	0	0	0	0	0	2	1240	23	50	0	0	0	342	16	0	0	1458	0	35	0	0	0	27440	0	1	658	91	0	0	0	861	0	0	3529	0	0	0	0	2	3866	0	552	4	0	0	0	362	3	1	26	0	58	0	0	532	18	763	0	1781	0	28	0	0	6	442	9	0	18995	13756	1	0	0	0	664	2095	0	0	11	2	0	0	69	1609	0	0	0	285	117	29	238	19	0	3	0	775	1793	6	0	0	0	0	0	0	0	0	0	0	0	0	0	3955	0	0	0	0	0	0	0	0	0	220	0	0	18500	40	0	20262	46	0	0	0	0	147	24355	0	1004	0	976	0	0	16	0	854	0	0	155	0	8	0	0	8	2	1634	156	44	457	0	0	12	52059	0	0	186	2	0	0
ERR2662895	287165	0	0	13	0	164	16144	0	455	101	0	0	0	539	1249	0	1468	0	1239	180	7901	0	7	1	0	0	5742	0	19	82	0	0	154	4	0	3722	46	91	471	34744	92	189	0	0	0	0	0	0	25	16	12756	0	0	0	1552	0	0	0	32	306	6387	0	0	138	0	0	16	1235	0	0	11285	45	0	0	0	0	964	0	0	0	1422	217	0	0	0	0	23658	0	0	510	380	1541	0	0	774	132	0	12240	0	0	0	0	1	7259	0	0	0	0	35684	3	294	0	0	45	0	67	0	0	436	64	1290	0	1377	326	23	53	0	19	69	0	0	73	0	5	0	124	0	0	13617	0	0	3	1	2945	0	0	58	0	0	0	670	889	302	106	106	537	109	5	521	862	39	952	0	0	7	0	0	0	8258	0	0	0	533	0	6119	0	0	0	0	0	0	0	0	0	313	0	7	0	0	0	3322	36	0	0	0	0	26	11100	0	1065	0	1411	0	0	5	0	1827	0	2233	46	0	9	1	87	98	6	4575	279	4	988	0	0	71	25010	0	0	0	0	0	347
ERR2662896	357628	0	181	0	63	350	7199	0	0	207	13	0	0	325	308	0	3026	0	7892	812	3101	0	0	22	0	0	274	790	38	0	0	223	0	0	0	20970	1012	13399	647	33275	0	0	0	0	0	0	0	0	73	6	18865	0	0	0	380	0	0	60	66	944	10579	10	101	0	0	0	0	0	23480	3	1878	132	10	9	0	0	613	399	0	0	260	0	42	0	0	0	26307	0	7	640	168	17	0	0	487	0	0	8084	0	0	0	0	0	0	0	33	0	0	17008	225	0	0	31	37	0	226	0	0	455	0	2043	0	556	0	58	0	0	0	26	0	0	0	0	0	0	0	47	0	3417	0	0	159	0	0	0	0	638	269	0	0	724	1014	53	1516	0	2323	95	0	5251	0	0	0	0	0	0	0	0	0	244	8	0	0	0	0	7663	0	0	0	0	0	0	0	0	0	0	0	0	22884	5	0	13791	67	0	0	0	0	34	36787	0	810	0	665	0	0	10	44	11983	0	0	4509	0	46	3	0	197	59	2482	0	0	25	0	0	109	31080	0	0	7	0	0	165
ERR2662897	315849	0	277	30	120	800	3793	0	29	47	25	0	0	512	407	0	1905	0	5466	513	5467	0	0	23	0	0	267	678	60	0	0	385	0	0	0	33832	1716	2417	423	57046	0	0	0	0	0	0	0	0	81	23	9767	0	0	0	648	0	0	0	8	1312	8438	8	418	0	0	0	0	0	6158	4	5871	147	21	0	0	0	2159	627	0	0	893	0	128	48	0	0	16185	0	0	785	286	127	0	0	673	0	0	7163	0	0	0	0	33	0	0	0	0	0	29746	134	0	0	3	57	0	381	0	0	44	0	1556	0	922	100	60	13	0	111	195	0	9	0	0	0	0	36	80	0	28658	0	0	52	0	0	0	0	1075	1216	0	0	706	635	29	814	0	4747	163	0	3483	0	0	0	2	0	0	0	3	0	236	29	0	0	0	22	2933	0	59	0	0	0	0	0	0	0	0	0	0	0	4	0	19634	113	0	0	0	0	46	1067	0	873	0	803	0	6	4	73	3824	0	0	622	0	32	4	0	267	170	781	0	0	0	0	0	85	30826	0	0	0	0	0	57
ERR2662899	320488	0	11	14	346	397	0	0	207	1589	27	0	0	315	221	0	1489	1273	6891	237	6170	0	28	10	0	0	2589	0	116	0	28	129	82	0	0	6580	81	7394	229	23796	0	467	270	10551	0	0	0	0	1028	32	0	0	25	28	6971	0	45	0	435	384	8791	0	22	0	0	0	194	24	12847	8	5268	162	0	0	0	0	484	0	0	0	1436	0	215	0	0	0	31699	0	4	378	398	0	0	0	18	0	105	4980	0	0	0	0	11	4481	61	0	41	0	3	43	287	0	0	47	63	544	1	0	757	0	21	0	928	0	255	0	0	0	16	0	0	0	0	0	0	0	4	455	5288	62721	0	25	18	0	0	0	1376	334	0	0	2246	230	24	511	49	324	36	39	1482	277	5	68	0	0	0	0	0	0	0	21	0	0	0	0	7506	0	0	0	0	0	0	0	0	0	1	0	0	11219	0	0	10538	82	0	0	0	0	10	15791	5	289	0	868	0	0	0	55	422	0	0	1095	0	66	0	0	24	245	5488	367	0	3624	0	0	123	32054	6	0	0	0	0	0
ERR2662901	291831	0	42	23	315	2201	0	0	42	1004	39	0	0	507	287	0	1740	11419	11767	189	11383	0	20	8	0	0	11927	0	99	0	20	58	61	0	0	20865	6	7969	169	40701	0	198	13	28955	0	0	0	0	993	30	0	0	48	59	5893	0	363	0	7	483	6474	0	116	0	0	4	70	56	0	15	7493	188	0	0	0	0	75	0	0	0	6166	0	2155	0	0	0	19273	0	15	283	406	0	0	0	265	0	1002	2469	0	0	0	0	5	6259	87	3	68	0	1	73	455	0	0	23	32	928	0	0	2877	0	12	0	1442	0	32	0	0	8	47	0	0	0	0	32	0	0	2	130	8913	3499	0	44	67	0	0	0	2007	819	0	0	2560	449	23	4079	39	0	49	22	2065	1184	0	41	0	0	18	0	0	0	0	28	0	0	0	0	1546	0	0	0	0	0	0	0	0	0	0	0	4	0	0	0	8937	74	0	157	0	0	15	180	56	194	0	517	0	0	2	74	1726	0	0	382	0	103	5	0	0	393	6127	297	0	5493	0	0	106	20582	11	0	0	0	0	0
ERR2662902	509584	0	47	91	24	1568	7330	0	6141	579	92	0	18	635	957	0	451	16747	71050	0	1602	0	0	76	0	0	6547	19	306	1904	53	0	93	0	3	18295	2829	1054	1541	7425	0	989	627	0	0	0	0	0	2075	39	0	0	0	129	28948	0	7441	0	4284	866	134	0	1631	0	0	0	103	1499	0	0	0	342	66	0	0	25	177	39	0	0	1918	0	19104	0	0	0	13701	0	87	1645	163	0	0	0	0	0	279	1247	0	0	0	109	3	5392	19	30	44	0	9929	303	0	0	0	29	420	1864	5	0	376	0	325	0	528	654	0	0	0	3	103	0	0	0	0	4	0	0	101	843	11956	17	0	108	22	0	0	129	387	261	0	0	6208	1249	695	1860	94	3672	517	44	47433	18129	17	0	0	0	0	0	0	0	3731	4	0	0	0	0	5934	0	0	57	0	26	78	0	0	0	0	0	0	0	0	46	4491	313	0	0	0	0	23	843	107	657	0	0	0	0	5	0	179	0	0	5712	0	344	0	0	236	6	13757	0	0	3098	12	0	141	120800	16	0	8	41	2	0
ERR2662904	334954	0	217	40	1	3383	16319	0	14	57	69	0	0	1397	431	0	4045	18529	32075	0	14996	0	0	61	0	0	5582	49	286	12	3	0	44	0	0	16031	84	2591	583	27525	0	158	0	7	0	0	0	0	80	13	0	0	0	70	5590	0	723	0	70	388	145	0	129	0	0	0	74	86	0	0	0	75	78	0	0	0	272	9	0	0	7994	0	12891	0	2	0	13333	0	174	1578	333	67	0	0	8	0	3685	3882	0	0	0	0	4	6713	0	13	31	0	38832	225	0	0	0	151	0	147	0	93	2786	0	691	0	938	434	0	0	7	123	27	0	1	0	0	12	0	0	136	107	13525	0	0	174	57	0	0	154	213	558	0	0	2081	206	221	490	82	146	39	6	1406	156	0	0	0	0	0	0	0	0	171	4	0	0	0	0	9404	0	0	199	0	0	155	0	0	0	8	0	5	0	0	0	9683	794	0	201	0	0	7	40	267	645	0	0	0	0	0	0	750	0	0	75	0	180	0	0	155	550	1652	0	0	1062	0	3	20	41562	6	30	0	3	0	0
ERR2662905	372555	0	12	1	0	7027	0	0	0	533	0	0	0	649	0	0	3045	0	2598	0	7716	0	0	0	2403	0	5492	0	0	0	0	0	0	0	0	96392	1685	15830	0	39734	0	0	0	0	0	0	0	0	0	0	0	0	0	0	278	0	0	0	1235	557	2253	0	168	0	0	0	0	0	1442	0	2401	0	80	0	0	0	720	0	0	0	1911	0	81	0	0	0	61803	0	0	57	24	0	0	0	97	0	0	13822	4	0	0	0	16	0	0	245	0	0	0	0	0	0	0	0	0	0	0	0	5419	24	2868	0	1207	0	150	0	0	0	58	3	0	0	0	0	0	47	0	0	2254	0	0	1	0	0	0	0	4572	0	0	25	0	1146	0	105	0	3133	0	0	3003	0	8	0	0	0	0	0	0	0	0	0	0	0	0	0	4508	0	0	0	0	0	0	0	0	0	0	0	0	29164	0	0	3799	11	0	0	0	0	34	0	0	0	0	0	0	0	0	0	2117	0	0	1990	0	27	0	0	107	0	596	118	0	0	0	0	0	35624	0	0	126	0	0	0
ERR2662906	273106	0	8	0	0	8344	0	0	0	739	0	0	0	114	0	0	3276	0	1029	0	6430	0	0	0	0	0	4517	0	0	0	0	0	0	0	0	80280	580	5784	0	29999	0	0	0	0	0	0	0	0	0	0	0	0	0	0	25	0	0	0	42	219	1125	0	32	0	0	0	0	0	614	0	3465	0	15	0	0	0	3953	0	0	0	3891	0	55	0	0	0	14917	0	0	32	3	0	0	0	27	0	0	12744	0	0	0	0	19	0	0	1276	0	0	0	0	0	0	0	0	0	0	0	0	11200	4	960	0	1012	0	133	0	0	0	299	0	0	0	0	0	0	0	0	0	3759	0	0	0	0	0	0	0	963	0	13	0	2	309	0	21	0	319	0	0	3897	0	0	0	0	0	0	1	0	0	0	0	0	0	0	0	4363	0	0	0	0	0	0	0	0	0	0	0	4	27461	18	0	388	0	0	0	0	0	39	0	0	0	0	0	0	0	3	0	2664	0	0	2687	0	31	7	0	18	0	14	3	0	0	0	0	0	28247	0	0	713	0	0	0
ERR2662908	185207	0	0	0	4	642	3749	0	825	410	4	0	0	430	1	0	1085	0	5719	0	3022	0	0	0	0	0	3684	0	29	52	7	0	0	115	0	15131	1358	8851	146	7706	0	517	0	5481	0	2193	0	0	26	0	0	0	0	7	1503	0	0	0	1002	343	1527	0	133	36	0	0	143	22	4624	0	2201	11	19	0	0	0	93	0	0	0	1063	0	22	0	0	0	16515	0	0	339	83	0	0	0	551	229	0	1901	0	0	0	0	0	4866	22	299	15	0	0	6	0	0	0	1739	0	85	0	0	4341	29	1753	0	1089	63	15	0	0	4	1	0	0	0	843	1	0	0	0	0	1172	0	0	1	0	0	0	4	1263	28	0	0	687	455	86	58	0	6408	13	4	827	579	0	0	4	0	0	0	0	0	36	0	54	0	3718	0	6608	0	0	0	0	0	0	0	0	0	0	0	0	9101	0	0	3192	27	0	0	750	0	14	0	0	196	0	0	0	0	0	0	210	4	0	1045	0	0	0	0	137	490	6359	177	0	1142	0	9	62	30437	0	0	1125	0	0	0
ERR2662922	344919	0	0	97	5	1997	759	0	593	0	11	0	6	1008	632	0	1216	712	404	0	10587	0	10	27	0	0	5869	0	57	596	0	21	0	0	0	4767	380	11891	60	33098	0	250	77	0	0	0	5	0	20	1	13188	27	0	14	35487	0	51	0	10121	1391	5687	0	208	0	0	0	90	3549	3365	26	4167	85	0	0	0	0	0	0	0	0	938	0	1647	26	0	0	14211	133	1	809	758	15	5	0	1579	358	0	8418	0	90	0	0	0	7002	0	4	0	0	7740	11	447	0	1	0	21	155	0	0	425	66	4216	0	1380	0	77	18	1	35	13	0	0	0	0	0	0	0	0	178	2596	0	0	86	17	1307	0	20	853	44	0	0	2896	559	180	216	0	8004	130	50	702	530	0	480	0	0	1904	0	0	0	801	7	32	0	0	5	10028	0	0	0	0	0	0	0	0	0	25883	0	0	8090	0	24	3722	42	0	0	829	0	20	1326	0	1781	0	787	0	731	0	1007	522	0	0	207	0	53	3	296	24	9	5364	56	21	1812	29	15	36	57362	24	0	7	0	0	0
ERR2662924	393674	0	0	140	0	744	2853	4	264	0	9	0	0	1443	1033	0	2494	2028	820	0	8690	0	42	53	0	0	2337	0	84	123	8	13	15	0	0	7168	113	4738	592	44929	0	339	157	0	0	0	0	0	26	13	17508	76	0	26	52386	4698	197	0	895	1572	6696	0	1829	0	0	232	114	1290	1449	12	4234	126	0	0	0	171	176	0	0	0	883	0	18163	38	0	0	19211	0	10	1164	530	38	0	0	921	767	0	6203	0	113	0	0	0	9826	0	5	0	0	7338	27	348	0	0	0	14	191	11	0	449	147	2702	0	325	0	83	26	0	0	139	14	0	0	0	0	0	0	0	402	2810	0	0	199	29	1418	0	12	1192	70	0	0	4692	7054	137	585	0	563	326	85	5470	1207	0	288	0	0	2158	0	0	0	947	11	25	0	0	0	12594	12580	0	203	0	0	0	0	1866	0	6004	0	0	8082	0	145	3534	67	0	1160	10	0	80	4637	0	1753	68	699	0	952	0	605	628	0	0	258	0	28	8	207	81	10	7571	174	52	3089	43	28	15	52017	36	0	8	0	0	57
ERR2662929	190904	0	0	18	0	77	279	0	9	8	0	1798	11	583	0	0	1720	44	72	130	1712	0	15	0	0	0	565	0	0	7	0	0	0	0	0	2973	50	12162	2	15280	0	5	0	0	0	0	0	0	9	0	14102	10	4	0	429	0	0	0	98	156	3510	0	21	0	0	0	0	10	0	0	5785	37	2	0	25	0	172	0	0	0	31	0	46	0	0	0	34304	78	0	62	256	78	0	0	686	40	0	6823	0	0	0	0	0	6596	0	17	0	0	6736	3	164	0	0	0	0	16	0	0	284	21	1205	0	238	0	26	9	0	0	25	0	0	0	0	0	0	0	0	0	3634	0	5003	0	0	301	0	14	527	92	0	0	105	18	2	135	0	941	0	0	646	301	0	0	0	0	705	0	0	0	212	0	0	0	209	0	7376	0	0	0	3020	0	0	3	0	0	0	0	0	14833	6	0	944	0	0	0	0	6	11	8158	0	1988	0	1942	0	1214	1	0	445	0	0	125	0	0	0	0	42	0	475	10	0	237	0	0	14	17560	0	0	13	2	0	0
ERR2662938	174494	0	86	9	13	665	0	0	0	112	1	0	4	1396	0	0	3539	313	3000	0	2274	0	43	15	0	0	10232	265	108	0	0	0	52	0	0	19690	831	7657	1623	43833	0	79	0	0	0	0	0	0	12	0	0	0	32	23	297	0	0	0	17	242	4957	0	115	0	0	0	22	30	1771	0	4982	77	41	0	0	0	2295	0	0	0	1099	0	16	0	0	0	15591	0	0	215	148	0	0	0	1008	0	0	3149	0	0	0	0	14	4156	0	0	18	0	0	99	0	0	0	185	3	650	0	0	0	33	15	0	606	0	0	0	0	0	11	0	10	0	0	0	0	0	23	0	8438	0	0	0	0	0	0	0	494	0	0	0	0	369	0	666	13	141	167	5	2767	1421	42	0	2	0	242	0	0	0	0	0	0	0	0	0	0	0	0	0	0	0	0	0	0	0	0	0	0	0	0	0	5105	96	0	0	0	0	96	0	1	1301	0	195	0	0	0	0	221	0	0	37	0	574	3	541	0	0	510	0	0	276	0	0	22	12947	0	0	0	0	0	0
ERR2662940	206949	0	15	17	0	1270	2525	0	522	200	9	0	0	310	0	634	419	1175	9444	0	4341	5	5	0	0	0	7750	0	53	0	11	0	12	0	0	8007	696	20438	445	16870	0	189	129	9218	0	0	0	0	18	0	0	0	0	0	4820	0	0	0	823	843	3989	44	669	0	0	0	11	38	0	4	2032	42	62	0	0	0	72	0	0	0	2754	0	314	0	0	0	11360	0	0	325	63	14	14	0	40	0	0	6695	0	0	0	0	1	3796	0	6	20	0	0	34	122	13	0	456	0	83	0	0	216	43	1795	0	366	192	80	0	0	6	6	6	2	0	0	0	39	0	6	0	1131	0	0	38	6	0	0	0	1428	279	0	0	92	673	54	173	0	5198	62	0	459	599	157	0	0	0	0	0	0	0	1530	5	0	0	0	0	16836	0	14	0	0	0	0	0	0	0	0	0	0	0	21	0	706	70	0	0	0	0	19	0	16	0	0	0	0	0	0	0	3491	0	0	0	0	285	0	0	511	0	6778	137	0	1477	0	0	18	37612	3	0	0	0	0	28
ERR2662942	145631	0	13	0	0	1078	1293	0	57	113	2	0	5	507	0	0	622	1355	16035	0	3008	0	17	0	0	0	2478	0	62	0	0	0	0	0	0	11166	104	7950	646	19634	0	99	92	0	0	0	0	0	13	4	0	0	0	0	593	0	0	0	4	340	2584	170	581	0	0	0	0	70	0	14	836	9	329	0	0	0	0	297	0	0	279	0	7206	0	0	0	13225	664	0	155	49	208	0	0	111	0	0	1497	0	0	0	0	0	1692	0	12	13	0	0	79	48	0	0	766	0	64	0	0	152	6	584	0	353	22	39	1	0	26	7	0	0	0	0	0	0	0	0	0	3186	0	0	6	0	0	0	0	704	161	0	0	117	780	8	245	0	262	121	0	247	473	107	0	0	0	0	2	0	0	748	7	0	0	0	0	8058	0	0	0	0	0	0	0	0	0	0	0	0	0	0	0	2070	101	0	0	0	0	18	0	0	0	0	0	0	0	3	0	1117	0	0	0	0	34	1	0	176	0	4100	235	0	635	0	0	0	22444	0	0	0	2	0	25
ERR2662943	291127	0	68	0	0	2515	4905	0	812	128	12	0	23	690	185	0	507	787	555	0	5762	0	11	23	0	0	7431	73	21	53	4	331	58	0	0	8190	39	2252	664	24382	0	216	184	0	0	0	0	0	50	19	0	0	0	0	4853	0	0	0	1910	258	31627	291	335	0	0	0	6	7	8251	21	1152	19	39	0	0	0	364	0	0	0	2657	0	3528	0	0	0	20728	0	0	695	141	0	0	0	1921	0	0	2802	0	0	0	0	7	2029	0	20	10	0	0	22	396	0	0	99	0	61	0	0	334	28	1059	0	2727	0	17	3	0	6	1324	29	0	4346	4323	0	0	0	0	345	15609	0	1	25	9	0	0	124	2082	0	0	0	689	247	33	72	21	2584	0	5	1743	598	9	0	0	0	0	0	0	0	0	0	0	0	0	6	1818	0	0	0	0	0	0	0	0	0	6460	0	0	30179	0	0	7244	584	0	0	0	0	211	12675	0	1035	0	411	0	0	0	0	431	1457	0	38	0	273	4	0	310	2	3557	79	4	1505	0	0	33	39120	0	0	100	0	0	0
ERR2662944	288538	0	44	0	2	3142	6609	0	191	76	5	0	20	823	307	0	1271	24	341	0	2932	0	46	7	0	0	15026	66	37	99	3	264	80	0	0	4794	10	21032	488	24281	0	172	7	0	0	0	0	0	39	15	0	0	0	5	5053	0	0	0	936	417	21897	50	99	0	0	0	8	0	10588	0	854	33	24	0	0	0	340	18	0	0	1633	0	776	0	0	0	27212	0	0	638	111	0	1	0	1060	0	0	4895	0	0	0	0	0	886	0	14	0	0	0	10	485	0	0	295	0	136	0	0	215	35	690	0	1627	794	31	9	3	14	28	18	0	4474	4455	0	0	0	3	597	6744	0	0	18	8	0	0	44	576	0	0	0	537	96	59	157	24	1904	15	7	1445	1106	9	0	0	0	9	0	0	0	0	0	0	0	0	0	5100	0	0	0	0	0	0	0	0	0	6547	0	0	20058	6	0	15573	73	0	0	260	0	216	4419	0	683	0	379	0	0	6	0	82	557	0	72	0	56	3	0	33	0	4066	178	10	1398	0	20	22	42039	0	0	183	0	21	0
ERR2662894	390352	0	0	70	0	47	137	0	5468	11	4	0	0	1998	485	0	586	0	2651	9	7722	5	0	39	0	0	41468	0	12	86	9	0	0	17	0	7579	426	3137	351	33062	89	237	0	0	0	0	0	2	18	30	2883	0	0	4	12375	0	99	0	2236	385	2659	0	8	42	0	0	67	5211	0	0	11663	118	0	0	0	0	111	0	0	0	39	44	0	0	0	0	1352	0	0	1153	799	160	0	64	1570	192	0	13181	46	0	0	0	0	5197	0	0	0	0	13576	0	9	0	0	17	0	296	0	0	48	354	1885	0	447	0	31	30	0	0	0	0	0	870	0	0	0	0	0	0	12435	0	0	0	44	899	0	0	714	0	0	0	2098	514	518	59	82	11814	10	138	5078	106	9	183	53	0	22	32	47	0	4096	0	0	0	0	0	595	0	0	0	0	0	0	0	0	0	3379	0	0	0	0	0	433	117	0	0	0	0	0	66586	0	1073	0	362	0	0	0	0	492	0	915	26	0	0	0	1059	6	0	36850	269	160	2268	0	0	53	51669	0	0	0	0	0	113
ERR2662900	232923	0	20	10	222	733	0	0	351	896	22	0	4	137	126	0	1673	2338	7959	218	8826	0	22	6	0	0	5820	0	38	0	7	14	59	0	0	10466	18	1772	318	24968	0	325	416	10753	0	0	0	0	1053	12	0	0	45	29	4959	0	17	0	465	274	4171	0	270	0	0	0	60	35	718	6	5338	93	0	0	0	0	345	0	0	0	4204	0	111	0	0	0	21274	0	8	131	196	0	0	0	8	0	198	7142	0	0	0	0	2	4348	22	3	16	0	0	26	161	0	0	29	25	374	0	0	1981	0	0	0	163	80	53	0	0	0	12	0	0	0	0	0	0	0	0	733	2042	20700	0	22	16	0	0	0	1675	220	0	0	1642	775	5	424	48	11	26	5	1926	625	13	20	0	0	0	0	0	0	0	4	0	0	0	0	3367	0	0	0	0	0	0	0	0	0	0	0	0	8881	0	0	6991	32	0	0	0	0	0	1525	0	103	0	432	0	0	0	0	246	0	0	1602	0	41	0	0	0	501	3586	347	0	3896	0	0	35	33409	0	0	0	3	0	0
ERR2662903	554693	0	32	123	28	3075	36257	0	4841	511	50	0	31	3095	1676	0	3219	13441	29962	0	8884	0	0	183	0	0	22978	0	173	108	19	0	51	0	0	26302	801	6751	317	52258	0	446	10	0	0	0	0	5	397	30	0	0	0	163	13774	0	1972	0	2067	1233	424	0	442	0	0	0	159	421	2	0	10	319	20	0	0	0	292	1	0	0	2821	0	982	0	0	0	18269	0	33	1969	460	0	0	5	11	0	1685	5659	0	0	0	0	1	20769	45	488	50	0	23870	202	0	6	0	0	26	485	0	0	1380	0	951	0	3771	4340	9	0	0	0	3	0	0	0	0	4	0	0	130	2535	13403	0	0	337	80	0	0	229	1481	488	0	0	5946	873	305	2073	103	2648	140	44	9700	8776	6	0	0	0	0	11	0	0	2758	0	0	0	0	0	18124	0	0	15	0	0	22	0	0	0	0	0	0	629	0	0	6249	51	0	0	0	0	23	5156	200	1395	0	0	0	0	0	0	193	0	0	528	0	504	0	0	991	171	13862	0	0	2397	23	0	31	126397	19	0	0	0	0	0
ERR2662907	286474	0	92	0	0	2901	0	0	0	574	0	0	0	235	0	0	3348	1	3856	0	10019	0	0	0	0	0	3727	0	0	0	0	0	0	0	0	82320	451	1805	0	36890	0	0	0	0	0	0	0	0	0	0	0	0	0	0	613	0	0	0	0	399	1889	0	12	0	0	0	0	0	1545	0	3327	0	125	0	0	0	1070	3	0	0	2599	0	2723	0	0	0	42114	0	0	230	59	0	0	0	245	0	0	8331	0	0	0	0	0	0	0	13	0	0	0	0	0	8	0	0	0	0	0	0	6671	47	1402	0	2028	0	104	0	0	0	31	6	0	0	0	0	0	16	0	0	5502	0	0	6	0	0	0	0	2398	0	0	0	0	1468	0	184	0	0	0	0	1247	0	0	0	0	0	0	3	0	0	0	0	0	0	0	0	6213	0	0	0	0	0	0	0	0	0	0	0	0	10430	0	0	1662	27	0	0	0	0	43	0	0	0	0	0	0	0	0	0	1437	0	0	2660	0	24	6	0	0	0	1089	19	0	11	0	0	0	30157	0	0	59	0	0	0
ERR2662909	194256	0	3	0	9	260	2801	0	329	469	0	0	28	623	0	0	946	1	4597	0	3089	0	2	0	0	0	3499	0	0	53	3	0	3	50	0	4207	774	9519	190	14941	0	188	0	5099	0	2215	0	0	9	3	0	0	0	6	1710	0	0	0	7159	457	2708	2	15	52	0	0	191	9	7405	0	4176	45	11	0	0	0	157	0	8	0	421	0	27	0	0	0	13164	0	0	537	105	0	0	0	933	267	0	1683	0	0	0	0	0	4500	13	518	0	0	0	23	0	0	0	1395	0	44	0	0	2068	76	2721	0	681	497	50	0	0	3	33	0	0	0	1160	3	0	0	0	0	939	0	0	0	6	0	0	0	963	16	0	0	1209	72	148	52	0	13334	13	0	845	831	0	0	1	0	0	0	0	0	37	0	85	3	2487	0	10860	0	0	0	0	0	0	0	0	0	0	0	0	9393	2	0	2754	21	0	0	121	0	36	0	0	85	0	0	0	0	0	0	206	17	0	80	0	0	0	0	902	185	4966	599	0	1188	0	2	53	32573	0	0	229	0	0	0
ERR2662915	352187	0	84	53	0	432	251	0	1980	442	20	0	21	1473	0	0	1813	14628	3577	208	8215	9	7	16	0	0	1164	0	61	201	1	0	73	0	0	40046	223	3631	420	33749	0	1072	0	7263	0	290	4	0	357	0	0	90	0	20	19489	0	116	0	399	692	5400	0	250	0	0	0	125	1678	0	33	69	172	49	0	0	0	0	0	0	0	2671	0	1313	0	0	0	12987	0	0	1164	148	0	18	0	53	535	0	11364	0	41	0	0	0	13171	13	2	16	0	22806	117	309	4	0	20	32	215	3810	0	485	37	121	0	1252	18358	16	6	0	41	25	0	30	0	0	8	0	78	27	754	16611	0	0	72	52	0	0	187	253	0	0	0	11691	364	88	197	47	354	75	41	4666	0	52	0	12	1785	3035	17	4	0	162	14	0	0	144	0	771	0	0	510	0	0	0	0	0	0	2414	0	2	0	0	0	1398	479	0	0	0	0	23	3	0	0	0	2859	2	0	0	0	2864	0	0	379	65	15	5	220	31	23	18742	900	32	5493	27	0	166	32414	6	0	0	6	2	0
ERR2662917	233555	851	0	0	0	459	2329	0	305	274	0	0	0	470	230	0	1244	676	1185	0	4091	0	4	8	0	0	6503	0	0	219	6	1	0	39	0	43337	2984	4046	233	27698	0	197	20	631	0	3	0	0	5	0	7	0	0	13	7140	0	17	0	309	387	1109	0	73	0	0	0	63	34	383	0	1601	0	1	0	0	0	88	0	0	0	899	0	0	0	0	0	10103	0	0	387	59	9	0	0	361	196	0	6049	0	0	0	0	0	13325	0	2	0	0	5266	0	216	0	0	628	2	78	0	0	94	49	2703	0	904	0	122	0	0	0	0	0	0	0	1420	0	0	173	0	0	277	0	0	0	14	0	0	0	817	0	0	0	3216	975	133	21	40	384	13	6	1011	0	555	0	0	0	97	0	0	0	1949	0	0	0	0	0	11746	0	0	0	0	0	0	0	0	0	1	0	8	2091	0	0	9878	14	0	0	0	0	11	0	0	290	0	54	0	0	0	1006	89	0	0	0	0	28	4	0	26	155	4797	384	84	1372	10	0	26	39635	4	0	16	0	0	0
ERR2662918	271584	4478	0	0	0	881	7485	0	76	71	3	0	0	189	175	0	951	327	1126	0	3971	0	0	13	0	0	3790	0	16	107	15	0	57	96	0	65224	1763	1964	342	24006	0	333	0	2056	0	0	0	0	0	0	0	0	0	0	6343	0	7	0	13	582	772	0	276	0	0	0	85	106	2	0	1073	16	0	0	0	0	279	172	0	0	743	0	348	0	0	0	16041	0	0	263	62	53	0	0	389	379	0	2164	0	0	0	0	0	6387	0	122	0	0	3769	4	179	0	0	944	5	161	116	0	556	68	2777	0	253	557	185	4	0	69	29	0	0	0	83	0	0	198	0	0	2172	0	0	0	0	0	0	0	1356	0	0	0	1315	1391	107	34	42	227	29	4	1511	0	520	0	1	0	107	0	4	0	3416	0	0	0	0	0	13950	350	0	0	0	0	0	0	0	9	0	0	0	0	13	0	10211	21	0	0	18	0	0	6	0	134	0	66	0	0	0	1949	1327	0	0	0	0	35	0	0	25	814	2942	262	21	2208	10	0	38	58761	6	0	21	0	0	2
ERR2662919	219039	0	40	11	76	779	2360	0	0	273	19	0	0	578	0	0	2015	255	3563	0	7705	0	0	0	0	0	13923	0	44	0	0	0	43	0	0	24489	2414	2698	514	29926	0	732	0	2776	0	0	0	0	0	36	0	0	0	0	2972	0	0	0	1777	887	3719	0	291	0	0	0	66	55	3541	0	2590	92	79	0	0	0	0	2	108	0	3013	0	24	0	0	0	15054	0	11	188	82	0	0	0	183	0	0	2803	0	0	0	0	0	2625	0	0	48	0	0	23	0	0	0	0	8	315	0	0	1725	0	1371	0	849	188	7	0	0	0	51	0	7	0	0	0	0	127	3	0	12609	0	0	29	1	0	0	0	1020	540	0	0	129	466	43	423	35	7011	36	18	899	0	542	0	0	0	38	0	0	0	0	36	0	0	0	0	18079	0	0	0	0	0	0	0	0	0	0	0	0	0	0	0	2155	44	0	0	0	0	18	0	0	0	0	0	0	0	0	0	143	0	0	0	0	28	2	0	89	112	4532	61	0	1131	0	0	100	28437	5	0	73	0	2	0
ERR2662920	273294	0	47	0	75	1457	5811	0	0	894	59	0	0	942	0	0	3457	245	5482	0	5305	0	0	5	0	0	7406	0	30	0	0	0	54	0	0	34899	2113	3779	519	38620	0	805	0	5711	0	0	0	0	18	33	0	0	0	0	5785	0	0	0	803	1114	5947	0	318	0	0	0	112	42	3291	0	2506	167	67	0	0	0	0	1	159	0	1395	0	0	0	0	0	22390	0	0	147	145	0	0	0	194	0	0	4138	0	0	0	0	0	5980	0	582	12	0	0	32	0	2	0	0	8	212	0	0	1071	0	2743	0	719	363	44	17	0	0	18	0	11	0	0	0	0	187	0	0	1111	0	0	45	3	0	0	0	1004	380	0	0	92	968	36	360	24	4822	0	6	1126	0	585	0	0	0	23	0	0	0	0	15	0	0	0	0	14125	0	0	0	0	0	0	0	0	0	0	0	0	0	0	0	2897	35	0	0	12	0	24	0	0	0	0	0	0	0	0	0	339	0	0	0	0	32	0	0	64	113	5917	98	0	1408	0	0	74	58968	3	0	97	0	0	0
ERR2662923	154614	0	0	21	0	529	404	0	126	1	3	0	0	482	290	0	865	229	102	0	2688	0	7	10	0	0	1549	0	22	99	0	0	12	0	0	3097	68	3189	31	16733	0	132	30	0	0	0	9	0	12	1	5402	7	0	3	15084	0	21	0	2071	623	1907	0	70	0	0	0	43	1768	1054	5	2202	52	0	0	0	0	77	0	0	0	148	0	613	8	0	0	8764	277	0	253	236	21	0	0	603	236	0	3923	0	35	0	0	0	2412	0	0	0	0	3152	5	145	0	0	0	8	38	0	0	258	41	1456	0	114	0	55	3	0	3	10	0	0	0	0	0	0	0	0	339	1177	0	0	23	7	1128	0	0	639	38	0	0	937	142	65	88	0	1367	38	13	972	359	0	155	0	0	579	0	0	0	550	8	0	0	0	0	11614	0	0	0	0	0	0	0	0	0	7907	0	0	6406	0	0	1847	20	0	0	0	0	14	2226	0	562	0	215	0	222	0	913	172	0	0	180	0	6	0	120	4	6	1485	39	4	645	14	2	3	27406	11	0	0	0	0	0
ERR2662926	227683	0	52	9	20	2610	5107	0	3497	150	12	0	0	164	0	0	2118	1	0	0	4933	0	0	0	0	0	1626	0	9	0	0	0	0	0	0	67931	3757	419	443	22470	0	0	332	0	0	0	0	0	8	4	2	0	7	0	1072	0	0	0	12	187	1152	0	0	0	0	0	0	0	0	0	3014	51	125	0	0	0	135	0	0	0	1899	0	117	0	0	0	22255	102	0	42	118	0	3	0	42	0	0	6892	0	0	0	0	8	5206	36	11	0	0	0	48	0	0	0	0	0	10	0	0	1240	0	2414	0	1411	0	138	1	0	0	523	0	0	0	0	0	0	0	23	2519	20389	0	0	22	0	0	0	0	3525	87	0	0	682	820	0	182	0	146	1	0	404	0	433	0	3	0	0	0	0	0	505	0	0	0	0	35	28	0	0	0	0	0	0	0	0	0	0	0	0	0	0	0	10574	27	0	0	0	0	35	0	0	0	0	0	0	0	76	0	175	0	0	89	0	28	5	0	8	308	1241	0	0	76	0	0	53	21239	0	0	0	0	0	0
ERR2662928	167797	0	0	34	1	318	2893	0	116	5	0	842	0	535	0	0	1428	254	439	103	2083	0	17	0	0	0	760	0	0	31	0	0	0	0	0	2031	175	11811	2	12039	0	0	0	0	0	0	0	0	10	16	9179	16	0	0	2125	0	0	0	1855	472	3046	0	0	0	0	0	4	11	0	0	4561	31	0	0	103	0	122	0	0	0	48	0	0	0	0	0	24089	0	0	112	356	46	0	0	840	30	0	2716	0	0	0	0	0	6806	7	6	0	0	6287	0	120	0	0	0	0	30	0	0	359	29	1204	0	1499	0	14	0	0	0	79	0	0	0	0	0	0	0	0	0	3249	0	3194	35	0	3185	0	0	666	232	0	0	380	12	8	74	0	712	6	0	477	245	2	0	2	0	762	0	0	0	136	0	0	0	146	0	7304	0	0	0	196	0	0	0	0	0	0	0	0	11569	0	0	6619	7	0	0	0	0	27	219	0	1706	0	1307	0	681	0	0	414	0	0	114	0	0	0	0	9	0	966	11	0	1185	0	5	25	19724	0	0	41	0	0	0
ERR2662931	362460	0	36	18	245	1492	1983	15	721	1731	50	0	0	1192	0	0	560	2303	11497	47	3589	0	6	1	0	16	2005	0	87	126	25	0	0	0	0	41443	1219	14911	356	17389	0	237	0	825	238	0	0	0	43	45	1	0	0	36	12709	0	372	0	6001	1271	9972	0	1247	0	0	0	93	14	6479	0	4119	75	0	0	0	0	38	144	29	9	1452	0	80231	0	0	0	9549	0	0	406	235	0	12	0	0	0	0	4055	0	0	0	0	4	5294	0	54	36	0	0	21	0	21	0	0	135	262	0	0	562	47	800	0	464	0	53	4	6	1	1941	0	9	0	9415	0	0	135	3	387	6675	0	1333	15	6	0	0	0	1142	401	0	0	1334	1127	86	133	0	5774	138	63	2578	0	13	0	27	0	9	6	6	124	0	4	0	7	0	0	12932	0	0	0	0	0	0	0	0	0	0	0	0	0	0	0	6465	320	0	342	11	0	29	0	0	1164	0	1100	0	0	0	0	1088	0	0	484	0	196	0	0	95	6	4735	32	1	1971	22	0	236	47463	6	0	107	0	0	0
ERR2662934	286778	0	19	0	0	1964	5	0	0	164	0	0	0	149	0	0	1666	0	2299	390	3581	0	13	8	0	0	1639	0	30	71	0	248	0	0	0	41341	753	36861	504	18313	0	254	0	3753	0	0	0	0	8	11	8502	0	0	3	1002	0	0	0	968	582	6252	2	297	0	0	0	0	0	4705	4	6667	32	87	0	11	0	271	5	0	0	0	0	21	0	0	0	26933	0	0	293	0	0	0	0	15	0	0	9993	0	0	0	0	2	7047	3	25	0	0	21839	29	173	0	8	6	0	61	0	0	1457	21	1351	0	813	566	119	22	0	20	60	0	0	0	0	0	0	0	18	0	1101	0	0	37	0	0	0	0	1537	676	0	0	493	327	3	55	22	9086	35	4	707	0	36	0	0	0	0	0	0	0	0	4	0	0	2	0	12839	0	0	0	0	0	1	0	0	0	0	0	0	0	0	0	7649	58	0	0	0	0	24	0	0	0	0	0	0	0	0	0	422	0	0	1681	0	14	2	0	51	0	1884	172	0	347	0	7	12	33102	0	0	59	0	0	0
ERR2662935	326455	0	11	0	0	1417	5	0	0	41	0	0	11	66	20	0	506	0	3928	145	12190	0	11	0	0	0	2767	0	45	19	0	342	103	0	0	52092	379	23648	696	37101	0	145	0	16164	0	0	0	0	15	26	5093	0	0	0	1837	0	0	0	0	1210	2818	0	651	0	0	0	13	0	2293	5	3741	29	92	0	10	0	538	412	0	0	0	0	583	0	0	0	26070	1502	0	356	0	0	0	0	32	0	0	6290	0	0	0	0	0	14051	0	16	15	0	21559	47	213	0	0	0	0	41	0	0	1263	42	1003	0	2276	0	87	871	0	0	39	0	0	0	0	4	0	0	10	0	392	0	0	60	0	0	0	0	426	54	0	0	606	893	0	260	0	409	19	8	1808	0	5	0	0	0	0	0	0	0	0	0	0	0	0	0	25845	0	0	0	0	0	11	0	0	0	0	0	0	0	0	0	5180	45	0	0	0	0	37	0	0	0	0	0	0	0	0	0	90	0	0	544	0	53	2	0	3	0	5097	36	0	581	0	0	11	36954	0	0	21	0	0	0
