run	total_reads	[Bacteroides] pectinophilus group	[Clostridium] innocuum group	[Clostridium] methylpentosum group	[Eubacterium] brachy group	[Eubacterium] eligens group	[Eubacterium] ruminantium group	[Eubacterium] siraeum group	[Eubacterium] ventriosum group	[Eubacterium] xylanophilum group	[Ruminococcus] gauvreauii group	[Ruminococcus] gnavus group	Achromobacter	Acidaminococcus	Acidovorax	Acinetobacter	Actinoallomurus	Actinobacillus	Actinomyces	Actinotignum	Acutalibacter	Adhaeribacter	Aeribacillus	Aerococcus	Aestuariimicrobium	Afipia	Agathobacter	Agathobaculum	Agrobacterium	Agrococcus	Akkermansia	Alicycliphilus	Alistipes	Alkanindiges	Allisonella	Alloscardovia	Amaricoccus	Aminicella	Aminobacter	Anaerobutyricum	Anaerococcus	Anaerofustis	Anaeroglobus	Anaerostipes	Anaerotignum	Anaerotruncus	Antarcticibacterium	Aquabacterium	Aquamonas	Aquicella	Arcanobacterium	Arcobacter	Arhodomonas	Asaccharobacter	Atopobium	Atopococcus	Atopostipes	Bacillus	Bacteroides	Barnesiella	Bergeyella	Berryella	Bifidobacterium	Bilophila	Blastococcus	Blautia	Bosea	Brachybacterium	Bradyrhizobium	Brevibacterium	Brevundimonas	Brucella	Burkholderia-Caballeronia-Paraburkholderia	Butyribacter	Butyricimonas	CAG-196	CAG-352	CAG-56	Caldicoprobacter	Caldimonas	Campylobacter	Candidatus Soleaferrea	Caproiciproducens	Catenibacillus	Catenibacterium	Catenisphaera	Caulobacter	Cellulomonas	CHKCI002	Christensenellaceae R-7 group	Chryseobacterium	Citricoccus	Citrobacter	Cloacibacillus	Cloacibacterium	Clostridium	Cohnella	Colidextribacter	Collinsella	Comamonas	Conyzicola	Coprobacillus	Coprobacter	Coprococcus	Corynebacterium	Criibacterium	Crossiella	CSP1-2	Cupriavidus	Curvibacter	Cutibacterium	Dechloromonas	Defluviitaleaceae UCG-011	Deinococcus	Delftia	Dermabacter	Dermacoccus	Desulfovibrio	Dialister	Diaphorobacter	Dielma	Dorea	DTU089	Eggerthella	Eisenbergiella	Enhydrobacter	Enterobacillus	Enterobacter	Enterocloster	Enterococcus	Eremococcus	Erysipelotrichaceae UCG-003	Escherichia-Shigella	Eubacterium	Exiguobacterium	Extibacter	Ezakiella	Facklamia	Faecalibacterium	Faecalicoccus	Faecalimonas	Faecalitalea	Falsochrobactrum	Family XIII AD3011 group	Family XIII UCG-001	Fannyhessea	Fastidiosipila	Faucicola	Fenollaria	Ferrovibrio	Finegoldia	Flavimobilis	Flavobacterium	Flavonifractor	Fontibacillus	Fournierella	Frisingicoccus	Fusicatenibacter	Fusobacterium	Gabonibacter	Gardnerella	GCA-900066575	Gemella	Gemmiger	Geothermomicrobium	Gleimia	Glutamicibacter	Gordonia	Gordonibacter	Granulicatella	Haemophilus	Halomonas	Helcococcus	Herbaspirillum	Holdemanella	Holdemania	Howardella	Hoylesella	HT002	Hungatella	Hydrocarboniphaga	Hydrogenoanaerobacterium	Hydrogenophilus	Hymenobacter	Intestinibacter	Intestinimonas	Jeotgalicoccus	Jonquetella	Kallipyga	Kingella	Kinneretia	Klebsiella	Knoellia	Kocuria	Kytococcus	Lachnoanaerobaculum	Lachnoclostridium	Lachnospira	Lachnospiraceae FCS020 group	Lachnospiraceae FE2018 group	Lachnospiraceae NC2004 group	Lachnospiraceae ND3007 group	Lachnospiraceae NK4A136 group	Lachnospiraceae UCG-004	Lachnospiraceae UCG-010	Lacticaseibacillus	Lactobacillus	Lactococcus	Latilactobacillus	Lawsonella	Leifsonia	Leyella	Ligilactobacillus	Limnobacter	Limosilactobacillus	Listeria	Luteimonas	Lysinibacillus	Mailhella	Marinococcus	Marmoricola	Marvinbryantia	Massilia	Massiliomicrobiota	Massiliprevotella	Mediterraneibacter	Megamonas	Megasphaera	Merdibacter	Mesorhizobium	Metabacillus	Methanobrevibacter	Methanosphaera	Methylobacillus	Methylobacterium	Methylocella	Methylopila	Methylorubrum	Microbacterium	Microcella	Micrococcus	Microlunatus	Microvirga	Mitsuokella	MN 122.2a	Mobiluncus	Modestobacter	Mogibacterium	Monoglobus	Moraxella	Moryella	Mucilaginibacter	Murdochiella	Mycobacterium	Ndongobacter	Negativibacillus	Negativicoccus	Neomicrococcus	Nesterenkonia	Nitrobacter	Nitrosomonas	Nitrospirillum	NK4A214 group	Nocardioides	Nosocomiicoccus	Noviherbaspirillum	Novispirillum	Novosphingobium	Nubsella	Odoribacter	Oligella	Olsenella	Oribacterium	Oscillibacter	Oscillospira	Ottowia	Paenarthrobacter	Paeniglutamicibacter	Paludicola	Pandoraea	Pantoea	Parabacteroides	Paracoccus	Paraprevotella	Parasutterella	Parvimonas	Patulibacter	Pediococcus	Peptococcus	Peptoniphilus	Peptostreptococcus	Phascolarctobacterium	Phocaeicola	Phyllobacterium	Pleomorphomonas	Pleurocapsa PCC-7319	Porphyromonas	Prevotella	Prevotellaceae NK3B31 group	Prevotellaceae UCG-001	Propionibacterium	Propioniciclava	Proteus	Pseudarthrobacter	Pseudoalteromonas	Pseudoclavibacter	Pseudoglutamicibacter	Pseudokineococcus	Pseudomonas	Pseudoxanthomonas	Psychrobacillus	Psychrobacter	Pygmaiobacter	Ralstonia	Rarimicrobium	Rathayibacter	Rhizobacter	Rhizobium	Rhizorhapis	Rhodococcus	Rhodocytophaga	Rickettsia	Rikenellaceae RC9 gut group	Robinsoniella	Romboutsia	Roseburia	Roseomonas	Rothia	Rouxiella	Rubellimicrobium	Ruminiclostridium	Ruminococcus	Ruthenibacterium	S5-A14a	Saccharibacillus	Saccharopolyspora	Salmonella	Salsuginibacillus	Schaalia	Segatella	Sellimonas	Senegalimassilia	SH-PL14	Shinella	Shuttleworthia	Slackia	Sneathia	Solirubrobacter	Solobacterium	Sphingobium	Sphingomonas	Sphingopyxis	Sporocytophaga	Staphylococcus	Stenotrophomonas	Streptococcus	Streptomyces	Subdoligranulum	Succinatimonas	Succiniclasticum	Sutterella	Synergistes	Tepidimonas	Terrisporobacter	Tessaracoccus	Thermomonas	Thomasclavelia	Tissierella	Treponema	Trueperella	Tsuneonella	Tundrisphaera	Turicibacter	Tyzzerella	UCG-002	UCG-003	UCG-004	UCG-005	UCG-007	UCG-008	UCG-009	Unassigned	Varibaculum	Variovorax	Veillonella	Vibrio	Victivallis	Vulcaniibacterium	W5053	Weissella	Winkia	Youngiibacter	Zag_111
SRR31465417	69991	0	0	0	0	0	0	0	0	0	0	0	0	0	0	670	0	0	0	0	0	0	0	0	0	0	0	0	70	0	0	85	0	0	0	0	0	0	0	0	0	0	0	0	0	0	0	0	0	0	0	0	915	0	0	0	91	0	0	0	0	0	0	0	118	0	0	0	0	0	0	0	0	0	0	0	0	0	0	37	0	0	0	0	0	0	0	0	0	0	0	0	0	0	3646	0	0	0	0	0	0	0	0	0	370	0	0	0	0	0	6443	0	0	0	0	0	0	0	0	7397	0	0	0	0	0	8654	0	0	0	0	0	0	2847	0	0	0	0	0	0	0	0	0	0	0	0	0	0	0	0	0	0	0	0	0	0	0	0	0	0	0	0	0	0	0	0	0	0	0	0	0	0	0	0	0	0	0	0	0	0	0	0	0	1444	0	0	0	0	0	0	0	0	0	0	883	58	0	0	0	0	0	0	0	0	0	0	0	0	0	0	127	0	0	43	0	0	0	0	0	0	0	24	0	0	0	0	0	0	0	0	0	0	0	0	2148	0	0	0	0	0	0	1	0	1252	0	0	0	0	0	0	0	0	0	0	0	0	0	0	0	0	0	0	0	0	0	0	0	563	703	0	0	0	0	0	0	0	0	0	0	0	0	0	0	8486	0	0	0	0	0	0	0	0	0	0	0	244	0	0	0	0	0	0	1940	0	0	0	0	0	0	0	0	0	0	0	0	0	0	0	0	0	764	0	0	0	0	0	0	0	0	0	0	0	0	0	0	0	0	0	0	0	0	0	0	0	0	0	0	0	0	0	0	2060	0	0	12684	0	877	0	0	0	0	0	0	1044	0	0	2121	0	0	0	0	0	0	0	0	0	0	0	0	0	0	0	1182	0	0	0	0	0	0	0	0	0	0	0
SRR31465420	62356	0	0	0	0	0	0	0	0	0	0	0	0	0	0	1	0	0	0	0	0	0	0	0	0	0	0	0	0	0	0	0	0	0	0	0	0	0	0	0	0	0	0	0	0	0	0	0	0	0	0	0	0	0	0	0	0	0	0	0	0	0	0	0	0	0	0	0	0	0	0	0	0	0	0	0	0	0	0	0	0	0	0	0	0	0	0	0	0	0	440	0	0	0	0	0	0	0	0	0	0	0	0	0	0	0	0	0	0	0	2221	0	0	0	0	0	0	0	0	0	0	0	0	0	0	4	0	0	0	0	0	0	28156	0	0	0	0	0	0	0	0	0	0	0	0	0	0	0	0	0	0	0	0	0	0	0	0	0	0	0	0	0	0	0	0	0	0	0	0	0	0	0	0	0	0	0	0	0	0	0	0	0	0	0	0	0	0	0	0	0	0	0	0	0	0	0	0	0	0	0	0	0	0	0	0	0	0	0	0	0	0	0	0	0	0	0	0	0	0	0	0	0	0	0	0	0	0	0	0	0	0	0	0	0	0	0	0	0	0	0	0	0	0	0	0	0	0	0	0	0	0	0	0	0	0	0	0	0	0	0	0	0	0	0	0	0	0	0	0	0	0	0	0	0	0	0	0	0	0	0	0	0	2748	0	0	0	0	0	0	0	0	0	0	0	0	0	0	0	0	0	0	0	0	0	0	0	0	0	0	0	0	0	0	0	0	0	0	0	0	0	0	0	0	0	0	0	6063	0	0	0	0	0	0	0	0	0	0	0	0	0	0	0	0	0	0	0	0	0	0	0	0	0	0	0	0	7422	0	0	0	0	0	0	0	0	0	0	0	0	0	0	0	0	0	0	0	0	0	0	0	0	0	15301	0	0	0	0	0	0	0	0	0	0	0
SRR31465418	49877	0	0	0	0	0	0	0	0	0	0	0	0	0	0	1	0	0	0	0	0	0	0	0	0	0	0	0	1174	0	0	0	0	0	0	0	0	0	0	0	0	0	0	0	0	0	0	0	0	0	0	0	0	0	0	0	0	0	0	0	2805	0	0	0	0	0	0	0	0	0	0	0	0	0	0	0	0	0	0	0	0	0	0	0	0	0	0	0	0	0	30	0	0	0	0	0	0	0	0	0	0	0	0	0	0	0	0	0	0	0	3	0	0	0	0	0	0	0	0	0	0	0	0	0	0	2644	0	0	0	0	0	0	20099	0	0	0	0	0	0	0	0	0	0	0	0	0	0	0	0	0	0	0	0	0	0	0	0	0	0	0	0	0	6491	0	0	0	0	0	0	0	0	0	0	0	0	0	0	0	0	0	0	0	0	0	0	0	0	0	0	0	0	0	0	0	0	0	0	0	0	0	0	2	0	0	0	0	0	0	0	0	0	0	0	0	0	0	0	0	0	0	0	0	0	0	0	0	0	0	0	0	0	0	0	0	0	0	0	0	0	0	4150	0	0	0	0	0	0	0	0	0	0	0	0	0	0	0	0	0	0	0	0	0	0	0	0	0	0	0	0	0	0	0	0	0	0	0	0	0	0	0	0	2367	3916	0	0	0	0	0	0	0	0	0	0	0	0	0	0	0	0	0	0	0	0	0	0	0	0	0	0	0	0	0	0	0	0	0	0	0	0	0	0	0	0	0	0	0	0	0	0	0	0	0	0	0	0	0	0	0	1027	0	0	0	0	0	0	0	0	0	0	0	0	0	0	144	0	5014	0	0	0	0	1	0	0	0	0	0	0	0	0	0	0	0	0	0	0	0	0	0	0	0	0	9	0	0	0	0	0	0	0	0	0	0	0
SRR31465422	49121	0	0	0	0	0	0	0	0	0	0	0	0	0	0	0	0	0	0	0	0	0	0	0	0	0	0	0	0	0	0	0	0	0	0	0	0	0	0	0	0	0	0	0	0	0	0	0	0	0	0	0	0	0	0	0	0	0	0	0	0	0	0	0	0	0	0	0	0	0	0	0	3723	0	0	0	0	0	0	0	0	0	0	0	0	0	0	0	0	0	0	0	0	0	0	0	0	0	0	0	0	0	0	0	0	0	0	0	0	0	0	0	0	0	0	0	0	0	0	0	0	0	0	0	0	14279	0	0	0	0	0	0	27159	0	0	0	0	0	2	0	0	0	0	0	0	0	0	0	0	0	0	0	0	0	0	0	0	0	0	0	0	0	0	0	0	0	0	0	0	0	0	0	0	0	0	0	0	0	0	0	0	0	0	0	0	0	0	0	0	0	0	0	0	0	0	0	0	0	0	0	0	0	0	0	0	0	0	0	0	0	0	0	0	0	0	0	0	0	0	0	0	0	0	0	0	0	0	0	0	0	0	0	0	0	0	0	0	0	0	0	3696	0	0	0	0	0	0	0	0	0	0	0	0	0	0	0	0	0	0	0	0	0	0	0	0	0	0	0	0	0	0	0	0	0	0	0	0	0	0	0	0	0	174	0	0	0	0	0	0	0	0	0	0	0	0	0	0	0	0	0	0	0	0	0	0	0	0	0	0	0	0	24	0	0	0	0	0	0	0	0	0	0	0	0	0	0	0	0	0	0	0	0	0	0	0	0	0	0	0	0	0	0	0	0	0	0	0	0	0	0	0	0	0	25	0	0	0	0	0	0	0	0	0	0	0	0	0	0	0	0	0	0	0	0	0	0	0	0	0	0	0	39	0	0	0	0	0	0	0	0	0	0	0
SRR31465423	37481	0	0	0	0	0	0	0	0	0	0	0	0	0	1808	5545	0	0	0	0	0	0	0	0	0	0	0	0	731	0	0	0	0	0	0	0	0	0	0	0	0	0	0	0	0	0	0	4852	0	0	0	0	0	0	0	0	0	0	0	0	0	0	0	0	0	0	594	0	2079	0	0	0	0	0	0	0	0	0	0	0	0	0	0	0	0	0	0	89	0	0	0	0	0	0	0	0	0	0	0	0	0	0	0	0	156	0	0	0	0	1132	475	0	0	0	0	0	0	0	0	0	0	0	0	0	0	1758	0	0	0	0	0	0	2675	0	0	0	0	0	0	0	0	0	0	0	0	0	0	0	0	0	0	0	0	0	0	0	0	0	0	0	0	0	0	0	0	0	0	0	0	0	0	0	0	0	0	0	0	0	0	0	0	0	0	0	0	0	0	0	0	0	0	0	0	0	0	0	0	0	0	0	0	0	0	0	0	0	0	0	0	0	0	0	0	0	0	0	0	0	0	0	0	0	0	0	0	0	0	0	0	0	0	0	0	0	0	0	0	0	0	0	0	0	0	0	0	0	0	0	0	0	0	0	0	0	0	0	0	0	0	0	0	406	0	0	0	0	0	573	0	0	0	0	0	0	0	0	0	0	0	0	0	0	0	0	0	0	0	0	0	0	0	0	0	0	0	0	0	0	0	0	0	0	1400	0	0	0	0	0	19	0	0	0	0	0	0	0	0	0	0	0	0	0	0	0	0	0	0	0	0	0	0	0	0	0	0	0	0	0	0	0	0	0	0	0	0	0	0	0	0	10279	45	732	0	8	0	1726	0	0	0	0	0	0	0	0	0	0	0	0	0	0	0	0	0	0	0	0	0	0	0	0	0	399	0	0	0	0	0	0	0	0	0	0	0
SRR31465425	56119	0	0	0	0	0	0	0	0	0	0	0	0	0	0	0	0	0	0	0	0	0	0	0	0	0	0	0	0	0	0	0	0	0	0	0	0	0	0	0	0	0	0	0	0	0	0	0	0	0	0	0	0	0	0	0	0	0	0	0	0	0	0	0	0	0	0	0	0	0	0	0	0	0	0	0	0	0	0	0	0	0	0	0	0	0	0	0	0	0	0	0	0	0	0	0	0	0	0	0	0	0	0	0	0	0	0	0	0	0	11762	0	0	0	0	0	0	0	0	0	0	0	0	0	0	0	0	0	0	0	0	0	44335	0	0	0	0	0	0	0	0	0	0	0	0	0	0	0	0	0	0	0	0	0	0	0	0	0	0	0	0	0	0	0	0	0	0	0	0	0	0	0	0	0	0	0	0	0	0	0	0	0	0	0	0	0	0	0	0	0	0	0	0	0	0	0	0	0	0	0	0	0	0	0	0	0	0	0	0	0	0	0	0	0	0	0	0	0	0	0	0	0	0	0	0	0	0	0	0	0	0	0	0	0	0	0	0	0	0	0	0	0	0	0	0	0	0	0	0	0	0	0	0	0	0	0	0	0	0	0	0	1	0	0	0	0	0	0	0	0	0	0	0	0	0	0	0	0	0	0	0	0	0	0	0	0	0	0	0	0	0	0	0	0	0	0	0	0	0	0	0	0	0	0	0	0	0	0	0	0	0	0	0	0	0	0	0	0	0	0	0	0	0	0	0	0	0	0	0	0	0	0	0	0	0	0	0	0	0	0	0	0	0	0	0	0	0	0	0	0	0	0	0	7	0	0	0	0	0	0	0	0	0	0	0	0	0	0	0	0	0	0	0	0	0	0	0	0	0	0	0	14	0	0	0	0	0	0	0	0	0	0	0
SRR31465427	59324	0	0	0	0	0	0	0	0	0	0	0	0	0	0	0	0	0	0	0	0	0	0	0	0	0	0	0	0	0	0	0	0	0	0	0	0	0	0	0	0	0	0	0	0	0	0	0	0	0	0	0	0	0	0	0	0	0	0	0	0	0	0	0	0	0	0	0	0	0	0	0	0	0	0	0	0	0	0	0	0	0	0	0	0	0	0	0	0	0	0	0	0	0	5401	0	0	0	0	0	0	0	0	0	1191	0	0	0	0	0	9774	0	0	0	0	0	0	0	0	0	0	0	0	0	0	11629	0	0	0	0	0	0	30959	0	0	0	0	0	0	0	0	0	0	0	0	0	0	0	0	0	0	0	0	0	0	0	0	0	0	0	0	0	0	0	0	0	0	0	0	0	0	0	0	0	0	0	0	0	0	0	0	0	0	0	0	0	0	0	0	0	0	0	0	0	0	0	0	0	0	0	0	0	0	0	0	0	0	0	0	0	0	0	0	0	0	0	0	0	0	0	0	0	0	0	0	0	0	0	0	0	0	0	0	0	0	0	0	0	0	0	0	0	0	0	0	0	0	0	0	0	0	0	0	0	0	0	0	0	0	0	0	0	0	0	0	0	0	0	0	0	0	0	0	0	0	0	0	0	0	0	0	2	0	0	0	0	0	0	0	0	0	0	0	0	0	0	0	0	0	0	0	0	0	0	0	0	0	0	10	0	0	0	0	0	0	0	0	0	0	0	0	0	0	0	0	0	0	0	0	0	0	0	0	0	0	0	0	0	0	0	0	0	0	0	0	0	0	0	0	1	0	0	0	335	0	0	0	0	0	0	0	0	0	0	0	0	0	0	0	0	0	0	0	0	0	0	0	0	0	0	0	22	0	0	0	0	0	0	0	0	0	0	0
SRR31465419	52400	0	0	0	0	0	0	0	0	0	0	0	0	0	0	660	0	0	0	0	0	0	0	0	0	0	0	0	0	0	0	0	0	0	0	0	0	0	0	0	0	0	0	0	0	0	0	0	0	0	0	0	0	0	0	0	0	0	0	0	0	0	0	0	0	0	0	0	0	0	0	0	0	0	0	0	0	0	0	0	0	0	0	0	0	0	0	0	0	0	720	0	0	0	0	0	0	0	0	0	0	0	0	0	0	0	0	0	0	0	14	0	0	0	0	0	0	0	0	0	0	0	0	0	0	0	0	0	0	0	0	0	4643	0	0	0	0	0	0	0	0	0	0	0	0	0	0	0	0	0	0	0	0	0	0	0	0	0	0	0	0	0	0	0	0	0	0	0	0	0	0	0	0	0	0	0	0	0	0	0	1015	0	0	0	0	0	0	0	0	0	0	0	0	0	0	0	0	0	0	0	0	0	0	0	0	0	0	0	0	0	0	0	0	0	0	0	0	0	0	0	0	0	0	0	0	0	0	0	0	0	0	0	0	0	2978	0	0	16882	0	0	631	0	0	0	0	0	0	0	0	0	0	0	0	0	0	0	0	0	0	0	0	0	0	0	0	0	0	0	1430	0	0	0	0	0	0	0	0	0	0	0	0	0	0	0	0	0	0	0	0	0	0	0	0	0	0	0	0	0	0	0	0	0	0	0	0	0	0	0	1	0	0	0	0	0	0	0	0	0	0	0	0	0	0	0	0	0	0	0	0	0	0	0	0	0	0	0	0	0	0	0	0	0	0	0	0	0	0	0	0	2635	20783	0	0	1	0	0	0	0	0	0	0	0	0	0	0	0	0	0	0	0	0	0	0	0	0	0	0	0	0	0	0	7	0	0	0	0	0	0	0	0	0	0	0
SRR31465429	49313	0	0	0	0	0	0	0	0	0	0	0	0	0	0	0	0	0	0	0	0	0	0	0	0	0	0	0	0	0	0	0	0	0	0	0	0	0	0	0	0	0	0	0	0	0	0	0	0	0	0	0	0	0	0	0	0	0	0	0	0	0	0	0	0	1	0	0	0	0	0	0	0	0	0	0	0	0	0	0	0	0	0	0	0	0	0	0	0	0	0	0	0	0	0	0	0	0	0	0	0	0	0	0	0	0	0	0	0	0	50	0	0	0	0	0	0	0	0	0	0	0	0	0	0	0	0	0	0	0	0	0	34183	0	0	0	0	0	0	0	0	0	0	0	0	0	0	0	0	0	0	0	0	0	0	0	0	0	0	0	0	0	0	0	0	0	0	0	0	0	0	0	0	0	0	0	0	0	0	0	0	0	0	0	0	0	0	0	0	0	0	0	0	0	0	0	0	0	0	0	0	0	0	0	0	0	0	0	0	0	0	0	0	0	0	0	0	0	0	0	0	0	0	0	0	0	0	0	0	0	0	0	0	0	0	0	0	0	0	0	3566	0	0	0	0	0	0	0	0	0	0	0	0	0	0	0	0	0	0	0	0	0	0	0	0	0	0	0	0	0	0	0	0	0	0	0	0	0	0	0	0	2	0	0	0	0	0	0	0	0	0	0	0	0	0	0	0	0	0	0	0	0	0	0	0	0	0	0	11	0	0	0	0	0	0	0	0	0	0	0	0	0	0	0	0	0	0	0	0	0	0	0	0	0	0	0	0	0	0	0	0	0	0	0	0	0	0	0	0	0	0	0	7852	30	0	0	0	0	0	0	0	0	0	0	0	0	0	0	0	0	0	0	0	0	0	0	0	0	0	0	0	3618	0	0	0	0	0	0	0	0	0	0	0
SRR31465428	59907	0	0	0	0	0	0	0	0	0	0	0	0	0	0	3	0	0	0	0	0	0	0	0	0	0	0	0	0	0	0	0	0	0	0	0	0	0	0	0	0	0	0	0	0	0	0	0	0	0	0	0	0	0	0	0	0	0	0	0	0	0	0	0	891	0	0	0	0	0	0	0	0	0	0	0	0	0	0	0	0	0	0	0	0	0	0	0	0	0	0	0	0	0	0	0	0	0	0	0	0	0	0	0	0	0	0	0	7561	0	2305	0	0	0	6055	0	0	0	0	0	0	0	0	0	0	13654	0	0	0	1	0	0	8484	0	0	0	0	0	0	0	0	0	0	0	0	0	0	0	0	0	0	0	0	0	0	0	0	0	0	0	0	0	0	0	0	0	0	0	0	0	0	0	0	0	0	0	0	0	0	0	0	0	0	0	0	0	0	0	0	0	0	0	0	0	0	0	0	0	0	0	0	0	0	0	0	0	0	0	0	0	0	0	0	0	0	7850	0	0	0	0	0	0	0	0	0	0	0	0	0	0	0	0	0	0	0	0	0	0	0	0	101	0	0	0	0	0	0	0	0	0	0	0	0	0	0	0	0	4939	0	0	0	0	0	0	0	0	0	0	0	0	0	0	0	0	0	0	0	0	0	0	0	0	6797	0	0	0	0	0	0	0	0	0	0	0	0	0	2	0	0	0	0	0	0	0	0	0	0	0	0	0	0	0	0	0	0	0	0	0	0	0	0	0	0	0	0	0	0	0	0	0	0	0	0	0	0	0	0	0	0	0	0	0	0	0	0	0	0	0	0	0	0	0	0	41	0	0	0	0	0	0	0	0	0	0	0	0	0	0	0	0	0	0	0	0	0	0	0	0	0	0	0	1223	0	0	0	0	0	0	0	0	0	0	0
SRR31465432	67156	0	0	0	0	0	0	0	0	0	0	0	0	0	0	0	0	0	0	0	0	0	0	0	0	0	0	0	0	0	0	0	0	0	0	0	0	0	0	0	0	0	0	0	0	0	0	0	0	0	0	0	0	0	0	0	0	0	0	0	0	0	0	0	0	0	0	0	0	0	0	0	0	0	0	0	0	0	0	0	0	0	0	0	0	0	0	0	0	0	0	0	0	0	0	0	0	0	0	0	0	0	0	0	0	0	0	0	0	0	2532	0	0	0	2174	0	0	0	0	0	0	0	0	0	0	8411	0	0	0	0	0	0	23103	0	0	0	0	0	0	0	0	0	0	0	0	0	0	0	0	0	0	0	0	0	0	0	0	0	0	0	0	0	0	0	0	0	0	0	0	0	0	0	0	0	0	0	0	0	0	0	0	0	0	0	0	0	0	0	0	0	0	0	0	0	0	0	0	0	0	0	0	0	0	0	0	0	0	0	0	994	0	0	0	0	0	0	0	0	0	0	0	0	0	0	0	0	0	0	0	0	0	0	0	0	0	0	0	0	0	0	0	0	0	0	0	0	0	0	0	0	0	0	0	0	0	0	0	0	0	0	0	0	0	0	0	0	0	0	0	0	0	0	0	0	0	0	0	0	0	0	0	0	0	0	0	0	0	0	0	0	0	0	0	0	0	0	0	0	0	0	0	0	0	0	0	0	0	0	0	0	0	0	0	0	0	0	0	0	0	0	0	0	0	0	0	0	0	0	0	0	0	1	0	0	0	0	0	0	0	0	0	0	0	0	0	0	0	0	0	1	0	0	0	26355	0	3580	0	0	0	0	0	0	0	0	0	0	0	0	0	0	0	0	0	0	0	0	0	0	0	0	0	5	0	0	0	0	0	0	0	0	0	0	0
SRR31465436	65187	0	0	0	0	0	0	0	0	0	0	0	0	0	0	0	0	0	0	0	0	0	0	0	0	0	0	0	0	0	0	0	0	0	0	0	0	0	0	0	0	0	0	0	0	0	0	0	0	0	0	0	0	0	0	0	0	0	2	0	0	0	0	0	0	0	0	0	0	0	0	0	0	0	0	0	0	0	0	0	0	0	0	0	0	0	0	0	0	0	0	0	0	0	0	0	0	0	0	0	0	0	0	0	0	0	0	0	0	4223	3417	0	0	0	0	0	0	0	0	0	0	0	0	0	0	0	0	0	0	0	0	0	40149	0	0	0	0	0	0	0	0	0	0	0	0	0	0	0	0	0	0	0	0	0	0	0	0	0	0	0	0	0	0	2	0	0	0	0	0	0	0	0	0	0	0	0	0	0	0	0	0	0	0	0	0	0	0	0	0	0	0	0	0	0	0	0	0	0	0	0	0	0	0	0	0	0	0	0	0	0	0	0	0	0	0	0	0	0	0	0	0	0	0	0	0	0	0	0	0	0	0	0	0	0	0	0	0	0	0	0	755	0	0	0	0	0	0	0	0	0	0	0	0	0	0	0	0	0	0	0	0	0	0	0	0	0	0	0	0	0	0	0	0	0	0	0	0	0	0	0	0	0	0	0	0	0	0	0	0	0	0	0	0	0	0	0	0	0	0	0	0	0	0	0	0	0	0	0	0	0	0	0	0	0	0	0	0	0	0	0	0	0	0	0	0	0	0	0	0	0	0	0	0	0	0	0	0	0	0	0	0	0	0	0	0	0	0	0	0	0	0	0	0	39	0	0	0	0	0	0	0	0	0	0	0	0	0	0	0	0	0	0	0	0	0	0	0	0	0	0	0	16600	0	0	0	0	0	0	0	0	0	0	0
SRR31465434	45047	0	0	0	0	0	0	0	0	0	0	0	0	0	2	4988	0	0	0	0	0	0	0	0	0	0	0	0	0	0	0	0	0	0	0	0	0	0	0	0	0	0	0	0	0	0	0	2387	0	0	0	0	0	0	0	0	2562	0	0	0	0	0	0	0	0	0	0	0	0	0	0	0	1468	0	0	0	0	0	0	0	0	0	0	0	0	0	0	0	0	0	0	0	0	0	0	0	0	0	0	0	0	0	0	0	249	0	0	0	0	1657	656	0	0	0	0	0	0	0	0	0	0	0	0	0	0	0	0	1018	0	0	0	0	7459	0	0	0	0	0	0	0	0	0	0	0	0	0	0	0	0	0	4353	0	0	0	0	0	0	0	0	0	0	0	0	0	0	0	0	0	0	0	0	0	0	0	0	0	0	0	0	0	0	0	0	0	0	0	0	0	0	0	0	0	0	0	0	0	0	0	0	0	0	0	0	0	0	0	0	3404	0	0	0	0	0	0	0	0	0	0	0	0	0	0	0	0	0	0	0	0	0	0	0	0	0	0	0	0	0	0	0	0	405	0	0	0	0	0	0	0	0	0	0	0	0	0	0	0	0	0	0	0	0	0	0	0	0	0	0	0	0	0	0	0	0	0	0	0	0	0	0	0	0	0	0	0	0	0	0	0	0	0	0	0	0	0	0	0	2284	0	0	0	0	0	0	0	0	0	0	0	18	0	0	0	0	0	0	0	0	0	0	0	0	0	0	0	0	0	0	0	0	0	0	0	0	0	0	0	0	0	0	0	0	0	0	0	0	0	0	0	0	7906	0	116	0	0	0	0	91	0	0	0	0	0	0	0	0	0	0	0	0	0	0	0	0	0	0	0	0	0	0	0	0	4024	0	0	0	0	0	0	0	0	0	0	0
SRR31465437	53053	0	0	0	0	0	0	0	0	0	0	0	0	0	0	4586	0	0	0	0	0	0	0	0	0	0	0	0	0	0	0	0	0	0	0	0	0	0	0	0	0	0	0	0	0	0	0	1072	0	0	0	0	0	0	0	0	0	0	0	0	0	0	0	0	0	0	0	0	0	0	0	0	0	0	0	0	0	0	0	0	0	0	0	0	0	0	0	0	0	0	0	0	0	0	0	3742	0	0	0	0	0	0	0	0	0	0	0	0	0	0	2657	0	0	0	0	0	0	0	0	1058	0	0	0	0	0	0	0	0	0	0	0	0	8913	0	0	0	0	0	0	0	0	0	0	0	0	0	0	0	0	0	0	0	0	0	0	0	0	0	0	0	0	0	0	0	0	0	0	0	0	0	0	0	0	0	0	0	0	0	0	0	0	0	0	0	0	0	0	0	0	0	0	0	0	0	0	0	0	0	0	0	0	0	0	0	0	0	0	0	0	0	0	0	0	0	0	0	0	0	0	0	0	0	0	0	0	0	0	0	0	0	0	0	0	0	0	0	0	0	0	0	0	0	0	0	0	0	0	0	0	0	0	0	0	0	0	0	0	0	0	0	0	0	0	0	0	0	0	0	0	0	0	0	0	0	0	0	0	0	0	0	0	0	0	0	0	0	0	0	0	0	0	0	0	0	0	0	0	0	0	0	0	0	0	0	0	0	0	0	24	0	1206	1346	0	0	0	0	0	0	0	0	0	0	0	0	0	0	0	0	0	0	0	0	0	0	0	0	0	0	0	0	0	0	0	0	0	0	0	0	0	8209	0	2042	0	11	0	867	0	0	0	0	0	0	0	0	0	0	0	0	0	0	0	0	0	0	0	0	0	0	0	0	0	17320	0	0	0	0	0	0	0	0	0	0	0
SRR31465442	38527	0	0	0	0	0	0	0	0	0	0	0	0	0	13	63	0	0	0	0	0	0	0	0	0	0	0	0	0	0	0	0	0	0	0	0	0	0	0	0	15	0	0	0	0	0	0	58	0	0	0	0	0	0	0	0	0	0	0	0	0	0	0	0	0	0	14	0	11	0	0	0	0	0	0	0	0	0	0	0	0	0	0	0	0	0	0	0	0	0	0	0	0	0	0	0	0	0	0	0	0	0	0	0	0	0	0	0	0	0	2535	0	0	0	0	0	0	0	0	0	0	0	0	0	0	0	0	0	0	0	0	0	47	0	0	0	0	0	0	0	0	0	0	0	0	0	0	0	0	0	0	0	0	0	0	0	0	0	0	0	0	0	0	0	0	0	0	0	0	0	0	0	0	0	0	0	0	0	0	0	0	0	0	0	0	0	0	0	0	0	0	0	0	0	0	0	0	0	0	0	0	0	0	0	0	0	0	0	0	0	0	0	0	0	0	0	0	0	0	0	0	0	0	0	0	0	0	0	0	0	0	0	0	0	0	0	0	1	0	0	0	0	0	0	0	0	0	0	0	0	0	0	0	0	0	0	0	0	0	0	0	0	0	0	0	0	0	0	0	0	0	0	0	0	0	0	0	0	0	0	0	0	0	0	0	0	0	0	0	0	0	0	0	0	0	0	0	0	0	0	0	0	0	0	0	0	0	0	0	0	0	0	0	0	0	0	0	0	0	0	0	0	0	0	0	0	0	0	0	0	0	0	0	0	0	0	0	0	0	0	0	0	0	0	0	0	0	0	0	61	0	27	0	35579	0	0	0	0	0	0	0	0	0	0	0	0	0	0	0	0	0	0	0	0	0	0	0	0	0	0	0	103	0	0	0	0	0	0	0	0	0	0	0
SRR31465439	33920	0	0	0	0	0	0	0	0	0	0	0	0	0	0	6	0	0	0	0	0	0	0	0	0	0	1	0	0	0	0	0	0	0	0	0	0	0	0	0	0	0	0	0	0	0	0	0	0	0	0	0	0	0	0	0	0	0	17	8	0	0	0	0	0	0	2	0	0	0	0	0	0	0	0	0	0	0	0	0	0	0	0	0	0	0	0	0	0	0	0	0	0	0	0	0	0	0	0	0	0	0	0	0	0	0	0	0	0	0	33818	0	0	0	0	0	0	0	0	0	0	0	0	0	0	0	0	0	0	0	0	0	19	0	0	0	0	0	0	0	0	0	0	0	0	0	0	0	0	0	0	0	0	0	0	0	0	0	0	0	0	0	0	0	0	0	0	0	0	0	0	0	0	0	0	0	0	0	0	0	0	0	0	0	0	0	0	0	0	0	0	0	0	0	0	0	0	0	0	0	0	0	0	0	0	0	0	0	0	0	0	0	0	0	0	0	0	0	0	0	0	0	0	0	0	0	0	0	0	0	0	0	0	0	0	0	0	0	0	0	0	0	0	0	0	0	0	0	0	0	0	0	0	0	0	0	0	0	0	0	0	0	0	0	0	0	0	0	0	0	0	0	0	0	0	0	0	0	0	0	0	4	0	0	0	0	0	0	0	0	0	11	0	0	0	0	0	0	0	0	0	0	0	0	0	0	0	0	0	0	0	0	0	0	0	0	0	0	0	0	0	0	0	0	0	0	0	0	0	0	0	0	0	0	0	0	0	0	0	0	0	0	0	0	0	0	0	0	0	23	0	0	0	6	0	0	0	0	0	0	0	0	0	0	0	0	0	0	0	0	0	0	0	0	0	0	0	0	0	0	0	5	0	0	0	0	0	0	0	0	0	0	0
SRR31465453	53506	0	0	0	0	0	0	0	0	0	0	0	0	0	0	6157	0	0	0	0	0	0	0	0	0	0	0	0	0	0	0	0	0	0	0	0	0	0	0	0	0	0	0	0	0	0	0	1666	0	0	0	0	0	0	0	0	0	0	0	0	0	0	0	0	0	0	0	0	0	0	0	0	1319	0	0	0	0	0	0	0	0	0	0	0	0	0	0	0	0	0	0	0	0	0	0	0	0	0	0	0	0	0	0	0	0	0	0	0	0	965	1392	0	0	0	0	0	0	0	0	0	0	0	0	0	0	3337	0	0	0	0	0	0	7868	0	0	0	0	0	0	0	0	0	0	0	0	0	0	0	0	0	0	0	0	0	0	0	0	0	0	0	0	0	0	0	0	0	0	0	0	0	0	0	0	0	0	0	0	0	0	0	0	0	0	0	0	0	0	0	0	0	2	0	0	0	0	0	0	0	0	0	0	0	0	0	0	0	4353	0	0	0	0	0	0	0	0	0	0	0	0	0	75	0	0	0	0	0	0	0	0	0	0	0	0	0	0	0	0	338	0	0	0	0	0	0	0	0	0	0	0	0	0	0	0	0	0	0	0	0	0	0	0	0	0	0	0	1092	0	0	0	0	0	0	0	0	0	0	0	0	0	0	0	0	0	0	0	0	0	0	0	0	0	0	0	0	0	0	0	0	0	0	0	0	0	0	0	0	0	0	15	0	0	0	0	0	0	0	0	0	0	0	0	0	0	0	0	0	0	0	0	0	0	0	0	0	0	0	0	0	0	0	0	0	0	0	0	0	0	0	0	13145	0	3033	0	8398	0	0	0	0	0	0	0	0	0	0	0	0	0	0	0	0	0	0	0	0	0	0	0	0	0	0	0	351	0	0	0	0	0	0	0	0	0	0	0
SRR31465454	55271	0	0	0	0	0	0	0	0	0	0	0	0	0	0	5516	0	0	0	0	0	0	0	0	0	0	0	0	0	0	0	0	0	0	0	0	0	0	0	0	0	0	0	0	0	0	0	10039	0	0	0	0	0	0	0	0	0	0	0	0	0	0	0	0	0	0	939	0	674	0	0	0	0	0	0	0	0	0	0	0	0	0	0	0	0	0	0	0	0	0	0	0	0	0	0	0	0	0	0	0	0	0	0	0	281	0	0	0	0	0	209	0	0	0	0	0	0	0	0	0	0	0	0	0	0	0	0	0	0	0	0	0	6675	0	0	0	0	0	0	0	0	0	0	0	0	0	0	0	0	0	0	0	0	0	0	0	0	0	0	0	0	0	0	0	0	0	0	0	0	0	0	0	0	0	0	0	0	0	0	0	0	0	0	0	0	0	0	0	0	0	0	0	0	0	0	0	0	0	0	0	0	0	0	0	0	0	0	0	0	0	0	0	0	0	0	0	0	0	0	0	0	0	0	0	0	0	0	0	0	0	0	0	0	0	0	0	0	0	0	0	688	0	0	0	0	0	0	0	0	0	0	0	0	0	0	0	0	0	0	650	0	0	0	0	0	0	0	0	0	0	0	0	0	0	0	0	0	0	0	0	0	0	0	0	0	0	0	0	0	3450	0	0	0	0	0	0	0	0	0	0	0	0	0	0	0	0	0	0	6	0	0	0	0	0	0	0	0	0	0	0	0	0	0	0	0	0	0	0	0	0	0	0	0	0	0	0	0	0	0	0	0	0	0	0	0	0	0	0	0	16921	0	2592	0	6630	0	0	0	0	0	0	0	0	0	0	0	0	0	0	0	0	0	0	0	0	0	0	0	0	0	0	0	1	0	0	0	0	0	0	0	0	0	0	0
SRR31465441	39012	0	0	0	0	0	0	0	0	0	0	0	0	0	0	6921	0	0	0	0	0	0	0	0	0	0	0	0	0	0	0	0	0	0	0	0	0	0	0	0	0	0	0	0	0	0	0	0	0	0	0	0	0	0	0	0	0	0	0	0	0	0	0	0	0	0	0	0	0	0	0	0	0	0	0	0	0	0	0	0	0	0	0	0	0	0	0	0	0	0	0	0	0	0	0	0	0	0	0	0	0	0	0	0	0	0	0	0	0	0	689	0	0	0	0	0	0	0	0	0	0	0	0	0	0	0	0	0	0	0	0	0	0	0	0	0	0	0	0	0	0	0	0	0	0	0	0	0	0	0	0	0	0	0	0	0	0	0	0	0	0	0	0	0	0	0	0	0	0	0	0	0	0	0	0	0	0	0	0	0	0	0	0	0	0	0	0	0	0	0	0	0	0	0	0	0	0	0	0	0	0	0	0	0	0	0	0	0	0	0	0	0	0	0	0	0	0	0	0	0	0	0	0	0	0	0	0	0	0	0	0	0	0	0	0	0	0	0	0	0	537	0	0	0	0	0	0	0	0	0	0	0	0	9169	0	0	0	0	0	0	0	0	0	0	0	0	0	0	0	0	0	0	0	0	0	0	0	0	0	0	0	0	0	0	0	0	0	0	0	0	0	0	0	0	0	0	0	0	0	0	0	0	0	0	0	0	0	0	3	0	0	0	0	0	0	0	0	0	0	0	0	0	0	0	0	0	0	0	0	0	0	0	0	0	0	0	0	0	0	0	0	0	0	0	0	0	0	0	0	9805	0	0	0	26	0	4292	0	0	0	0	0	0	0	0	0	0	0	0	0	0	0	0	0	0	0	0	0	0	0	0	0	7570	0	0	0	0	0	0	0	0	0	0	0
SRR31465455	52016	0	0	0	0	0	0	0	0	0	0	0	0	0	0	9448	0	0	0	0	0	0	0	0	0	0	0	0	0	0	0	0	0	0	0	0	0	0	0	0	0	0	0	0	0	0	0	1931	0	0	0	0	0	0	0	0	0	0	0	0	0	0	0	0	0	0	557	0	1334	0	0	0	0	0	0	0	0	0	0	0	2800	0	0	0	0	0	0	0	0	0	0	0	0	0	1	0	0	0	0	0	0	0	0	0	0	0	0	0	0	1753	2822	0	0	683	0	0	0	0	0	0	0	0	0	0	0	1487	0	0	0	0	0	0	3216	0	0	0	0	0	0	0	0	0	0	0	0	0	0	0	0	0	0	0	0	0	0	0	0	0	0	0	0	0	0	0	0	0	0	0	0	0	0	0	0	0	0	0	0	0	0	0	0	0	0	0	0	0	0	0	0	0	0	0	0	0	0	0	0	0	0	0	0	0	0	0	0	0	0	0	0	0	0	0	0	0	0	0	0	0	0	0	0	0	0	0	0	0	0	0	0	0	0	0	0	0	0	0	0	1410	0	0	0	0	0	0	0	0	134	0	0	0	0	0	0	0	0	0	0	0	0	2	0	0	0	0	0	0	0	0	0	0	0	0	0	0	0	0	0	0	0	0	0	0	0	0	0	0	0	0	0	0	0	0	0	0	0	0	0	0	0	0	0	0	0	0	0	0	0	0	37	0	0	0	0	0	0	0	0	0	0	0	0	0	0	0	0	0	0	0	0	109	0	0	0	0	0	0	0	0	0	0	0	0	0	0	0	0	0	0	0	18274	0	2824	0	13	0	0	0	0	0	0	0	0	0	0	0	0	0	0	1084	0	0	0	0	0	0	0	0	0	0	0	0	2097	0	0	0	0	0	0	0	0	0	0	0
SRR31465443	47611	0	0	0	0	0	0	0	0	0	0	0	0	0	0	7406	0	0	0	0	0	0	0	0	727	0	0	0	0	0	0	0	0	0	0	0	0	0	0	0	0	0	0	0	0	0	0	7090	0	0	0	0	0	0	0	0	0	0	0	0	0	0	0	0	0	0	0	0	0	0	0	0	0	0	0	0	0	0	0	0	0	0	0	0	0	0	0	0	0	0	0	0	0	0	0	0	0	0	0	0	0	0	0	0	0	0	0	0	0	905	212	0	0	0	0	0	0	0	0	0	0	0	0	0	0	3672	0	0	0	0	0	0	9273	0	0	0	0	0	0	0	0	0	0	0	0	0	0	0	0	0	0	0	0	0	0	0	0	0	0	0	0	0	0	0	0	0	0	0	0	0	0	0	0	0	0	0	0	0	0	0	0	0	0	0	0	0	0	0	0	0	0	0	0	0	0	0	0	0	0	0	0	0	0	0	0	0	0	0	0	0	0	0	0	0	0	0	0	0	0	0	13	0	0	0	0	0	0	0	0	0	0	0	0	0	0	0	0	0	0	0	2156	0	0	0	0	0	0	0	0	0	0	0	0	0	0	0	0	0	0	0	0	0	0	0	0	0	0	0	0	0	0	0	0	0	0	0	0	0	0	0	0	0	0	0	0	0	0	0	0	0	0	0	0	928	0	0	0	0	0	0	0	0	0	671	0	0	0	0	14	0	0	0	0	0	0	0	0	0	0	0	0	0	0	0	0	0	0	0	1255	0	0	0	0	0	0	0	0	0	0	0	0	0	0	0	0	0	0	0	0	10810	0	2472	0	0	0	0	0	0	0	0	0	0	0	0	0	0	0	0	0	0	0	0	0	0	0	0	0	0	0	0	0	7	0	0	0	0	0	0	0	0	0	0	0
SRR31465461	42393	0	0	0	0	0	0	0	0	0	0	0	0	0	2482	5478	0	0	0	0	0	0	0	0	0	0	0	0	0	0	0	0	0	0	0	0	0	0	0	0	0	0	0	0	0	0	0	2991	0	0	0	0	0	0	0	0	0	0	0	0	0	0	0	0	0	0	835	0	1423	0	0	0	0	0	0	0	0	0	0	0	0	0	0	0	0	0	0	0	0	0	581	0	0	0	624	0	0	0	0	0	0	0	0	0	2151	0	0	0	0	1930	2618	0	0	0	0	0	0	0	0	0	0	0	0	0	0	0	0	0	0	0	0	0	4098	0	0	0	0	0	0	0	0	0	0	0	0	0	0	0	0	0	0	0	0	0	0	0	0	0	0	0	0	0	0	0	0	0	0	0	0	0	0	0	0	0	0	0	0	0	0	0	0	0	0	0	0	0	0	0	0	0	0	0	0	0	0	0	0	0	0	0	0	0	0	0	0	0	0	0	0	0	0	0	0	0	0	0	0	0	0	0	0	0	0	0	0	1584	0	0	0	0	0	0	0	0	0	0	0	1694	0	0	0	0	0	0	0	0	0	0	0	0	0	0	0	0	0	0	0	0	0	0	0	0	0	0	0	0	0	0	0	0	0	0	0	0	0	0	0	0	0	0	0	0	0	0	0	0	0	0	0	1	0	0	0	0	0	0	0	0	0	0	0	0	0	0	0	0	0	0	8	0	0	0	0	0	0	0	0	0	0	0	0	0	0	0	0	0	0	0	0	0	0	0	0	0	0	0	0	0	0	0	0	0	0	0	0	0	0	0	0	11787	0	2104	0	0	0	0	0	0	0	0	0	0	0	0	0	0	0	0	0	0	0	0	0	0	0	0	0	0	0	0	0	4	0	0	0	0	0	0	0	0	0	0	0
SRR31465446	42252	0	0	0	0	0	0	0	0	0	0	0	0	0	0	14772	412	0	0	0	0	0	0	0	0	0	0	0	4023	0	0	0	0	0	0	0	0	0	0	0	0	0	0	0	0	0	0	0	0	0	0	0	0	0	0	0	0	0	0	0	0	0	0	0	0	0	0	0	890	0	0	0	0	0	0	0	0	0	0	0	0	0	0	0	0	0	0	0	0	0	0	0	0	0	0	0	0	0	0	0	0	0	0	0	0	0	0	0	0	0	1462	0	0	0	0	0	0	0	0	0	0	0	0	0	0	0	0	0	0	0	0	0	4064	0	0	0	0	0	0	0	0	0	0	0	0	0	0	0	0	0	0	0	0	0	0	0	0	0	0	0	0	0	0	0	0	0	0	0	0	0	0	0	0	0	0	0	0	0	0	0	0	0	0	0	0	0	0	0	0	0	0	0	0	0	0	0	0	0	0	0	0	0	0	0	0	0	0	0	0	0	0	0	0	0	0	0	0	0	0	0	0	0	0	0	0	0	0	0	0	0	0	0	0	0	0	0	0	0	0	0	0	0	0	0	0	0	0	0	0	0	0	0	0	0	0	0	0	0	0	0	0	0	0	0	0	0	0	0	0	0	0	0	0	0	0	0	0	0	0	0	0	0	0	0	0	0	0	0	0	0	0	0	0	0	0	0	0	0	0	0	0	0	0	0	0	0	0	0	53	0	0	0	0	0	0	0	0	0	0	254	0	0	0	0	0	0	0	0	0	0	0	0	0	0	0	0	0	0	0	0	0	0	0	0	0	0	0	0	0	8817	0	0	0	2868	0	0	0	0	0	0	0	0	0	0	0	0	0	0	0	0	0	0	0	0	0	0	0	0	0	0	0	4637	0	0	0	0	0	0	0	0	0	0	0
SRR31465462	54312	0	0	0	774	1471	0	0	0	0	0	0	0	0	0	2312	0	0	0	0	0	0	0	0	0	0	0	0	0	0	0	0	0	0	0	0	0	0	0	0	0	0	0	0	0	0	0	1988	0	0	0	0	0	0	0	0	0	0	257	0	0	0	0	0	0	0	0	0	2466	0	0	0	406	0	0	0	0	0	0	0	0	0	0	0	0	0	0	0	0	0	0	0	0	0	0	0	0	0	0	0	0	0	0	0	1463	0	0	0	0	0	2618	0	0	0	0	0	0	0	0	0	0	0	0	0	0	2549	0	0	0	0	0	0	6364	0	0	0	0	0	1810	0	0	0	0	0	0	0	0	0	0	0	0	0	0	0	0	0	0	0	0	0	0	0	0	0	0	0	0	0	0	0	0	0	0	0	0	0	0	0	0	0	0	0	0	0	0	0	0	0	0	0	0	0	0	0	0	0	0	0	0	0	0	0	0	0	0	0	428	0	0	0	0	0	0	0	0	0	0	0	0	0	0	0	0	0	0	0	0	0	0	0	0	0	0	0	0	0	0	0	0	0	0	0	0	0	0	0	0	0	0	0	0	0	0	0	0	0	0	0	0	0	0	0	0	0	0	0	0	0	0	0	0	0	0	0	0	0	0	0	0	0	0	0	0	0	0	0	0	0	0	0	0	0	0	0	0	0	0	0	810	0	0	0	0	0	0	0	0	0	4	0	0	0	0	0	0	0	0	0	0	0	0	0	0	0	0	0	0	0	0	137	0	0	0	0	0	0	0	0	0	0	0	0	0	0	0	0	0	0	0	5466	0	1899	0	17138	0	0	0	0	0	0	0	0	0	0	0	0	0	0	0	0	0	0	0	0	2130	0	0	0	0	0	0	1822	0	0	0	0	0	0	0	0	0	0	0
SRR31465463	55798	0	0	0	0	0	0	0	0	0	0	0	0	0	1911	9096	0	1170	0	0	0	0	0	0	0	736	0	0	0	0	0	0	0	0	0	0	0	0	0	0	0	0	0	0	0	0	0	3863	0	0	0	0	0	0	0	0	0	0	0	0	0	0	0	0	47	0	0	0	920	0	0	0	0	0	0	0	0	0	0	0	0	0	0	0	0	0	0	0	0	0	0	0	0	0	0	0	0	0	0	0	0	0	0	0	0	0	0	0	268	1289	803	0	0	0	0	0	0	0	0	0	0	0	0	0	0	3034	0	0	0	0	0	0	3042	0	0	0	0	0	0	0	0	0	0	0	0	0	0	0	1591	0	1	0	0	0	0	0	0	0	0	0	0	0	0	0	0	0	0	0	0	0	490	0	0	0	0	0	0	0	0	0	0	0	0	0	0	0	0	0	0	0	0	0	0	0	0	0	0	0	0	0	0	0	0	0	0	0	0	0	0	0	0	0	0	0	0	0	0	0	0	0	0	0	0	0	0	0	0	0	0	0	0	0	0	0	0	0	0	0	0	0	0	180	0	0	0	0	0	0	0	0	0	0	0	0	0	0	0	0	0	0	0	0	0	0	0	0	0	0	0	0	0	0	0	0	0	0	0	0	0	905	0	0	422	0	0	0	0	0	0	0	0	0	0	0	0	0	0	0	0	0	0	0	1335	0	0	0	0	0	43	0	0	0	0	0	0	0	0	0	0	0	0	0	0	0	0	0	0	0	0	0	0	0	0	0	0	0	649	0	5	0	0	0	0	0	0	0	0	0	0	14119	0	1409	0	3859	0	1790	0	0	0	0	0	0	426	0	0	0	0	0	0	0	0	0	0	0	1	0	0	0	0	0	0	2394	0	0	0	0	0	0	0	0	0	0	0
SRR31465465	31393	0	0	0	0	0	0	0	0	0	0	0	0	0	0	92	0	0	0	0	0	0	0	0	0	0	31	0	0	0	0	0	0	0	0	0	0	0	0	0	0	0	0	0	0	0	0	82	0	0	0	0	0	0	0	0	0	0	0	0	0	0	0	0	0	0	0	0	0	0	0	0	0	0	0	0	0	0	0	0	0	0	0	0	0	0	0	0	0	0	0	0	0	0	0	0	0	0	0	0	0	0	0	0	0	0	0	0	0	36	30789	0	0	0	0	0	0	0	0	0	0	0	0	0	0	29	0	0	0	0	0	0	64	0	0	0	0	0	0	0	0	0	0	0	0	0	0	0	0	0	0	0	15	0	0	0	0	0	0	0	0	0	0	0	0	0	0	0	0	0	0	0	0	18	0	0	0	0	0	0	0	0	0	0	0	0	0	0	0	0	0	0	0	0	0	0	0	0	0	0	0	0	0	0	0	0	0	0	0	0	0	0	0	0	0	0	0	0	0	0	0	0	0	0	0	0	0	0	0	0	0	0	0	0	0	0	0	0	0	0	0	0	0	0	0	0	0	0	0	0	0	0	0	0	0	0	0	0	0	0	0	0	0	0	0	0	0	0	0	0	0	0	0	0	0	0	0	0	0	0	0	0	0	0	0	0	0	0	17	2	0	37	0	0	0	0	0	0	0	0	0	0	0	0	0	0	0	0	0	0	0	0	0	0	0	0	0	0	0	0	0	0	0	0	0	0	0	0	0	0	0	0	0	0	0	0	0	0	0	0	0	0	0	0	0	0	0	0	0	82	10	0	0	26	0	0	0	0	0	0	0	0	0	0	0	0	0	0	0	0	0	0	0	0	24	0	0	0	0	0	0	39	0	0	0	0	0	0	0	0	0	0	0
SRR31465468	26924	0	0	0	0	0	0	0	0	0	0	0	0	0	0	53	0	0	0	0	0	0	0	0	0	0	0	0	0	0	0	0	0	0	0	0	0	0	0	0	0	0	0	0	0	0	0	36	0	0	0	0	0	0	0	0	0	0	0	0	0	0	0	0	0	0	0	0	61	0	0	0	0	0	0	0	0	0	0	0	0	0	0	0	0	0	0	0	0	0	0	0	0	0	0	0	0	0	0	0	0	0	0	0	0	0	0	0	0	0	0	0	0	0	0	0	0	0	0	0	0	0	0	0	0	265	0	0	0	0	0	0	181	0	0	0	0	0	0	0	0	0	0	0	0	0	0	0	0	0	0	0	0	0	0	0	0	0	0	0	0	0	0	0	0	0	0	0	0	0	0	0	0	0	0	0	0	0	0	0	0	0	0	0	0	0	0	0	0	0	0	0	0	0	0	0	0	0	0	0	0	0	0	0	0	0	0	0	0	0	0	0	0	0	0	0	0	0	0	0	0	0	0	0	0	0	0	0	0	0	0	0	0	0	0	0	0	0	0	0	0	0	0	0	0	0	0	0	0	0	0	0	0	26136	0	0	0	0	0	0	0	0	0	0	0	0	0	0	0	0	0	0	0	0	0	0	0	0	0	0	0	0	0	0	0	0	0	0	0	0	0	0	0	0	0	0	0	0	0	0	0	0	0	0	0	0	0	0	0	0	0	0	0	0	0	0	0	0	0	0	0	0	0	0	0	0	0	0	0	0	0	0	0	0	33	0	0	0	0	0	0	0	0	0	0	0	0	0	0	159	0	0	0	0	0	0	0	0	0	0	0	0	0	0	0	0	0	0	0	0	0	0	0	0	0	0	0	0	0	0	0	0	0	0	0	0	0	0	0	0	0	0	0
SRR31465447	17928	0	0	0	0	0	0	0	0	0	0	0	0	0	1050	1708	0	0	0	0	0	0	0	833	0	0	0	0	0	0	0	0	0	0	0	0	0	0	0	0	0	0	0	0	0	0	0	2483	0	0	0	0	0	0	0	0	89	0	320	0	0	0	0	0	0	0	0	0	1	0	0	0	0	0	0	0	0	0	0	0	0	0	0	0	0	0	0	0	0	0	0	0	0	0	0	0	0	0	0	0	0	0	0	0	78	0	0	0	0	0	144	0	0	0	0	0	0	0	0	0	0	0	0	0	0	1898	0	0	0	0	0	0	2068	0	0	0	0	0	0	0	0	0	0	0	0	0	0	0	0	0	421	0	0	0	0	0	0	0	0	0	0	0	0	0	0	0	0	0	0	0	0	0	0	0	0	0	0	0	0	0	0	0	0	0	0	0	0	0	0	0	0	0	0	0	0	0	0	0	0	0	0	0	0	0	0	0	0	0	0	0	0	0	0	0	0	0	0	0	0	0	0	0	0	0	0	0	0	0	0	0	0	0	0	0	0	0	0	0	0	0	0	19	0	0	0	0	0	0	0	0	0	0	0	0	0	0	0	0	0	0	0	0	0	0	0	0	0	0	0	0	0	0	0	0	0	397	0	0	0	0	0	0	0	0	0	0	0	0	0	0	0	0	0	0	0	0	0	0	0	0	0	0	0	0	0	0	0	0	5	0	0	0	0	0	0	0	0	0	0	0	0	0	0	0	0	0	0	0	0	0	0	0	0	0	0	0	0	0	0	0	0	0	0	0	0	0	0	0	0	3456	0	243	0	0	0	291	0	0	0	0	0	0	0	0	0	0	0	0	0	0	0	0	0	0	0	0	0	0	0	0	0	1534	0	0	890	0	0	0	0	0	0	0	0
SRR31465470	49225	0	0	0	0	0	0	0	0	0	0	0	0	0	0	13328	0	0	0	0	0	0	0	0	0	0	0	0	0	0	0	0	0	0	0	0	0	0	0	0	0	0	0	0	0	0	0	0	0	0	0	0	0	0	0	0	0	0	0	0	0	0	0	0	0	0	0	0	0	0	0	0	0	0	0	0	0	0	0	0	0	0	0	0	0	0	0	0	0	0	0	0	0	0	0	0	0	0	0	0	0	0	0	0	55	0	0	0	0	1472	512	0	0	0	0	0	0	0	0	0	0	0	0	0	0	3	0	0	0	0	0	0	21485	0	0	0	0	0	0	0	0	0	0	0	0	0	0	0	1	0	0	0	0	0	0	0	0	0	0	0	0	0	0	0	0	0	0	0	0	0	0	0	0	0	0	0	0	0	0	0	0	0	0	0	0	0	0	0	0	0	0	0	0	0	0	0	0	0	0	0	0	0	0	0	0	0	0	0	0	0	0	0	0	0	0	0	0	0	0	0	0	0	0	0	0	0	0	0	0	0	0	0	0	0	0	0	0	0	0	0	0	0	0	0	0	0	0	0	0	0	0	0	0	0	0	0	0	0	0	0	0	0	0	0	0	0	0	0	0	0	0	0	0	0	0	0	0	0	0	0	0	0	0	0	0	0	0	0	0	0	0	0	0	0	0	0	0	0	0	0	0	0	0	0	0	0	0	0	77	0	0	0	0	0	0	0	0	0	0	386	0	0	0	0	0	0	0	0	0	0	0	0	0	0	0	0	0	0	0	0	0	0	0	0	0	0	0	0	0	11853	0	0	0	0	0	0	0	0	0	0	0	0	0	0	0	0	0	0	0	0	0	0	0	0	0	0	0	0	0	0	0	53	0	0	0	0	0	0	0	0	0	0	0
SRR31465451	61927	0	0	0	0	0	0	0	0	0	0	0	0	0	0	3308	0	0	0	0	0	148	0	0	0	0	0	0	0	0	0	0	0	0	0	0	0	0	0	0	0	0	0	0	0	0	0	8811	0	0	0	0	0	0	0	0	0	0	0	0	0	0	0	0	0	0	0	65	1618	19	0	0	0	0	0	0	0	0	0	0	1255	0	0	0	0	0	0	0	0	0	0	0	0	0	140	0	0	0	0	0	0	0	0	0	0	0	0	0	0	771	272	0	0	0	998	0	0	0	0	0	0	0	0	0	0	892	0	0	0	0	0	0	4316	0	0	0	0	0	0	0	0	0	0	0	0	0	0	0	0	0	1141	0	0	0	0	0	0	0	0	0	0	0	0	0	0	0	0	0	0	0	0	0	0	0	0	0	0	0	0	0	0	0	0	0	0	0	0	0	0	0	0	0	0	0	0	0	0	0	0	0	0	0	0	0	0	0	0	0	0	0	0	0	0	0	0	0	0	0	0	0	0	0	0	0	0	0	0	0	0	0	0	0	0	0	0	0	0	0	0	0	0	254	0	0	0	0	0	0	0	0	0	661	0	0	0	0	0	0	0	0	0	0	0	187	0	0	0	0	0	0	0	0	0	0	0	0	0	0	0	0	0	0	0	0	0	0	0	0	0	0	0	0	0	0	0	0	0	0	0	0	0	0	0	0	0	0	0	0	78	0	0	0	0	0	0	0	0	0	0	0	0	0	0	0	0	0	0	461	0	0	0	0	0	0	0	0	0	0	0	0	0	0	0	0	0	0	0	0	0	12206	0	2247	0	22074	0	0	0	0	0	0	0	0	0	0	0	0	0	0	0	0	0	0	0	0	0	0	0	0	0	0	0	5	0	0	0	0	0	0	0	0	0	0	0
SRR31465472	54028	0	0	0	0	0	0	0	0	0	0	0	0	0	0	3924	0	0	0	0	0	0	0	0	0	1549	0	0	904	0	0	0	0	0	0	0	0	0	0	0	1180	0	0	0	0	0	0	3517	0	0	0	0	0	0	0	0	0	0	0	0	0	0	0	0	0	0	1764	0	1375	0	722	0	410	0	0	0	0	0	0	0	0	0	0	0	0	0	0	0	0	0	0	0	0	0	0	0	0	0	0	0	0	0	0	0	198	0	0	0	0	2083	265	0	0	0	0	0	0	0	0	0	0	0	0	0	0	562	6	893	0	0	0	0	2591	0	1660	0	0	0	0	0	0	0	0	0	0	0	0	0	0	0	0	0	0	0	0	0	0	0	0	0	0	0	0	0	0	0	0	0	0	0	0	0	0	0	0	0	0	0	0	0	0	0	0	0	0	0	0	0	0	0	0	0	0	0	0	0	0	0	0	0	0	0	0	0	0	0	0	0	0	0	0	0	0	0	0	0	0	0	0	0	0	0	0	0	0	0	0	0	0	0	0	0	0	0	0	0	0	0	0	0	571	0	0	0	0	0	0	0	0	0	0	0	0	0	0	0	0	0	0	0	0	0	0	0	0	0	0	0	0	0	0	0	0	0	0	0	0	0	0	0	830	0	0	0	0	0	0	0	0	2688	0	0	0	0	0	4903	974	0	0	0	0	0	810	0	0	0	0	0	40	0	0	0	0	0	0	0	0	0	0	402	0	0	0	0	0	0	0	0	0	0	0	0	0	0	0	0	0	0	0	0	0	0	0	0	0	0	0	0	0	8964	0	0	0	4900	3456	0	0	0	0	0	0	0	0	0	0	0	0	0	0	0	0	0	0	0	0	0	0	0	0	0	0	1887	0	0	0	0	0	0	0	0	0	0	0
SRR31465464	50802	0	0	0	0	0	0	0	0	0	0	0	487	0	0	3829	0	0	0	0	0	0	0	0	0	0	0	0	698	0	0	0	0	0	0	0	0	0	0	0	0	0	0	0	0	0	0	5229	0	0	0	0	0	0	0	0	2058	0	0	0	0	0	0	0	0	0	0	0	978	0	2852	1333	467	0	0	0	0	0	0	0	0	0	0	0	0	0	0	0	0	0	0	0	0	0	0	0	0	0	0	0	0	0	0	0	0	0	0	455	0	0	438	251	0	0	0	0	0	0	0	782	0	0	0	0	0	1442	0	0	0	0	0	0	3402	0	0	0	0	0	0	0	0	0	3	0	0	0	0	0	0	0	2466	0	0	0	0	0	0	0	0	0	0	0	0	0	0	0	0	0	0	0	0	0	0	0	0	0	0	0	0	0	0	0	0	0	0	0	0	0	0	719	0	0	0	0	0	0	0	0	0	0	0	0	0	0	0	0	0	0	0	0	273	0	0	0	0	0	1570	0	0	0	0	0	0	0	0	0	0	0	0	0	0	0	0	0	0	0	0	0	627	0	0	0	0	0	0	0	0	0	0	0	0	0	0	7	0	0	0	0	0	0	0	0	0	0	0	0	0	0	0	0	0	0	0	0	0	0	0	0	0	0	0	0	0	0	0	0	338	0	0	0	0	0	0	0	0	0	0	0	0	0	0	0	3495	0	0	0	0	0	27	425	0	0	0	0	0	0	0	0	0	44	817	0	0	0	0	0	0	0	0	0	0	0	0	0	0	0	0	0	0	0	0	0	0	181	0	0	0	0	0	7403	0	0	0	1230	3611	0	0	0	0	0	0	0	0	0	0	0	0	0	0	0	0	1208	0	0	0	0	0	0	0	0	0	1657	0	0	0	0	0	0	0	0	0	0	0
SRR31465473	35903	0	0	0	0	0	0	0	0	0	0	0	0	0	861	3298	0	0	0	0	0	0	0	0	0	0	0	0	0	55	0	0	0	0	0	0	0	0	0	0	0	0	0	0	0	0	0	3428	0	18	0	0	0	0	0	0	0	0	0	0	0	0	0	0	0	0	887	0	367	0	0	0	353	0	0	0	0	0	0	0	0	0	0	0	0	0	0	0	0	0	0	0	0	0	0	0	0	0	0	0	0	0	0	0	93	0	0	0	0	1142	122	387	0	806	0	0	0	0	0	0	0	0	0	0	0	253	0	0	0	0	0	0	4626	0	0	0	0	0	0	0	0	0	0	0	0	0	0	0	0	0	4711	0	0	0	0	0	0	427	0	0	0	0	0	0	0	0	0	0	0	0	0	0	0	0	0	0	0	0	0	0	0	0	0	0	0	0	0	0	0	0	0	0	0	156	0	0	0	0	0	0	0	0	0	0	0	0	0	0	0	0	0	0	0	0	0	0	0	0	0	331	0	0	0	0	0	0	0	0	0	0	0	0	0	0	0	0	0	0	0	0	0	0	0	0	0	0	0	0	0	0	0	0	0	19	0	0	0	0	0	0	0	0	0	0	0	0	0	0	0	0	0	0	0	0	0	0	0	0	0	0	0	0	0	0	0	0	0	0	0	0	2142	0	0	0	0	0	0	0	0	0	0	0	1197	0	0	0	0	0	10	0	0	0	0	0	0	0	0	0	195	0	0	0	0	0	0	0	0	0	0	0	0	0	0	0	0	178	0	0	0	0	0	0	0	0	0	0	0	0	0	6854	944	1590	0	0	0	0	0	0	0	0	0	0	0	0	0	0	0	403	0	0	0	0	0	0	0	0	0	0	0	0	0	50	0	0	0	0	0	0	0	0	0	0	0
SRR31465466	51062	0	0	0	0	0	0	0	0	0	0	0	0	0	0	2952	0	0	0	0	0	0	0	0	0	0	0	0	0	199	0	0	0	0	0	0	0	0	538	0	2236	0	0	0	0	0	0	4671	0	0	0	0	0	0	0	0	0	0	0	0	0	0	0	0	0	0	1267	619	1882	803	0	0	0	0	0	0	0	0	0	0	0	0	0	0	0	0	573	104	0	0	0	0	0	0	0	0	0	0	0	0	0	0	0	0	0	0	0	0	0	1964	249	0	0	0	0	0	0	0	0	0	0	0	0	0	0	4386	0	0	0	0	0	0	4900	0	0	0	0	0	0	0	0	0	0	0	0	0	0	0	0	0	0	815	0	0	0	0	0	0	0	0	0	0	0	0	0	0	0	0	0	0	0	0	0	0	0	0	0	0	0	0	0	0	0	0	0	0	311	0	0	0	0	0	0	0	0	0	0	0	0	0	0	0	0	0	0	0	0	0	0	0	0	0	0	0	0	0	0	0	0	0	0	0	0	0	0	0	0	0	0	303	0	0	0	0	0	0	0	0	0	0	0	0	0	0	0	0	0	0	0	0	0	0	0	36	0	0	0	0	0	0	0	0	0	0	0	0	0	0	0	0	0	0	0	0	0	0	0	724	0	0	0	0	0	0	0	0	0	0	0	0	0	0	0	0	0	0	907	0	0	0	0	0	0	0	0	0	0	0	5	0	0	0	0	0	0	0	118	0	0	0	0	0	0	0	0	1	0	0	0	3741	0	0	0	0	0	0	0	0	0	0	0	0	0	0	0	0	0	0	0	6654	0	0	0	7515	0	0	0	0	0	0	0	0	0	0	0	517	0	0	0	0	0	0	0	0	0	0	0	0	0	0	0	1996	0	0	0	0	0	0	0	0	0	76	0
SRR31465475	51454	0	0	0	0	0	0	0	0	0	0	0	0	0	2884	3730	0	0	0	0	0	0	0	0	0	0	0	0	0	0	0	0	0	0	0	0	0	0	0	0	0	0	0	0	0	0	0	2439	0	0	0	0	0	0	0	0	0	0	0	0	0	0	0	0	0	0	0	0	2356	0	0	0	0	0	0	0	0	0	0	0	0	0	0	0	0	0	0	0	0	0	0	0	0	0	0	0	0	0	0	0	0	0	0	0	707	0	0	0	1108	0	0	0	0	0	0	0	0	0	0	0	0	0	0	0	0	0	0	0	0	0	0	0	3346	0	0	0	0	0	0	0	0	0	0	0	0	0	0	0	0	0	5259	0	0	0	0	0	0	0	0	0	0	0	0	0	0	0	0	0	0	0	0	4059	0	0	0	0	0	0	0	0	0	0	0	0	0	0	0	0	0	0	0	0	0	0	0	0	0	0	0	0	0	0	0	0	0	0	0	0	0	0	0	0	0	0	0	0	0	0	0	0	0	0	2091	0	0	0	0	0	0	0	0	0	0	0	0	0	0	0	0	0	2080	612	0	0	0	0	0	0	0	0	0	0	0	0	0	0	0	0	0	0	0	0	0	0	0	0	0	0	0	0	0	0	0	0	0	0	0	0	0	0	0	0	0	0	0	0	0	0	0	0	0	0	0	0	0	0	0	0	0	0	0	0	0	0	0	0	0	0	77	0	0	0	0	0	0	0	0	0	0	0	0	0	0	0	0	0	0	0	0	0	0	0	0	0	0	0	0	0	0	0	0	0	0	0	0	0	0	0	0	10539	0	0	0	6687	0	0	0	0	0	0	0	0	0	0	0	0	0	0	0	0	0	0	0	0	0	0	0	0	0	0	0	3480	0	0	0	0	0	0	0	0	0	0	0
SRR31465467	4807	0	0	0	0	0	12	0	5	0	0	13	0	0	0	4	0	0	0	0	0	0	0	0	0	0	65	19	3	0	0	0	0	0	0	0	0	0	0	9	0	0	0	23	0	0	3	0	0	0	0	0	0	0	0	0	2	0	114	0	0	0	37	0	0	91	0	0	0	0	1	0	5	0	0	0	0	0	0	0	0	0	0	0	0	0	0	0	9	0	0	0	0	0	0	0	0	0	0	0	0	0	0	8	762	0	6	0	0	0	1894	0	0	0	7	0	0	0	10	0	10	13	0	0	0	22	0	0	6	0	0	0	0	0	0	0	0	0	44	0	0	0	0	0	0	0	0	0	0	0	0	0	0	0	0	0	0	3	0	0	0	0	0	18	0	0	0	12	0	0	0	8	0	4	0	0	0	0	0	0	0	0	0	0	0	0	0	0	0	0	0	0	0	9	0	0	0	0	0	0	0	3	1	0	0	0	9	0	0	0	0	0	0	0	0	0	0	0	0	0	0	0	23	0	0	0	0	0	0	0	0	0	0	0	0	0	0	0	0	0	0	0	5	0	0	0	0	0	7	0	0	0	0	0	0	0	0	0	0	0	0	3	0	4	0	0	0	0	0	0	0	0	0	0	0	0	0	0	0	0	0	4	0	0	0	0	0	0	0	0	0	8	0	0	0	0	0	0	0	0	0	0	0	0	0	0	0	0	21	0	0	0	0	0	0	0	0	0	0	0	0	0	0	0	0	2	0	0	0	2	0	51	0	0	0	0	0	0	0	20	0	0	0	0	0	0	0	0	0	0	0	0	0	35	0	19	0	0	0	0	0	0	0	0	0	0	0	0	0	0	0	0	0	0	28	0	0	2	0	0	0	1309	0	0	0	0	0	0	0	0	0	0	0
SRR31465469	40613	0	0	0	0	0	0	0	0	0	0	0	0	0	0	21	0	0	0	0	0	0	0	0	0	0	0	0	0	0	0	0	0	0	0	0	0	0	0	0	0	0	0	0	0	0	0	0	0	0	0	0	0	0	0	0	0	0	0	0	0	0	0	0	0	0	4	0	4	0	0	0	0	0	0	0	0	0	0	0	0	0	0	0	0	0	0	0	0	0	0	0	0	0	0	0	0	0	0	0	0	0	0	0	0	0	0	0	0	0	0	1	0	19	0	0	0	0	0	0	0	0	0	0	0	5	0	0	0	0	0	0	16	0	0	0	0	0	0	0	0	0	0	0	0	0	0	0	0	0	0	0	0	0	0	0	0	0	0	0	0	0	0	0	0	0	0	0	0	0	0	0	0	0	0	0	0	0	0	0	0	0	0	14	0	0	0	0	0	0	0	0	0	0	0	0	0	0	0	0	0	0	0	0	0	0	0	0	0	0	0	0	0	0	0	0	0	0	0	0	0	0	47	0	0	0	0	0	0	0	0	0	0	0	0	0	0	0	0	0	0	0	0	0	0	0	0	0	0	0	0	0	0	0	0	0	0	0	0	0	0	0	0	0	0	0	0	0	0	0	0	0	0	0	0	0	0	0	0	0	0	0	9	0	0	0	0	0	0	0	0	0	0	0	0	0	0	0	0	0	0	0	0	0	0	0	0	0	0	0	0	0	0	0	0	0	0	0	0	0	0	0	0	0	0	0	0	0	0	0	0	0	0	0	0	0	0	0	0	0	0	0	0	0	0	0	0	0	0	40	0	0	0	40420	8	0	0	0	0	0	0	0	0	0	0	0	0	0	0	0	0	0	0	0	0	0	0	0	0	0	0	5	0	0	0	0	0	0	0	0	0	0	0
SRR31465477	50459	0	0	0	0	0	0	0	0	0	0	0	0	0	0	5414	0	0	0	0	0	0	0	0	0	0	0	0	0	0	0	0	0	0	0	0	0	0	0	0	0	0	0	0	0	0	0	6930	0	0	0	0	0	0	0	0	325	2066	0	0	0	0	0	0	0	0	0	0	659	0	0	0	0	0	0	0	0	0	0	0	0	0	0	0	0	0	0	0	0	0	0	25	0	0	0	0	0	0	0	0	0	0	0	0	0	0	0	0	0	428	1433	0	0	407	0	0	0	0	0	0	0	0	0	0	0	9268	0	0	0	0	0	0	13	0	0	0	0	0	0	0	0	0	0	0	0	0	0	2	0	787	450	0	0	0	1018	0	0	0	0	0	0	0	0	0	835	0	0	0	0	0	0	0	0	488	0	0	0	0	0	0	0	0	0	0	0	0	0	0	0	0	0	0	0	0	0	0	0	0	0	0	0	0	0	0	0	0	0	0	0	0	0	0	0	736	0	0	0	1152	0	0	0	0	0	0	0	0	0	0	0	0	0	0	0	0	0	829	0	0	0	0	1528	0	0	0	0	0	0	0	0	0	0	0	0	0	0	0	0	0	0	0	0	1402	0	0	0	0	0	0	0	0	0	0	0	0	0	0	0	0	0	0	0	0	101	0	0	0	0	0	0	0	0	0	0	0	0	0	0	0	0	0	0	0	0	0	0	0	0	0	47	0	0	0	0	1259	0	0	0	0	0	0	0	510	0	0	0	0	0	0	0	0	0	0	0	0	0	0	0	0	0	0	0	0	0	0	0	0	0	0	0	6677	0	0	0	1843	0	0	0	0	0	0	0	0	0	0	0	0	0	0	0	0	0	0	0	0	0	0	0	0	0	0	0	3827	0	0	0	0	0	0	0	0	0	0	0
SRR31465476	52861	0	0	0	0	0	0	0	0	0	0	0	0	0	0	2010	0	0	0	0	0	0	0	0	0	0	0	0	0	0	0	0	0	0	0	0	0	0	0	0	0	0	0	0	0	0	0	9301	0	0	0	0	0	0	0	0	0	0	0	0	0	0	0	0	0	0	0	315	3788	0	0	0	1007	0	0	0	0	0	0	0	0	0	0	0	0	0	0	0	0	0	0	0	0	0	0	0	0	0	0	0	0	0	0	0	0	0	0	0	0	2	171	528	0	0	0	0	0	0	0	0	0	0	0	0	0	2707	0	0	0	0	0	0	2793	0	0	0	0	0	0	0	0	0	0	0	0	0	0	0	0	0	0	0	0	0	0	0	0	0	0	0	0	0	0	0	0	0	0	0	0	0	0	0	0	0	0	0	0	0	0	0	0	0	0	0	0	0	0	0	0	0	0	0	0	0	0	0	0	0	0	0	0	0	0	0	0	0	0	0	0	0	0	0	0	0	0	0	0	0	0	0	0	0	0	0	0	0	0	0	0	0	0	0	0	0	0	0	0	0	0	0	859	0	0	0	0	0	0	0	0	0	0	1661	0	210	0	0	0	0	0	0	0	0	0	0	0	0	0	0	0	0	0	0	0	0	0	0	0	0	0	0	0	0	902	0	0	0	0	0	0	1373	0	0	0	0	0	0	0	0	0	0	0	0	1637	0	0	0	0	0	30	0	0	0	0	0	0	0	0	0	0	0	0	0	0	0	0	0	0	0	0	0	0	0	0	0	0	48	0	0	0	0	0	0	0	0	0	0	0	0	0	8668	0	2409	0	3391	0	0	0	0	0	0	0	0	0	0	0	0	0	0	0	0	0	0	0	0	0	0	0	0	0	0	0	9051	0	0	0	0	0	0	0	0	0	0	0
SRR31465478	3584	0	0	0	0	20	0	0	0	0	0	0	0	0	0	49	0	0	0	0	0	0	0	16	0	0	133	20	0	0	24	0	40	0	0	0	0	0	0	38	15	0	0	31	0	0	0	0	0	0	0	0	0	0	0	0	0	0	344	22	0	39	174	11	0	88	0	0	0	0	18	0	29	9	0	0	10	0	0	0	0	0	0	0	0	38	0	0	0	57	0	0	0	0	0	6	0	41	0	0	0	0	0	0	35	0	0	0	5	0	39	0	0	0	0	0	0	0	0	0	0	0	0	0	0	2	0	14	29	0	0	10	122	0	0	0	0	0	111	0	0	0	0	0	38	54	0	0	0	0	0	0	0	0	0	0	0	29	0	0	203	0	0	72	0	0	0	0	0	0	0	5	0	10	0	0	0	0	0	0	0	0	0	0	12	15	0	0	0	0	0	0	0	0	0	0	16	0	0	0	13	0	23	0	0	0	0	0	0	24	0	10	0	0	0	0	0	0	0	0	0	0	0	0	0	6	0	0	0	0	0	0	0	0	0	0	0	0	0	0	65	0	0	0	0	0	0	0	24	0	0	0	0	0	0	25	0	0	0	0	0	25	0	0	0	0	0	0	0	0	0	0	0	0	0	0	0	0	0	0	0	97	0	0	15	20	0	0	0	0	0	11	0	0	0	0	0	74	12	10	0	0	0	0	0	0	0	0	85	0	0	0	0	0	0	0	0	0	0	0	0	0	0	0	68	41	0	0	0	25	0	78	0	0	0	5	0	0	0	26	0	0	0	0	0	0	54	0	0	0	0	0	0	23	9	0	0	0	0	0	10	65	0	0	0	0	3	0	0	0	0	0	22	0	29	0	0	4	0	0	0	462	0	0	28	0	0	0	0	0	0	0	0
SRR31465481	22454	0	0	0	0	0	0	0	0	0	0	6	0	0	0	0	0	0	0	0	0	0	0	0	0	0	0	0	0	0	0	0	0	0	0	0	0	0	0	0	8	0	0	0	0	0	0	2	0	0	0	0	0	0	0	0	0	0	0	0	0	0	0	0	0	0	0	0	0	10992	0	0	0	0	0	0	0	0	0	0	0	0	0	0	0	0	0	0	0	0	0	0	0	0	0	0	0	0	0	0	0	0	0	0	11092	0	0	0	0	0	0	0	0	0	0	0	0	0	0	0	0	0	0	0	0	0	0	0	0	0	0	0	8	0	0	0	0	0	3	0	0	0	0	0	0	0	0	0	0	0	26	0	0	0	0	0	0	0	0	0	0	0	0	0	0	0	0	0	0	0	0	0	0	0	0	0	0	1	0	0	0	0	0	0	0	0	0	0	0	0	0	0	0	0	0	0	0	0	0	0	0	0	0	0	0	0	3	0	0	0	0	0	0	0	0	3	0	0	0	0	0	0	0	0	0	0	0	0	0	0	0	0	0	0	0	0	0	0	0	0	0	0	0	0	0	0	0	0	0	0	0	0	0	0	0	0	0	0	0	0	0	0	0	0	0	0	0	0	0	0	0	0	0	0	0	0	0	0	0	0	0	0	0	0	0	0	0	0	0	3	0	0	0	0	0	0	0	0	0	0	0	0	0	0	0	0	0	0	1	0	0	0	0	0	0	0	0	0	0	0	0	0	0	0	0	0	0	0	0	0	0	0	0	0	0	0	0	0	0	0	0	0	0	0	0	0	0	0	0	0	0	0	0	305	0	0	0	0	0	0	0	0	0	0	0	0	0	0	0	0	0	0	1	0	0	0	0	0	0	0	0	0	0	0	0	0	0	0	0	0	0	0	0
SRR31465485	43962	0	0	0	9	0	0	0	0	0	0	11	0	742	0	0	0	0	0	0	14	0	0	0	0	0	0	2	0	0	0	0	6	0	90	0	0	0	0	4	7748	0	14	0	0	0	0	0	0	0	0	0	0	0	166	0	0	0	202	0	0	22	10	17	0	7	0	0	0	0	0	0	0	0	0	0	0	0	0	0	950	0	0	0	0	0	0	0	0	5	0	0	0	0	0	17	0	0	139	0	0	0	0	13	235	27	0	0	0	0	0	0	0	0	0	0	0	166	376	0	0	29	0	0	0	0	0	0	0	366	0	0	2522	0	0	0	173	0	9	0	0	0	0	7	0	0	245	0	24	0	11542	0	0	0	0	0	0	0	526	0	0	0	0	5	0	0	0	0	0	0	6	0	0	0	50	0	10	205	0	0	0	0	0	0	0	0	0	93	22	0	0	0	0	0	0	0	0	0	0	0	0	0	0	0	0	0	0	0	0	822	0	0	0	0	0	0	0	0	0	0	0	0	0	0	0	0	0	768	0	0	0	0	0	0	0	0	0	0	0	0	0	0	0	31	0	82	0	28	0	0	89	0	23	0	0	0	147	0	0	0	0	0	6	0	0	0	0	0	0	17	0	0	0	0	0	0	0	0	0	0	0	13	0	0	0	358	0	0	440	4711	1451	26	0	0	0	0	321	499	0	101	0	0	623	0	0	0	0	0	0	0	0	0	0	0	10	0	0	0	0	0	0	0	28	0	98	0	0	0	0	0	0	0	0	1055	0	0	0	0	103	0	0	12	0	0	0	12	0	0	93	3	0	1	0	2422	0	2381	0	0	0	33	95	0	0	0	0	0	0	0	0	0	0	0	2	0	8	7	0	0	0	0	0	126	72	0	0	0	0	0	19	0	0	0	0
SRR31465486	43999	0	5	1	213	56	43	10	0	0	42	51	0	1072	0	1	0	0	0	0	18	0	0	0	0	0	160	50	0	0	0	0	667	0	0	0	0	0	0	141	1817	0	0	8	0	9	0	0	0	0	0	105	0	0	0	0	0	0	5611	9	0	0	26	260	0	615	0	0	0	90	0	0	0	0	113	0	0	0	0	0	42	8	0	0	268	35	0	0	0	243	0	0	0	43	0	39	0	225	416	0	0	0	0	303	5851	18	0	0	0	0	0	0	0	0	0	203	0	297	16	0	11	617	0	0	0	0	0	0	47	5	0	0	2613	4	0	3	97	0	1280	0	14	0	0	120	9	0	5	0	226	0	4672	0	0	48	0	0	21	112	2	48	0	0	0	183	0	0	0	0	0	0	0	0	0	0	477	29	0	5	0	2	0	0	0	0	10	15	0	3	11	0	0	0	0	0	0	0	49	0	7	0	0	32	68	5	278	7	0	0	0	25	0	25	0	0	0	0	0	0	42	0	0	0	0	0	69	301	35	2079	0	0	0	15	0	0	0	0	0	0	0	0	0	0	0	14	0	0	0	3	0	0	23	0	0	0	0	277	17	0	0	0	0	0	415	0	0	0	0	0	0	110	0	0	0	13	6	0	0	0	0	0	0	413	0	0	41	51	0	0	178	2135	148	392	0	0	0	0	118	10	0	0	0	0	0	0	0	11	0	0	0	0	0	0	0	0	0	0	0	0	0	0	0	0	30	0	292	84	0	0	0	0	0	86	36	59	0	0	0	0	0	557	0	73	0	0	0	0	0	0	0	3	0	0	0	183	0	20	0	0	0	0	921	25	0	2	0	0	0	0	0	0	0	0	16	0	2248	101	122	529	0	0	0	1279	0	0	0	0	25	0	7	0	0	0	0
SRR31465480	51813	0	0	0	2	26	0	0	0	0	11	0	0	0	0	0	0	0	0	0	13	0	0	0	0	0	68	0	0	0	234	0	16	0	0	54	0	0	0	53	6265	0	0	30	41	0	0	0	0	0	0	0	0	0	31	0	0	0	1601	12	0	0	0	12	0	344	0	0	0	58	0	0	0	0	6	25	0	0	0	0	474	0	0	0	0	0	0	0	0	102	0	0	0	0	0	1	0	19	33	0	0	272	4	35	9382	22	0	0	0	0	0	0	0	0	0	0	0	115	493	0	0	30	0	0	0	0	0	0	25	0	0	0	1106	0	0	0	791	39	497	0	5	0	0	0	0	0	940	0	631	0	5382	0	0	5	0	0	0	68	53	0	0	0	0	198	0	13	0	0	0	0	0	0	0	0	0	0	8	904	0	884	0	0	0	0	3	4	0	128	177	0	0	0	0	0	0	0	34	0	0	0	0	55	25	10	2	0	0	0	0	432	0	0	0	0	0	0	0	0	0	0	0	0	0	0	0	319	0	0	0	0	0	10	0	0	0	0	0	0	0	0	0	0	0	0	0	77	0	14	3	0	16	0	955	0	15	14	57	0	0	0	0	0	5	0	11	0	0	0	0	10	0	0	0	9	6	0	0	0	0	0	0	127	0	0	23	19	0	0	214	6583	288	151	27	0	0	0	3516	1902	0	298	13	0	0	0	0	23	0	0	0	0	0	0	0	0	81	0	0	0	0	0	0	0	24	0	0	16	0	0	0	0	0	196	2	857	0	0	0	0	23	0	0	0	0	0	0	0	0	0	11	0	0	0	0	354	0	621	0	0	0	116	248	0	0	0	0	0	0	0	0	0	0	0	0	0	16	0	0	21	0	0	0	1969	22	0	0	0	0	0	228	0	0	0	0
SRR31465490	52582	0	0	0	0	13	0	0	4	0	0	0	0	0	0	0	0	0	0	0	57	0	0	0	0	0	93	17	0	0	33	0	215	0	0	0	0	0	0	107	480	0	0	54	0	0	0	0	0	0	0	0	0	0	0	0	0	0	2232	14	0	0	112	82	0	246	0	0	0	0	0	0	0	0	21	0	0	0	0	0	141	0	0	0	0	0	0	0	0	25	0	0	0	0	0	35	0	9	191	0	0	0	0	87	1019	0	0	0	0	0	0	0	0	0	0	10	0	0	107	0	40	80	0	0	0	0	0	0	7	0	32	56	19898	0	0	0	170	0	365	0	3	0	0	9	0	0	6	0	125	0	2557	0	0	4	0	0	0	86	0	0	0	0	0	297	0	0	0	0	0	0	0	0	0	0	0	0	0	28	0	0	0	0	0	0	22	95	0	0	0	0	0	0	0	0	0	0	0	23	11	0	0	24	1	25	13	3	0	0	0	49	0	0	0	0	0	0	0	0	0	0	0	2	0	3	0	123	0	20	0	0	0	0	0	0	0	0	0	0	0	0	0	0	0	0	0	0	0	12	4	0	0	0	206	0	0	36	0	0	0	0	0	0	10	0	0	0	0	0	0	31	0	0	0	0	0	0	0	0	0	0	0	725	0	0	19	0	0	0	0	526	124	0	0	0	0	0	414	1521	0	135	0	0	0	0	0	0	0	0	0	0	0	0	0	0	15	0	0	0	0	0	0	0	0	0	50	6	0	0	0	0	0	497	70	130	0	0	0	0	0	0	0	14	0	0	0	0	0	0	0	0	0	0	0	72	0	17805	0	0	0	0	112	0	0	48	0	0	0	0	0	0	0	0	0	0	298	22	0	64	0	5	3	27	0	0	0	0	0	0	0	0	0	0	0
SRR31465494	55244	0	0	0	0	0	0	0	0	0	0	0	0	0	1480	6727	0	0	0	0	0	0	0	0	0	0	0	0	760	0	0	0	0	0	0	0	0	0	0	0	0	0	0	0	0	0	0	2659	2	0	0	0	0	0	0	0	0	0	0	0	0	0	0	0	0	0	0	0	0	0	0	0	0	0	0	0	0	0	0	0	0	0	0	0	0	0	0	0	0	0	0	0	0	0	0	0	843	0	0	0	0	0	0	0	78	0	0	0	399	2466	157	1507	0	3272	0	0	0	0	0	849	0	0	0	0	0	0	0	0	0	0	0	0	3143	0	0	0	0	0	0	0	0	0	0	0	0	0	0	0	0	0	0	0	0	0	0	0	0	0	0	0	0	0	1240	0	0	0	0	0	0	0	0	0	0	1495	0	0	0	0	0	0	0	0	0	0	0	0	0	0	0	0	733	0	0	0	0	0	0	0	0	0	0	0	0	0	0	0	0	0	0	0	0	0	0	685	0	0	0	0	0	0	0	0	0	0	0	0	0	0	0	0	0	0	0	0	0	0	0	0	0	0	294	0	0	0	297	0	0	0	0	0	0	0	0	142	0	0	0	0	0	0	0	55	0	0	0	0	0	0	0	0	0	0	0	0	0	0	0	0	0	0	0	0	640	0	0	0	0	0	0	0	0	0	0	0	0	0	0	0	0	0	0	0	0	0	0	0	0	0	16	0	0	0	0	0	0	0	0	0	0	0	0	0	0	0	0	0	0	0	0	963	0	0	0	0	0	0	0	0	0	0	0	0	0	0	0	0	0	0	0	11857	0	1051	0	6596	0	557	0	0	0	0	0	0	0	0	0	0	0	0	0	0	0	0	0	0	0	0	0	0	0	0	0	4281	0	0	0	0	0	0	0	0	0	0	0
SRR31465482	42207	0	22	0	0	0	0	0	0	0	0	37	0	0	0	0	0	0	0	24	10	0	0	0	0	0	0	4	0	0	1882	0	211	0	0	251	0	0	0	0	4862	0	0	0	6	39	0	0	0	0	0	0	0	0	261	0	0	0	3331	0	0	114	0	156	0	103	0	0	0	0	0	0	0	0	0	0	0	0	0	0	387	0	0	0	0	0	0	0	0	0	0	0	0	0	0	0	0	20	0	0	0	0	0	0	0	0	0	0	0	0	0	0	0	0	0	0	0	131	1323	0	0	0	0	33	0	0	0	0	192	11	0	0	907	0	0	0	52	0	0	0	23	0	0	0	0	0	3	0	52	0	3696	0	0	0	0	0	7	0	1182	0	0	0	0	0	0	0	0	0	0	0	0	0	0	0	0	0	11	751	0	574	0	0	0	0	3	0	0	5	0	0	0	0	0	0	0	0	61	0	0	0	0	0	4	0	3	0	0	0	0	427	0	0	0	0	0	0	0	0	0	0	0	0	0	0	0	49	0	8	0	0	0	0	0	0	0	0	0	1	0	0	0	0	0	0	0	37	0	7	0	0	231	0	492	0	0	0	113	0	0	0	0	0	0	0	0	0	0	0	0	0	0	0	0	26	0	0	0	0	0	0	0	349	0	0	0	0	0	0	313	5067	0	0	0	0	0	0	1705	7929	0	0	0	0	0	0	0	0	0	0	0	0	0	0	0	0	69	0	0	0	0	0	0	0	24	0	0	0	0	0	0	0	0	0	0	440	0	0	0	0	247	0	0	0	0	0	0	5	0	0	0	0	0	1	0	1	0	2979	0	17	0	0	355	0	0	0	0	0	0	0	0	0	0	0	0	0	0	0	0	0	0	0	0	123	39	0	409	0	0	0	0	0	0	0	0
SRR31465495	25602	0	0	0	8	0	0	0	0	0	0	12	0	0	0	0	0	0	0	0	2	0	0	0	0	0	3	0	0	0	0	0	0	0	0	0	0	0	0	5	1252	0	0	2	0	0	0	0	0	0	0	0	0	0	0	0	0	0	8	0	0	0	0	0	0	0	0	900	0	1919	0	0	0	0	0	0	0	0	0	0	0	0	0	0	0	0	0	0	0	0	0	0	0	0	0	0	0	0	0	0	0	0	0	2	8492	0	0	0	0	0	0	0	0	0	0	55	0	0	46	0	0	0	0	0	0	5	0	0	0	0	47	0	464	0	0	0	105	91	0	0	0	0	0	4	0	0	0	0	1516	0	2368	0	0	0	0	0	2	0	0	0	0	0	0	0	0	0	0	0	0	16	0	0	0	0	0	0	0	83	0	0	0	0	0	0	0	8	0	0	0	0	0	0	0	157	0	0	0	0	0	0	0	0	0	0	0	0	6	0	0	108	0	0	0	0	0	0	0	0	0	0	0	0	0	0	0	0	0	0	0	0	0	1	0	0	0	0	0	0	0	0	0	0	0	0	0	88	0	0	0	0	0	0	108	0	0	0	161	0	0	0	0	0	0	0	0	0	0	0	0	0	19	0	0	1	0	0	0	0	0	0	0	0	0	0	0	0	0	0	7	2398	0	0	0	0	0	0	146	44	0	0	0	0	0	0	0	1378	0	0	0	0	0	0	0	0	0	0	0	0	0	0	0	0	0	0	0	0	0	41	0	0	0	8	0	346	0	0	0	0	1	0	0	0	0	0	0	0	0	0	3	0	0	0	0	2825	0	55	0	0	0	0	0	0	0	0	101	0	0	0	0	0	0	0	0	0	0	0	0	0	0	0	0	152	33	0	0	0	0	0	0	0	0	0	0
SRR31465483	47098	0	0	0	0	0	0	0	0	0	0	0	0	0	1724	6901	0	0	0	0	0	0	0	0	0	0	0	0	0	0	0	0	0	0	0	0	0	0	0	0	0	0	0	0	0	0	0	0	0	0	0	0	0	0	0	0	0	1966	0	0	0	0	0	0	0	0	0	0	0	0	0	0	0	0	0	0	0	0	0	0	0	0	0	0	0	0	0	0	0	0	0	0	0	0	0	0	0	0	0	0	0	0	0	0	0	0	0	0	833	0	633	0	0	0	0	0	0	0	0	0	0	0	0	0	0	0	0	0	0	0	0	0	5659	0	0	0	0	0	0	0	0	0	0	0	0	0	0	0	0	0	2952	0	0	0	0	0	0	0	0	0	0	0	0	0	0	0	0	0	0	0	0	0	0	0	0	0	0	0	0	0	0	0	0	0	0	0	0	0	0	0	0	0	0	0	0	0	0	0	0	0	0	0	0	0	0	0	0	0	0	325	0	0	0	0	0	0	0	0	0	0	0	0	0	0	0	0	0	0	0	0	0	0	0	0	0	1599	0	0	0	0	1129	290	0	0	0	0	0	0	0	0	0	0	0	0	0	0	0	0	0	0	0	0	0	0	0	0	0	0	0	0	0	0	0	0	0	0	0	0	0	0	0	0	0	0	0	0	0	0	0	0	0	0	0	0	0	0	0	0	0	0	0	0	1872	0	0	0	0	0	42	0	0	0	0	0	0	0	0	0	0	0	0	0	0	0	0	0	0	0	0	0	0	0	0	0	0	0	0	0	0	0	0	0	0	0	0	0	0	0	0	13111	0	0	0	6549	0	1407	0	0	0	0	0	0	0	0	0	0	0	0	0	0	0	0	0	0	0	0	0	0	0	0	0	106	0	0	0	0	0	0	0	0	0	0	0
SRR31465504	53917	0	0	0	0	0	0	0	0	0	0	0	0	0	0	0	0	0	0	0	0	0	0	0	0	0	0	0	0	0	0	0	0	0	0	0	0	0	0	0	0	0	0	0	0	0	0	0	0	0	0	0	0	0	0	0	0	0	0	0	0	0	0	0	0	0	0	0	0	0	0	0	0	0	0	0	0	0	0	0	0	0	0	0	0	0	0	0	0	0	0	0	0	0	592	0	0	0	0	0	0	0	0	0	0	0	0	0	0	0	4249	0	0	0	0	0	0	0	0	0	0	0	0	0	0	20831	0	0	0	0	0	0	14429	0	0	0	0	0	0	0	0	0	0	0	0	0	0	0	0	0	0	0	0	0	0	0	0	0	0	0	0	0	0	0	0	0	0	0	0	0	0	0	0	0	0	0	0	0	0	0	0	0	0	1267	0	0	0	0	0	0	0	0	0	0	0	0	0	0	0	0	0	0	0	0	0	0	0	0	0	0	0	0	0	0	0	0	0	0	0	0	0	0	0	0	0	0	0	0	0	0	0	0	0	0	0	0	0	0	0	0	0	0	0	0	0	0	702	0	0	0	0	0	0	0	0	0	0	0	0	0	0	0	0	0	0	0	0	0	0	0	0	0	0	0	0	0	0	0	0	0	0	0	3045	0	0	0	0	0	0	0	0	0	0	0	0	0	0	0	0	0	0	0	0	0	0	0	0	0	0	0	0	0	0	0	0	0	0	0	0	0	0	0	0	0	0	0	0	0	0	0	0	0	0	0	0	0	0	0	0	0	0	0	0	0	0	0	0	2426	0	0	0	0	0	4	0	6365	0	0	0	0	0	0	0	0	0	0	0	0	0	0	0	0	0	0	0	0	0	0	0	0	0	7	0	0	0	0	0	0	0	0	0	0	0
SRR31465508	56997	0	0	0	0	0	0	0	0	0	0	0	0	0	0	0	0	0	0	0	0	0	0	0	0	0	0	0	0	0	0	0	0	0	0	0	0	0	0	0	0	0	0	0	0	0	0	0	0	0	0	0	0	0	0	0	0	0	0	0	0	0	0	0	0	0	0	0	0	0	0	0	0	0	0	0	0	0	0	0	0	0	0	0	0	0	0	0	0	0	0	0	0	0	0	0	0	0	0	0	0	0	0	0	0	0	0	0	0	0	7035	0	0	0	0	0	0	0	0	0	0	0	0	0	0	0	0	0	0	0	0	0	47012	0	0	0	0	0	0	0	0	0	0	0	0	0	0	0	0	0	0	0	0	0	0	0	0	0	0	0	0	0	0	0	0	0	0	0	0	0	0	0	0	0	0	0	0	0	0	0	0	0	0	0	0	0	0	0	0	0	0	0	0	0	0	0	0	0	0	0	0	0	0	0	0	0	0	0	0	0	0	0	0	0	0	0	0	0	0	0	0	0	0	0	0	0	0	0	0	0	0	0	0	0	0	0	0	0	0	0	0	0	0	0	0	0	0	0	0	0	0	0	0	0	0	0	0	0	0	0	0	0	0	0	0	0	0	0	0	0	0	0	0	0	0	0	0	0	0	0	0	0	0	0	0	0	0	0	0	0	0	0	0	0	0	0	0	0	0	0	0	0	0	0	0	0	0	0	4	0	0	0	0	0	0	0	0	0	0	0	0	0	0	0	0	0	0	0	0	0	0	0	0	0	0	0	0	0	0	0	0	0	0	0	0	0	0	0	0	0	0	0	0	2923	0	0	0	0	0	0	0	0	0	0	0	0	0	0	0	0	0	0	0	0	0	0	0	0	0	0	0	23	0	0	0	0	0	0	0	0	0	0	0
SRR31465487	31554	0	0	0	25	0	0	110	6	0	24	0	0	2572	0	0	0	0	0	0	23	0	0	0	0	0	122	0	0	0	0	0	51	0	245	0	0	108	0	97	1551	0	0	6	0	0	0	0	0	0	0	0	0	0	43	0	0	0	311	0	0	0	236	0	0	503	0	0	0	0	0	0	0	0	10	0	0	0	0	0	10	21	0	0	0	0	0	0	0	241	0	0	0	0	0	0	0	6	279	0	0	0	0	160	251	6	0	0	0	0	0	0	0	0	0	0	0	0	548	0	0	20	0	0	0	0	0	0	0	39	0	0	223	0	0	16	44	0	554	23	0	0	0	10	6	0	3	0	962	0	9040	0	0	0	0	0	0	0	0	0	0	0	0	63	0	0	0	0	0	0	0	0	0	0	0	0	15	1453	0	0	0	0	0	0	0	162	0	0	0	0	0	0	0	0	0	0	0	0	0	0	0	19	1	0	0	0	2	81	49	469	0	62	83	0	249	0	0	0	0	0	0	5	0	0	0	96	0	0	0	0	0	32	0	0	0	0	0	0	0	0	0	0	0	0	0	32	0	48	4	0	0	0	331	0	0	65	7	0	0	0	0	0	42	0	0	0	0	0	0	19	0	0	0	8	0	0	0	0	0	0	0	87	0	14	40	0	0	84	180	3424	130	0	0	0	0	0	97	1672	0	252	0	0	0	0	0	0	0	0	0	0	0	0	0	0	5	0	0	0	0	0	0	0	0	0	0	18	0	0	0	0	0	327	0	35	0	0	0	0	2	92	0	24	0	0	0	0	0	0	0	0	0	0	0	682	0	535	0	0	3	0	110	157	0	0	0	0	0	0	0	0	0	0	0	0	897	12	0	95	0	0	0	565	65	0	0	0	0	0	0	48	0	0	0
SRR31465491	62674	0	81	4	6	0	0	1	0	0	0	0	0	0	0	0	0	0	0	0	106	0	0	0	0	0	0	152	0	0	193	0	427	0	0	0	0	0	0	19	2987	0	0	16	0	0	0	0	0	0	66	0	0	0	0	0	0	0	6328	59	0	0	11	105	0	41	0	0	0	3	0	0	0	0	36	0	48	0	0	0	786	2	0	0	0	0	0	0	0	99	0	0	0	0	0	39	0	85	22	0	0	232	0	0	83	0	0	0	0	0	0	0	0	0	0	0	0	241	619	0	0	16	0	87	66	2	0	0	354	1	0	0	19341	19	0	34	332	84	22	38	0	0	0	23	0	0	194	0	2398	0	24	0	0	17	0	0	35	6	737	0	0	0	286	23	0	28	0	0	0	107	0	0	37	0	0	0	0	199	53	875	0	0	0	0	7	34	0	0	0	0	0	0	0	0	0	0	85	6	0	0	0	0	0	0	22	0	2	0	0	169	0	0	0	0	0	0	0	0	0	0	0	0	0	0	0	3889	0	0	21	0	0	34	0	0	0	0	0	0	0	0	0	0	0	0	0	46	0	16	0	0	0	0	2	0	0	11	0	0	0	0	0	0	95	0	15	0	0	0	0	516	0	37	0	9	0	0	0	0	0	0	0	685	0	0	0	1182	0	0	328	3914	446	86	0	0	0	0	6276	64	0	0	0	0	4	0	0	0	11	0	0	0	0	0	8	0	35	0	0	0	0	0	0	0	0	0	98	0	0	0	0	0	0	172	984	1372	0	0	0	0	278	0	0	0	0	0	0	0	0	0	371	0	0	0	0	0	0	734	0	0	0	0	292	150	0	10	0	0	42	0	89	0	0	0	12	0	98	0	122	126	0	0	0	929	195	0	0	0	0	0	210	0	0	0	0
SRR31465496	46147	0	0	0	1	8	0	0	0	0	25	14	0	0	0	0	0	0	0	0	4	0	0	0	0	0	45	9	0	0	0	0	91	0	0	2558	0	0	0	28	4107	0	37	6	0	0	0	0	0	0	0	0	0	0	625	0	0	0	2166	11	0	0	229	107	0	263	0	0	0	0	0	0	0	0	0	12	0	0	0	0	2319	0	0	0	0	0	0	0	0	2	0	0	0	0	0	0	0	4	55	0	0	0	0	18	398	0	0	0	0	0	0	0	0	0	0	0	0	28	1830	0	0	92	0	0	0	0	0	457	21	1867	0	23	1989	0	0	0	945	0	390	0	0	0	0	4	0	0	64	0	1139	0	2319	0	0	6	0	0	4	16	2880	0	0	0	0	38	0	0	0	0	0	0	0	0	0	0	0	0	42	2543	0	0	0	0	0	0	0	3	0	0	33	0	0	193	0	0	0	0	13	5	0	0	0	3	16	4	7	0	194	0	1	135	0	0	0	0	38	0	0	0	0	0	0	0	0	0	0	70	0	258	0	0	0	0	0	0	0	0	0	0	0	0	0	0	0	0	0	986	0	22	0	0	0	0	0	0	0	9	0	0	0	0	0	0	3	0	0	0	0	0	0	22	0	0	0	29	6	0	0	0	2	0	0	225	0	19	0	0	0	0	43	4342	0	26	0	0	0	0	1223	3806	0	705	0	0	0	0	0	0	0	0	0	0	0	0	0	0	63	0	0	0	0	0	0	0	24	0	2	36	0	0	0	0	0	178	1	895	0	0	0	0	0	0	0	0	0	0	0	50	0	0	0	0	0	0	0	6	0	1487	0	0	0	40	231	0	0	0	0	0	0	0	2	0	0	0	0	0	98	0	0	0	0	0	0	665	69	0	0	0	0	0	0	0	0	0	20
SRR31465499	63992	0	0	0	34	0	0	10	7	0	0	41	0	81	0	0	0	0	0	0	100	0	0	0	0	0	1328	7	0	0	26	0	136	0	0	0	0	0	0	831	1476	0	0	211	182	0	0	0	0	0	21	0	0	78	29	0	0	0	11491	0	0	0	0	383	0	2052	0	0	0	0	0	0	0	0	0	0	229	57	0	0	911	2	0	0	0	0	0	0	0	14	0	0	0	0	0	12	0	36	0	0	0	0	0	61	71	0	0	0	0	0	0	0	0	0	0	0	0	0	665	0	0	502	0	554	3	0	0	0	85	8	0	0	19060	0	0	87	53	0	2451	0	0	45	0	30	6	0	0	0	0	0	8096	0	0	25	0	0	0	524	0	0	0	10	0	806	0	0	0	0	6	0	0	0	0	0	0	0	0	324	0	1	0	0	0	0	55	15	0	0	0	0	0	0	0	0	0	0	87	28	0	0	0	38	98	196	0	0	2	0	6	118	0	0	0	0	0	0	0	0	0	0	0	47	0	40	0	276	0	0	92	0	0	0	0	0	0	0	0	0	0	0	0	0	0	0	0	5	0	0	0	0	0	0	1425	0	0	69	97	0	0	0	0	0	114	0	0	0	0	0	0	386	0	0	0	19	0	0	0	0	0	0	0	0	0	0	0	0	0	0	30	3643	0	0	0	0	0	0	78	991	0	54	0	0	0	0	0	0	0	0	0	0	0	0	0	0	0	0	0	0	0	0	0	0	0	0	0	245	0	0	0	0	0	312	17	149	0	0	0	0	31	0	78	0	0	0	0	0	0	0	0	0	0	0	0	8	0	584	0	0	0	0	324	0	0	0	0	0	15	0	0	0	0	0	0	0	228	43	0	157	0	0	0	483	21	0	30	0	0	0	0	0	0	0	0
SRR31465501	26969	0	0	0	19	73	1	0	0	0	0	0	0	211	0	1	0	0	0	0	9	0	0	0	0	0	34	2	0	0	306	0	198	0	0	0	0	0	0	68	1639	0	0	46	0	0	0	0	0	0	0	0	0	0	7	0	0	0	640	92	0	0	0	61	0	280	0	0	0	635	0	0	0	18	42	18	0	10	0	0	54	0	0	0	0	0	0	0	0	33	0	0	0	0	0	0	0	32	109	0	0	0	0	27	7305	0	0	0	0	0	0	0	6	0	0	199	0	0	83	0	0	168	0	0	2	0	0	0	13	2	0	53	1174	0	0	79	14	0	434	0	0	6	0	7	8	0	0	0	305	0	5573	0	0	0	0	0	17	156	8	0	0	0	0	163	0	0	0	0	0	0	0	0	0	0	0	6	55	31	0	0	0	0	0	0	0	19	0	3	0	0	0	0	0	0	0	0	14	17	0	0	0	13	103	67	40	0	4	5	0	17	0	0	0	0	0	0	0	0	0	0	0	44	0	0	0	60	0	0	5	0	0	0	0	0	0	0	0	0	0	0	0	0	0	0	0	10	0	4	9	0	0	0	3	0	0	29	51	0	0	0	0	0	7	0	0	0	0	0	0	63	0	0	0	9	0	0	0	0	0	0	0	139	0	0	0	0	0	0	12	1801	6	401	0	0	0	0	347	359	0	0	0	0	0	0	0	0	0	0	10	0	0	0	0	0	0	0	0	0	0	0	0	0	0	0	0	46	0	0	0	0	0	341	1	36	0	0	0	0	8	0	0	0	0	0	0	33	0	0	0	0	0	0	0	1231	0	113	0	0	0	0	95	0	0	0	10	0	0	0	0	0	0	0	0	0	312	86	0	70	0	0	0	369	0	0	0	0	0	0	0	0	15	0	0
SRR31465503	58976	0	0	0	0	0	0	0	0	0	0	0	0	0	0	2	0	0	0	0	0	0	0	0	0	0	0	0	0	0	3	0	0	0	0	0	0	0	0	0	0	0	0	0	0	0	0	7	0	0	0	0	0	0	0	0	0	0	1	0	0	0	0	0	0	0	4	0	0	0	4583	0	0	0	0	0	0	0	0	0	0	0	0	0	0	0	0	0	0	0	0	0	0	0	4087	0	0	0	0	0	0	0	0	0	0	0	0	0	0	1	1801	0	0	0	0	0	0	0	0	0	0	0	0	0	0	13618	0	0	0	0	0	0	21105	0	0	0	0	0	0	0	0	0	0	0	0	0	0	0	0	0	0	0	0	0	0	0	0	0	0	0	0	0	0	0	0	0	5904	0	0	0	0	0	0	0	0	0	0	0	0	0	0	0	0	0	0	0	0	0	0	0	0	0	0	0	0	0	0	0	0	0	0	0	0	0	0	0	0	0	0	0	0	0	0	0	0	4	0	0	0	0	0	0	0	0	0	0	0	0	0	0	0	0	0	0	0	0	0	0	0	0	2951	0	0	0	0	0	0	0	0	0	0	0	0	0	0	0	0	0	0	0	0	0	0	0	0	0	0	0	0	0	0	0	0	0	0	0	0	0	0	0	0	0	0	0	0	0	0	0	0	1	0	0	0	0	4800	0	0	0	0	0	0	0	0	0	0	0	0	0	4	0	0	0	0	0	0	0	0	0	0	0	0	0	0	0	0	0	0	0	0	0	0	0	0	0	0	0	0	0	0	0	0	0	0	0	0	0	0	0	0	6	0	0	0	62	0	0	0	0	0	0	0	0	0	0	0	0	0	0	0	0	0	0	0	0	2	0	0	0	0	0	0	30	0	0	0	0	0	0	0	0	0	0	0
SRR31465505	59874	0	0	0	0	0	0	0	0	0	0	0	0	0	0	8552	0	0	0	0	0	0	0	0	0	0	0	0	2062	0	0	0	0	0	0	0	0	0	0	0	0	0	0	0	0	0	0	10924	0	0	0	0	0	0	0	0	0	0	0	0	0	0	0	0	0	0	1120	0	4577	0	0	0	0	0	0	0	0	0	0	0	0	0	0	0	0	0	0	0	0	0	0	0	0	0	0	0	0	0	0	2877	0	0	0	0	476	0	0	0	0	0	0	0	0	0	0	0	0	0	0	0	0	0	0	0	0	0	0	0	0	0	0	0	3761	0	0	0	0	0	0	0	0	0	0	0	0	0	0	0	0	0	1	0	0	0	0	0	0	0	0	0	0	0	0	0	0	0	0	0	0	0	0	0	0	0	0	0	0	0	0	0	0	0	0	0	0	0	0	0	0	0	0	0	0	0	0	0	0	0	0	0	0	0	0	0	0	0	2733	0	0	0	0	0	0	0	0	0	0	0	0	0	0	0	0	0	0	0	0	0	0	0	0	0	0	0	0	0	0	0	695	0	346	0	0	0	0	0	0	0	0	0	0	0	0	0	0	0	0	0	1371	0	0	0	0	0	0	0	0	0	0	0	0	0	0	0	0	0	0	0	0	0	0	0	0	0	0	0	0	0	0	0	0	0	0	0	0	0	1189	0	0	0	0	0	2572	0	0	0	0	0	37	0	0	0	0	0	0	0	0	0	0	0	0	0	0	0	0	0	0	0	0	0	0	0	0	0	0	0	0	0	0	0	0	0	0	0	0	0	0	0	0	12613	1459	2350	0	0	0	0	0	0	0	0	0	0	0	0	0	0	0	0	0	0	0	0	0	0	0	0	0	0	0	0	0	159	0	0	0	0	0	0	0	0	0	0	0
SRR31465506	46869	0	0	0	0	0	0	0	0	0	0	0	0	0	0	0	0	0	0	0	0	0	0	0	0	0	0	0	0	0	0	0	0	0	0	0	0	0	0	0	0	0	0	0	0	0	0	0	0	0	0	0	0	0	0	0	0	0	0	0	0	0	0	0	0	0	0	0	6	0	0	0	0	0	0	0	0	0	0	0	0	0	0	0	0	0	0	0	0	0	0	0	0	0	0	0	0	0	0	0	0	0	0	0	1	0	0	0	0	0	4323	0	0	0	0	0	0	0	0	0	0	0	0	0	0	11154	0	0	0	0	0	0	18306	0	0	0	0	0	0	0	0	0	0	0	0	0	0	0	0	0	0	0	0	0	0	0	0	0	0	0	0	0	0	1	0	0	0	0	0	0	0	0	0	0	0	0	0	0	0	0	0	0	0	0	0	0	0	0	0	0	0	0	0	0	0	0	0	0	0	0	0	0	0	0	0	0	0	0	0	0	0	0	0	0	0	0	0	0	0	0	0	0	0	0	0	0	0	0	0	0	0	0	0	0	0	0	0	0	0	0	2204	0	0	0	0	0	0	0	0	0	0	0	0	0	0	0	0	0	0	0	0	0	0	0	0	2205	0	0	0	0	0	0	0	0	0	0	0	0	0	0	0	0	0	0	0	0	0	0	0	0	0	0	0	0	0	0	0	0	0	0	0	0	0	0	0	0	0	0	0	0	0	0	0	0	0	0	0	0	0	0	0	0	0	0	0	0	0	0	0	0	0	0	0	0	0	0	0	0	0	0	0	0	0	0	0	0	0	0	0	3	0	0	0	40	0	8607	0	0	0	0	0	0	0	0	0	0	0	0	0	0	0	0	0	0	0	0	0	0	0	0	0	19	0	0	0	0	0	0	0	0	0	0	0
SRR31465507	53053	0	0	0	0	0	0	0	0	0	0	0	0	0	0	0	0	0	0	0	0	0	0	0	0	0	0	0	0	0	0	0	0	6596	0	0	0	0	0	0	0	0	0	0	0	0	0	0	0	0	0	0	0	0	0	0	0	0	0	0	0	0	0	0	0	0	0	0	0	0	0	0	0	0	0	0	0	0	0	0	8721	0	0	0	0	0	0	0	0	0	0	0	0	0	0	0	0	0	0	0	0	0	0	0	0	0	0	0	0	1	1786	0	0	0	0	0	0	0	0	0	0	0	0	0	0	12478	0	0	0	0	0	0	19207	0	0	0	0	0	0	0	0	0	0	0	0	0	0	0	0	0	0	0	0	0	0	0	0	0	0	0	0	0	0	0	0	0	0	0	0	0	0	0	0	0	0	0	0	0	0	0	0	0	0	0	0	0	0	0	0	0	0	0	0	2102	0	0	0	0	0	0	0	0	0	0	0	0	0	0	0	0	0	0	0	0	0	0	0	0	0	0	0	0	0	0	0	0	0	0	0	0	0	0	0	0	0	0	0	0	0	0	2148	0	0	0	0	0	0	0	0	0	0	0	0	0	0	0	0	0	0	0	0	0	0	0	0	0	0	0	0	0	0	0	0	0	0	0	0	0	0	0	0	0	0	0	0	0	0	0	0	0	0	0	0	0	0	0	0	0	0	0	0	0	0	0	0	0	0	0	0	0	0	0	0	0	0	0	0	0	0	0	0	0	0	0	0	0	0	0	0	0	0	0	0	0	0	0	0	0	0	0	0	0	0	0	0	0	0	0	0	0	0	0	0	0	0	0	0	0	0	0	0	0	0	0	0	0	0	0	0	0	0	0	0	0	0	0	0	0	0	0	0	14	0	0	0	0	0	0	0	0	0	0	0
SRR31465416	52007	0	0	0	0	0	0	0	0	0	0	0	0	0	0	0	0	0	0	0	0	0	0	0	0	0	0	0	0	0	0	0	0	0	0	0	0	0	0	0	0	0	0	0	0	0	0	0	0	0	0	0	0	0	0	0	0	0	0	0	0	0	0	0	0	0	0	0	0	0	0	0	0	0	0	0	0	0	0	0	0	0	0	0	0	0	0	0	0	0	0	0	0	0	1	0	0	0	0	0	0	0	0	0	0	0	0	0	0	4415	2897	0	0	0	0	0	0	0	0	10	0	0	0	0	0	29019	0	0	0	0	0	0	15596	0	0	0	0	0	0	0	0	0	0	0	0	0	0	0	0	0	0	0	0	0	0	0	0	0	0	0	0	0	0	0	0	0	0	0	0	0	0	0	0	0	0	0	0	0	0	0	0	0	0	0	0	0	0	0	0	0	0	0	0	0	0	0	0	0	0	0	0	0	0	0	0	0	0	0	0	0	0	0	0	0	0	1	0	0	0	0	0	0	0	0	0	0	0	0	0	0	0	0	0	0	0	0	0	0	0	0	16	0	0	0	0	0	0	0	0	0	0	0	0	0	0	0	0	0	0	0	0	0	0	0	0	0	0	0	0	0	0	0	0	0	0	0	0	0	0	0	0	0	0	0	0	0	0	0	0	0	0	0	0	0	0	0	0	0	0	0	0	0	0	0	0	0	0	0	0	0	0	0	0	0	0	0	0	0	0	3	0	0	0	0	0	0	0	0	0	0	0	0	0	0	0	0	0	0	0	0	0	0	0	0	0	0	0	0	0	0	0	0	0	26	0	0	0	0	0	0	0	0	0	0	0	0	0	0	0	0	0	0	0	0	0	0	0	0	0	0	0	23	0	0	0	0	0	0	0	0	0	0	0
SRR31465421	41481	0	0	0	0	0	0	0	0	0	0	0	0	0	0	0	0	0	0	0	0	0	0	0	0	0	0	0	0	0	0	0	0	0	0	0	0	0	0	0	0	0	0	0	0	0	0	0	0	0	0	0	0	0	0	0	0	0	0	0	0	0	0	0	0	0	0	0	0	0	0	0	0	0	0	0	0	0	0	0	0	0	0	0	0	0	0	0	0	0	0	0	0	0	0	0	0	0	0	0	0	0	0	0	3668	0	0	0	0	7056	5462	0	0	0	0	0	0	0	0	0	0	0	0	0	0	7623	0	0	0	0	0	0	14464	0	0	0	0	0	0	0	0	0	0	0	0	0	0	0	0	0	0	0	0	0	0	0	0	0	0	0	0	0	0	0	0	0	0	0	0	0	0	0	0	0	0	0	0	0	0	0	0	0	0	0	0	0	0	0	0	0	0	0	0	0	0	0	0	0	0	0	0	0	0	0	0	0	0	0	0	0	0	0	0	0	0	0	0	0	0	0	0	0	0	0	0	0	0	0	0	0	0	0	0	0	0	0	0	0	0	0	0	0	0	0	0	0	0	0	0	0	0	0	0	0	0	0	0	0	0	0	0	0	0	0	0	0	0	0	0	0	0	0	0	0	0	0	3110	0	0	0	0	1	1	0	0	0	0	0	0	0	0	0	0	0	0	0	0	0	0	0	0	0	0	0	0	0	0	0	0	0	0	0	0	0	0	0	0	0	0	0	0	0	0	0	0	0	0	0	0	0	0	0	0	0	0	0	0	0	0	0	0	0	0	0	0	0	0	0	0	0	0	0	0	82	0	0	0	0	0	0	0	0	0	0	0	0	0	0	0	0	0	0	0	0	0	0	0	0	0	0	0	14	0	0	0	0	0	0	0	0	0	0	0
SRR31465424	67752	0	0	0	0	0	0	0	0	0	0	0	0	0	0	2	0	0	0	0	0	0	0	0	0	0	2	0	0	0	0	0	0	0	0	0	0	0	0	3	0	0	0	0	0	0	0	0	0	0	0	0	0	0	0	0	0	0	6	0	0	0	0	0	0	0	0	0	0	0	0	0	20729	0	0	0	0	0	0	0	0	0	0	0	0	0	0	0	0	0	0	0	0	0	0	0	0	0	0	0	0	0	0	0	0	0	0	0	0	0	38	0	0	0	0	0	0	0	0	0	0	0	0	0	0	0	0	0	0	0	0	0	44866	0	0	0	0	0	3	0	0	0	0	0	0	0	0	0	0	0	0	0	0	0	0	0	0	0	0	0	0	0	0	0	0	0	0	0	0	0	0	0	0	0	0	0	0	0	0	0	0	0	0	0	0	0	0	0	0	0	0	0	0	0	0	0	0	0	0	0	0	0	0	0	0	0	0	0	0	0	0	0	0	0	0	0	0	0	0	0	0	0	0	0	0	0	0	0	0	0	0	0	0	0	0	0	0	0	0	0	0	0	0	0	0	0	0	0	0	0	0	0	0	2	0	0	0	0	0	0	0	0	0	0	0	0	0	0	0	0	0	0	0	0	0	0	0	0	0	0	0	0	0	0	0	0	0	0	0	0	0	0	0	0	0	0	0	0	0	0	0	0	0	0	0	0	0	0	0	0	0	0	0	0	0	0	0	0	0	0	0	0	0	0	0	0	0	0	0	0	0	0	0	0	0	0	0	0	0	0	0	0	0	0	0	0	0	0	0	0	0	0	0	2037	0	0	0	0	0	0	0	0	0	0	0	0	0	0	0	0	0	0	0	0	0	0	0	0	0	0	0	64	0	0	0	0	0	0	0	0	0	0	0
SRR31465426	32266	0	0	0	0	0	0	0	0	0	0	0	0	0	0	0	0	0	0	0	0	0	0	0	0	0	0	0	0	0	0	0	0	0	0	0	0	0	0	0	0	0	0	0	0	0	0	0	0	0	0	0	0	0	0	0	0	3855	3	0	0	0	0	0	0	0	0	0	0	0	0	0	0	0	0	0	0	0	0	0	0	0	0	0	0	0	0	0	0	0	0	0	0	0	1894	0	0	0	0	0	0	0	0	0	852	0	0	0	0	8121	6	0	0	0	0	0	0	0	0	0	0	1	0	0	0	10035	0	0	0	0	0	0	4431	0	0	0	0	0	0	0	0	0	0	0	0	0	0	0	0	0	0	0	0	0	0	0	0	0	0	0	0	0	0	0	0	0	0	0	0	0	0	0	0	0	0	0	0	0	0	0	0	0	0	0	0	0	0	0	0	0	0	0	0	0	0	0	0	0	0	0	0	0	0	0	0	0	0	0	0	0	0	0	0	0	0	0	0	0	0	0	0	0	0	0	0	0	0	0	0	0	0	0	0	0	0	0	0	0	0	0	2960	0	0	0	0	0	0	0	0	0	0	0	0	0	0	0	0	0	0	0	0	0	0	0	0	0	0	0	0	0	0	0	0	0	0	0	0	0	0	0	0	0	0	0	0	0	0	0	0	0	0	0	0	0	0	0	0	0	0	0	0	0	0	0	0	0	0	0	0	0	0	0	0	0	0	0	0	0	0	0	0	0	0	0	0	0	0	0	0	0	0	0	0	0	0	0	0	0	0	0	0	0	0	0	0	0	0	0	0	0	0	0	0	104	0	0	0	0	0	0	0	0	0	0	0	0	0	0	0	0	0	0	0	0	0	0	0	0	0	0	0	4	0	0	0	0	0	0	0	0	0	0	0
SRR31465430	60502	0	0	0	0	0	0	0	0	0	0	0	0	0	0	0	0	0	0	0	0	0	0	0	0	0	0	0	0	0	1	0	0	0	0	0	0	0	0	0	0	0	0	0	0	0	0	0	0	0	0	0	0	0	0	0	0	0	0	0	0	0	0	0	0	0	0	3521	0	0	0	0	0	0	0	0	0	0	0	0	0	0	0	0	0	0	0	0	0	0	0	0	0	0	0	0	0	0	0	0	0	0	0	0	0	0	0	0	0	1468	0	0	0	0	0	0	0	0	0	0	0	0	0	0	0	33705	0	0	0	0	0	0	5218	0	0	0	0	0	0	0	0	0	0	0	0	0	0	0	0	0	0	0	0	0	0	0	0	0	0	0	0	0	0	0	0	0	0	0	0	0	0	0	0	0	0	0	0	0	0	0	0	0	0	0	0	0	0	0	0	0	0	0	0	0	0	0	0	0	0	0	0	0	0	0	0	0	0	0	0	311	0	0	0	0	0	0	0	0	0	0	0	0	0	0	0	0	0	0	0	0	0	0	0	0	0	0	0	0	0	0	1043	0	0	0	0	0	0	0	0	0	0	0	0	0	0	0	0	0	0	0	0	0	0	593	0	0	0	0	0	0	0	0	0	0	0	0	0	0	0	0	0	0	2577	0	0	0	0	0	0	0	0	0	0	0	0	0	0	0	0	0	0	0	0	0	0	0	0	0	0	0	0	0	0	0	0	0	0	0	0	0	0	0	0	0	0	0	0	0	0	0	0	0	0	0	0	0	0	0	0	0	0	0	0	0	0	0	0	0	0	0	0	0	0	12043	0	0	0	0	0	0	0	0	0	0	0	0	0	0	0	0	0	0	0	0	0	0	0	0	0	0	0	22	0	0	0	0	0	0	0	0	0	0	0
SRR31465431	47976	0	0	0	0	0	0	0	0	0	0	0	0	0	0	0	0	0	0	0	0	0	0	0	0	0	0	0	0	0	0	0	0	0	0	0	0	0	0	0	0	0	0	0	0	0	0	0	0	0	0	0	0	0	0	0	0	0	0	0	0	0	0	0	0	0	0	0	0	0	0	0	0	0	0	0	0	0	0	0	0	0	0	0	0	0	0	0	0	0	0	0	0	0	0	0	0	0	0	0	0	0	0	0	2975	0	0	0	0	0	1858	0	0	0	0	0	3560	0	0	0	0	0	0	0	0	8413	0	0	0	0	0	0	18112	0	0	0	0	0	0	0	0	0	0	0	0	0	0	0	0	0	0	0	0	0	0	0	0	0	0	0	0	0	0	0	0	0	0	0	0	0	0	0	0	0	0	0	0	0	0	0	0	0	0	0	0	0	0	0	0	0	0	0	0	1046	0	0	0	0	0	0	0	0	0	0	0	0	0	0	0	0	0	0	0	0	0	0	0	0	0	0	0	0	0	0	0	0	0	0	0	0	0	0	0	0	0	0	0	0	0	0	0	0	0	0	0	0	0	0	0	0	0	0	0	0	0	0	0	0	0	0	0	0	0	1959	0	0	0	0	0	0	0	0	0	0	0	0	0	0	0	0	0	0	0	0	0	0	0	0	0	0	0	0	0	0	0	0	0	0	0	0	0	0	0	0	0	0	0	0	0	0	0	0	0	0	0	0	0	0	0	0	0	0	0	0	0	0	0	0	0	0	0	0	0	0	0	0	0	0	0	0	0	0	0	0	0	0	0	0	0	2	0	0	0	10011	0	0	0	0	0	0	0	0	0	0	0	0	0	0	0	0	0	0	0	0	0	0	0	0	0	0	0	40	0	0	0	0	0	0	0	0	0	0	0
SRR31465433	53781	0	0	0	0	0	0	0	0	0	0	0	0	0	0	0	0	0	0	0	0	0	0	1	0	0	0	0	0	0	0	0	0	0	0	0	0	0	0	0	0	0	0	0	0	0	0	0	0	0	0	0	0	0	0	0	0	0	0	0	0	0	0	0	0	0	0	0	0	0	0	0	0	0	0	0	0	0	0	0	0	0	0	0	0	0	0	0	0	0	0	0	0	0	0	0	0	0	0	0	0	0	0	0	0	0	0	0	0	0	5648	0	0	0	0	0	0	0	0	0	0	0	0	0	0	11327	0	0	0	0	0	0	21893	0	0	0	0	0	0	0	0	0	0	0	0	0	0	0	0	0	0	0	0	0	0	0	0	0	0	0	0	0	0	0	0	0	0	0	0	0	0	0	0	0	0	0	0	0	0	0	0	0	0	0	0	0	0	0	0	0	0	0	0	0	0	0	0	0	0	0	0	0	0	0	0	0	0	0	0	0	0	0	0	0	0	0	0	0	0	0	0	0	0	0	0	0	0	0	0	0	0	0	0	0	0	0	0	0	0	0	0	0	0	0	0	0	0	0	0	0	0	0	0	0	0	0	0	0	0	0	0	0	0	0	0	0	0	0	0	0	0	0	0	0	0	0	0	0	0	0	0	0	0	0	0	0	0	0	0	0	0	0	0	0	0	0	0	0	0	0	0	0	0	0	0	0	0	0	0	0	0	0	0	0	0	0	0	0	0	0	0	0	0	0	0	0	0	0	0	0	0	0	0	0	0	0	0	0	0	0	0	0	0	0	0	0	0	0	0	0	0	0	0	4	0	0	0	0	0	0	0	0	0	0	0	0	0	0	0	0	0	0	0	0	0	0	0	0	0	0	0	14908	0	0	0	0	0	0	0	0	0	0	0
SRR31465435	33172	0	0	0	0	0	0	0	0	0	0	0	0	0	0	0	0	0	0	0	0	0	0	0	0	0	0	0	0	0	0	0	0	0	0	0	0	0	0	0	0	0	0	0	0	0	0	0	0	0	0	0	0	0	0	0	0	0	0	0	0	0	0	0	0	0	0	0	0	0	0	0	0	0	0	0	0	0	0	0	0	0	0	0	0	0	0	0	0	0	0	0	0	0	0	0	0	0	0	0	0	0	0	0	0	0	0	0	0	1	15067	0	0	0	0	0	0	0	0	0	0	0	0	0	0	0	0	0	0	0	0	0	17896	0	0	0	0	0	0	0	0	0	0	0	0	0	0	0	0	0	0	0	0	0	0	0	0	0	0	0	0	0	0	0	0	0	0	0	0	0	0	0	0	0	0	0	0	0	0	0	0	0	0	0	0	0	0	0	0	0	0	0	0	0	0	0	0	0	0	0	0	0	0	0	0	0	0	0	0	0	0	0	0	0	0	0	0	0	0	0	0	0	0	0	0	0	0	0	0	0	0	0	0	0	0	0	0	0	0	0	75	0	0	0	0	0	0	0	0	0	0	0	0	0	0	0	0	0	0	0	0	0	0	0	0	0	0	0	0	0	0	0	0	0	0	0	0	0	0	0	0	0	0	0	0	0	0	0	0	0	0	0	0	0	0	0	0	0	0	0	0	0	0	0	0	0	0	0	0	0	0	0	0	0	0	0	0	0	0	0	0	0	0	0	0	0	0	0	0	0	0	0	0	0	0	0	0	0	0	0	0	0	0	0	0	0	0	0	0	0	0	0	0	14	0	0	0	0	0	0	0	0	0	0	0	0	0	0	0	0	0	0	0	0	0	0	0	0	0	0	0	119	0	0	0	0	0	0	0	0	0	0	0
SRR31465438	45407	0	0	0	0	0	0	0	0	0	0	0	0	0	0	9985	0	0	0	0	0	0	0	0	0	0	0	0	1372	0	0	0	0	0	0	0	0	0	0	0	1305	0	0	0	0	0	0	6978	0	0	0	0	0	0	0	0	0	0	0	0	0	0	0	0	0	0	1992	0	0	0	0	0	0	0	0	0	0	0	0	0	0	0	0	0	0	0	0	0	0	0	0	0	0	0	0	0	0	0	0	0	0	0	0	0	0	0	0	0	0	2588	224	0	0	0	0	0	0	0	0	0	0	0	0	0	0	0	0	0	0	0	0	0	1868	0	0	0	0	0	0	0	0	0	0	0	0	0	0	0	0	0	2686	0	0	0	0	0	0	0	0	0	0	0	0	0	0	0	0	0	0	0	0	0	0	0	0	0	0	0	0	0	0	0	0	0	0	0	1690	0	0	0	0	0	0	0	0	0	0	0	0	0	0	0	0	0	0	0	0	0	0	0	0	0	0	0	0	0	0	0	0	0	0	0	0	0	0	0	0	0	0	0	0	0	0	0	0	0	0	0	0	0	0	0	0	0	0	0	0	0	0	0	0	0	0	0	0	0	0	0	0	0	581	0	0	0	0	0	0	0	0	0	0	0	0	0	0	0	0	0	0	0	0	0	0	0	0	0	0	0	0	0	0	0	0	0	0	0	0	0	0	0	0	0	0	0	0	0	0	0	84	0	0	0	0	0	0	0	0	0	0	0	0	0	0	0	0	0	0	0	0	0	0	0	0	0	0	0	0	0	0	0	0	0	0	0	0	0	0	0	0	10334	0	447	0	3268	0	0	0	0	0	0	0	0	0	0	0	0	0	0	0	0	0	0	0	0	0	0	0	0	0	0	0	5	0	0	0	0	0	0	0	0	0	0	0
SRR31465440	43780	0	0	0	0	0	0	0	0	0	0	0	0	0	0	5526	0	0	0	0	0	0	0	0	0	0	0	0	0	0	0	0	0	0	0	0	0	0	0	0	0	0	0	0	0	0	0	8068	0	0	0	0	0	0	0	0	0	0	0	0	0	0	0	0	0	0	0	0	0	0	0	0	0	0	0	0	0	0	0	0	0	0	0	0	0	0	0	0	0	0	0	0	0	0	0	0	0	0	0	0	0	0	0	0	36	0	0	0	0	0	669	0	0	0	0	0	0	0	0	0	0	0	0	0	0	0	0	0	0	0	0	0	9641	0	0	0	0	0	0	0	0	0	0	0	0	0	0	0	0	0	0	0	0	0	0	0	0	0	0	0	0	0	0	1	0	0	0	0	0	0	0	0	0	0	0	0	0	0	0	0	0	0	0	0	0	0	0	0	0	0	0	0	0	0	0	0	0	0	0	0	0	0	0	0	0	0	0	0	0	0	0	0	0	0	0	0	0	0	0	0	0	0	0	0	0	0	0	0	0	0	0	0	0	0	0	0	0	0	0	0	0	0	0	0	0	0	0	0	0	0	0	0	0	0	0	0	0	0	0	0	0	0	0	0	0	0	0	0	0	0	0	0	0	0	0	0	0	0	0	0	0	0	3404	0	0	0	0	0	0	0	0	0	0	0	0	0	0	0	0	0	0	0	0	0	0	0	0	0	24	0	0	0	0	0	0	1371	0	0	0	0	0	0	0	0	0	0	0	0	0	0	0	0	0	0	0	0	0	0	0	0	0	0	0	0	0	0	0	0	0	10299	0	0	0	3257	0	0	0	0	0	0	0	0	0	0	0	0	0	0	0	0	0	0	0	0	0	0	0	0	0	0	0	9	0	0	0	0	0	1475	0	0	0	0	0
SRR31465444	28987	0	0	0	0	0	0	0	0	0	0	0	0	0	873	4446	0	0	0	0	0	0	0	0	0	0	0	0	834	0	0	0	0	0	0	0	0	0	0	0	0	0	0	0	0	0	0	4076	0	0	0	0	0	0	0	0	749	0	0	0	0	0	0	0	0	0	0	0	672	0	0	0	0	0	0	0	0	0	0	0	0	0	0	0	0	0	0	0	0	0	42	0	0	0	0	0	0	0	0	0	166	0	0	0	298	0	0	0	0	704	1159	0	0	0	172	0	0	0	0	0	0	0	0	0	0	1187	0	0	0	0	0	0	2603	0	0	0	0	0	0	0	0	0	0	0	0	0	0	0	0	0	0	0	0	0	0	0	0	0	0	0	0	0	0	0	0	0	0	0	0	0	0	0	0	0	0	0	0	0	0	0	0	0	0	486	0	0	0	0	0	0	0	0	564	0	0	0	0	0	0	0	0	0	0	0	0	0	0	0	0	0	0	0	0	0	0	0	0	0	0	0	0	0	0	0	0	0	0	0	0	0	0	0	0	0	747	0	0	0	0	0	0	0	0	0	0	0	0	0	0	0	0	0	0	0	0	0	0	0	0	0	0	0	0	0	0	0	0	0	0	0	0	0	0	0	0	0	0	0	0	0	0	0	0	0	0	0	0	0	0	0	0	0	0	0	0	0	0	0	0	0	0	0	0	0	0	0	0	0	8	0	0	0	0	0	0	0	0	0	0	0	0	0	0	0	0	0	0	0	0	0	0	0	0	0	0	0	0	0	144	0	0	0	0	0	0	0	0	0	0	6763	0	0	0	2177	0	0	0	0	0	0	0	0	0	0	0	0	0	0	0	0	0	0	0	0	0	0	0	0	0	0	0	117	0	0	0	0	0	0	0	0	0	0	0
SRR31465445	47729	0	0	0	0	0	0	0	0	0	0	0	0	0	625	5836	0	0	0	0	0	0	0	0	0	0	1802	0	0	0	0	0	0	0	0	0	744	0	0	0	0	0	0	0	0	0	0	3255	0	0	0	0	0	0	0	0	243	0	0	0	0	0	0	0	0	0	514	0	2793	0	0	0	736	0	0	0	0	0	0	0	0	0	0	0	0	0	0	0	0	0	0	0	0	0	0	0	0	0	0	0	0	0	0	0	207	0	0	0	0	798	96	0	0	0	0	0	0	0	0	0	0	0	0	0	0	0	0	0	0	0	0	0	5203	0	0	0	0	0	0	0	0	0	0	0	0	0	0	0	1735	0	0	0	0	0	0	0	0	0	0	0	0	0	0	0	0	0	0	12	0	0	0	0	0	0	0	0	0	0	0	0	0	0	0	0	0	0	0	0	0	0	0	0	0	0	0	0	0	0	0	0	0	0	0	0	0	0	0	0	0	0	0	0	0	0	0	0	742	0	0	0	0	0	0	0	0	0	0	0	0	0	0	0	0	0	0	0	1376	0	0	0	645	0	0	0	0	0	0	0	0	0	0	0	0	396	0	0	0	0	0	3	0	0	0	0	0	0	0	0	0	0	0	0	0	0	0	0	0	0	0	0	0	0	1125	0	0	0	0	0	0	0	0	0	0	0	0	0	0	140	0	0	0	0	0	0	0	0	0	110	82	0	0	0	0	0	0	0	0	0	0	0	0	0	0	0	0	0	0	0	0	2637	0	0	0	0	0	0	0	0	0	0	0	0	1105	0	0	0	0	0	0	10210	969	559	0	0	0	0	0	0	0	0	0	0	0	0	0	0	0	0	0	0	168	0	0	0	0	0	0	0	0	0	0	1665	0	1198	0	0	0	0	0	0	0	0	0
SRR31465448	40158	0	0	0	0	0	0	0	0	0	0	0	0	0	969	3785	0	0	0	0	0	0	0	0	0	0	0	0	0	0	0	0	0	0	0	0	0	0	0	0	0	0	0	0	0	0	0	0	0	0	0	0	0	0	0	0	0	0	0	0	0	0	0	0	0	0	0	0	683	0	0	0	0	0	0	0	0	0	0	0	0	0	0	0	0	0	0	0	0	0	0	0	0	0	0	0	0	0	0	0	0	0	0	0	0	0	0	0	0	0	2239	0	0	0	0	0	0	0	0	0	0	0	0	0	0	0	0	0	0	0	0	0	17388	0	0	0	0	0	0	0	0	0	0	0	0	0	0	0	0	0	0	0	0	0	0	0	0	0	0	0	0	0	0	0	0	0	0	0	0	0	0	0	0	0	0	0	0	0	0	0	0	0	0	0	0	0	0	0	0	0	0	0	0	0	0	0	0	0	0	0	0	0	0	0	0	0	0	0	0	0	0	0	0	0	0	0	0	0	0	0	0	0	0	0	0	0	0	0	0	0	0	0	0	0	0	0	0	0	0	0	0	0	0	0	0	0	0	0	0	0	0	0	0	0	0	0	0	0	0	0	0	1770	0	0	0	0	0	0	0	0	0	0	0	0	0	0	0	0	0	0	0	0	0	0	0	0	0	0	0	0	0	0	0	0	0	0	0	0	0	0	0	0	0	0	0	0	0	0	28	0	0	0	0	0	0	0	0	0	0	0	0	0	0	0	0	0	0	0	0	0	0	0	0	0	0	0	0	0	0	0	0	0	0	0	0	0	0	0	0	10919	0	2334	0	11	0	0	0	0	0	0	0	0	0	0	0	0	0	0	0	0	0	0	0	0	0	0	0	0	0	0	0	32	0	0	0	0	0	0	0	0	0	0	0
SRR31465449	38438	0	0	0	0	0	0	0	0	0	0	0	0	0	0	4807	0	0	0	0	0	0	0	0	0	0	0	0	0	0	0	0	0	0	0	0	0	0	0	0	0	0	0	0	0	0	0	2619	0	0	0	0	0	0	0	0	0	0	0	0	0	0	0	0	0	0	0	0	1457	0	0	0	0	0	0	0	0	0	0	0	0	0	0	0	0	0	0	0	0	0	0	0	0	0	487	0	0	0	0	0	0	0	0	0	706	0	0	0	0	1214	1894	0	0	0	0	0	0	0	0	0	0	0	0	0	0	4310	0	0	0	0	0	0	4417	0	0	0	0	0	0	0	0	0	0	0	0	0	0	0	0	0	0	0	0	0	0	0	0	0	0	0	0	0	0	0	0	0	0	0	0	0	0	0	0	0	0	0	0	0	0	0	0	0	0	0	0	0	0	0	0	0	0	0	652	0	0	0	0	0	0	0	0	0	0	0	0	0	0	1841	0	0	0	0	0	0	0	0	0	0	0	0	0	0	0	0	0	0	0	0	0	0	0	0	0	0	0	0	0	1643	0	0	0	0	0	0	0	0	0	0	0	0	0	0	0	0	0	0	0	0	0	0	0	0	0	0	0	0	0	0	0	0	0	0	0	0	0	0	0	0	0	0	0	0	1452	0	0	0	0	0	0	0	0	0	0	0	0	0	0	0	0	0	0	0	0	0	0	0	0	0	20	0	0	0	0	0	0	0	0	0	0	682	0	0	0	0	0	0	0	0	0	0	0	0	0	0	0	0	0	0	0	0	0	0	0	0	0	0	0	0	0	2777	0	1858	0	5594	0	0	0	0	0	0	0	0	0	0	0	0	0	0	0	0	0	0	0	0	0	0	0	0	0	0	0	8	0	0	0	0	0	0	0	0	0	0	0
SRR31465450	61035	0	0	0	0	0	0	0	0	0	0	0	0	0	0	1935	0	0	82	0	0	0	0	0	0	0	0	0	0	0	0	0	0	0	0	0	0	0	0	0	0	0	0	0	0	0	0	3591	0	0	0	0	0	0	0	2048	0	0	0	0	0	0	0	0	21	0	657	0	2577	0	0	0	0	0	0	0	1358	0	0	0	0	0	0	0	0	0	0	0	0	0	0	0	0	0	0	0	0	0	0	0	0	0	0	0	2869	0	0	0	0	0	871	0	0	0	2853	0	0	0	0	724	0	0	0	0	0	1219	0	0	0	0	0	0	3192	0	0	0	0	0	0	0	0	0	0	0	0	0	0	0	0	0	0	0	0	0	0	0	0	0	0	0	0	0	0	0	0	0	0	0	0	0	0	0	0	0	0	0	0	0	0	0	0	0	0	0	0	0	0	0	0	0	0	0	0	0	0	0	0	0	0	0	0	0	0	0	0	0	0	0	0	0	0	0	0	0	0	0	0	0	0	0	0	0	0	0	0	0	0	0	0	0	0	0	0	0	0	0	0	0	0	0	0	0	0	0	0	0	0	0	0	1077	0	0	0	0	0	0	0	0	0	0	0	730	0	0	0	0	0	0	0	0	0	0	0	0	0	0	0	0	0	0	0	0	320	0	0	0	0	0	0	0	0	0	0	0	0	0	0	0	0	0	0	0	0	0	0	0	0	0	7	0	0	0	0	0	0	0	0	0	0	0	0	0	0	0	0	0	0	0	0	0	0	0	0	0	0	0	0	0	0	0	0	0	0	0	0	0	0	0	0	4444	0	0	0	24330	0	1202	0	0	0	0	0	0	0	0	0	0	0	0	0	0	0	0	0	0	0	0	0	0	0	0	0	4928	0	0	0	0	0	0	0	0	0	0	0
SRR31465452	51748	0	0	0	0	0	0	0	0	0	0	0	0	0	0	11942	0	0	0	0	0	0	0	0	0	0	0	0	0	0	0	0	0	0	0	0	0	0	0	0	0	0	0	0	0	0	0	1107	0	0	0	0	0	0	0	0	0	0	2	0	0	0	0	0	0	0	0	0	1955	0	0	0	0	0	0	0	0	0	0	0	0	0	0	0	0	0	0	0	0	0	0	0	0	0	0	0	0	0	0	0	0	0	0	0	0	0	0	0	0	0	2064	0	0	0	0	0	0	0	0	0	0	0	0	0	0	0	0	0	0	0	0	0	10154	0	0	0	0	0	0	0	0	0	0	0	0	0	0	0	0	0	0	0	0	0	0	0	0	0	0	0	0	0	0	0	0	0	0	0	0	0	0	0	0	0	0	0	0	0	0	0	0	0	0	0	0	0	0	0	0	0	0	0	0	0	0	0	0	0	0	0	0	0	0	0	0	0	0	0	0	0	0	0	0	0	0	0	0	0	0	0	0	0	0	0	0	0	0	0	0	0	0	0	0	0	0	0	0	0	0	0	3507	0	0	0	0	0	0	0	0	0	0	0	0	0	0	0	0	0	0	0	0	0	0	0	0	0	0	0	0	0	0	0	0	0	0	0	0	0	0	0	0	0	0	0	0	0	0	0	0	4	0	0	0	0	0	0	0	0	0	0	0	0	0	0	0	0	0	0	17	0	0	0	0	0	0	0	0	0	0	0	0	0	0	0	0	0	0	0	0	0	0	0	0	0	0	0	0	0	0	0	0	0	0	0	0	0	0	0	0	15086	0	3675	0	2235	0	0	0	0	0	0	0	0	0	0	0	0	0	0	0	0	0	0	0	0	0	0	0	0	0	0	0	0	0	0	0	0	0	0	0	0	0	0	0
SRR31465456	56776	0	0	0	0	0	0	0	0	0	0	0	0	0	0	12693	0	0	0	0	0	0	54	0	0	0	0	0	2677	0	0	0	0	0	0	0	0	0	0	0	0	0	0	0	0	0	0	3065	0	0	0	0	0	0	0	0	0	0	0	0	0	0	0	0	0	0	0	0	112	498	0	0	0	0	0	0	0	0	0	0	0	0	0	0	0	0	0	0	0	0	0	0	0	0	0	0	0	0	0	0	0	0	0	0	0	0	0	0	0	4851	1113	0	0	0	0	0	0	0	0	0	0	0	0	0	0	2383	0	0	0	0	0	0	7407	0	0	0	2932	0	0	0	0	0	0	0	0	0	0	0	0	0	0	0	0	0	0	0	0	0	0	0	0	0	0	0	0	0	0	0	0	0	0	875	0	0	0	0	0	0	0	0	0	0	0	0	0	0	0	0	0	0	0	0	0	0	0	0	0	0	0	0	0	0	0	0	0	0	0	0	0	0	0	0	0	0	0	0	0	0	0	0	0	0	0	0	0	0	0	0	0	0	3435	0	0	0	0	0	0	0	0	0	249	0	0	0	0	0	0	0	0	0	0	671	0	0	0	0	0	0	0	0	0	0	0	31	0	0	0	0	0	0	0	0	0	0	0	0	0	0	0	0	0	1	0	0	0	0	0	0	0	0	0	0	0	0	0	0	0	0	0	0	0	0	0	0	0	0	0	0	22	0	0	0	0	0	0	0	0	0	0	0	0	0	0	0	0	0	0	0	0	0	0	0	0	0	0	0	0	401	0	0	0	0	0	0	0	0	0	0	0	4998	1227	3537	0	0	0	0	0	0	0	0	0	0	0	0	0	0	0	0	0	0	0	0	0	0	0	0	0	0	0	0	0	3544	0	0	0	0	0	0	0	0	0	0	0
SRR31465457	61093	0	0	0	0	0	0	0	0	0	0	0	0	0	0	8471	0	0	0	0	0	0	0	0	0	0	0	0	0	0	0	0	0	0	0	0	0	0	0	0	0	0	0	0	0	0	0	8449	0	0	0	0	0	0	0	0	0	0	0	0	0	0	0	0	0	0	3009	0	0	0	0	0	0	0	0	0	0	0	0	0	0	0	0	0	0	0	0	0	0	0	0	0	0	0	0	0	0	0	0	0	0	0	0	0	0	0	0	0	0	1398	3136	0	0	0	0	0	0	0	0	0	0	0	0	0	0	3958	0	0	0	0	0	0	8101	0	0	0	0	0	0	0	0	0	0	0	0	0	0	0	0	0	1	0	0	0	0	0	0	0	0	0	0	0	0	0	0	0	0	0	0	0	0	0	0	0	0	0	0	0	0	0	0	0	0	0	0	0	0	0	0	0	0	0	0	0	0	0	0	0	0	0	0	0	0	0	0	0	0	0	0	0	0	0	0	0	0	0	0	0	0	0	0	0	0	0	0	0	0	0	0	0	0	0	0	0	0	0	0	0	0	0	0	0	0	0	0	0	0	0	0	0	0	0	0	0	0	0	0	0	0	0	0	0	0	735	0	0	0	0	0	0	0	0	0	0	0	0	0	0	0	0	0	0	0	0	0	0	0	0	0	0	0	0	0	0	0	0	0	0	0	0	0	0	0	0	0	0	0	0	156	0	0	0	0	0	0	0	0	0	0	0	0	0	0	0	0	0	0	1087	0	4	0	0	0	0	0	0	0	0	0	0	0	0	0	0	0	0	0	0	0	11533	0	0	0	77	0	0	0	0	0	0	0	0	0	0	0	0	0	0	0	0	0	0	0	0	0	0	0	0	0	0	0	9631	0	0	0	1347	0	0	0	0	0	0	0
SRR31465458	50384	0	0	0	0	0	0	0	0	0	0	0	0	0	0	9626	0	0	0	0	0	0	0	532	0	0	0	0	655	0	0	0	0	0	0	0	0	0	0	0	0	0	0	0	0	0	0	6831	0	0	0	0	0	0	0	0	0	0	0	0	0	0	0	0	0	0	0	0	1249	0	0	0	0	0	0	0	0	0	0	0	0	0	0	0	0	0	427	0	0	0	0	0	0	0	0	0	0	0	0	0	0	0	0	0	0	0	0	0	0	578	265	0	0	0	0	0	0	0	0	0	0	0	0	0	0	7911	0	0	0	0	0	0	3752	0	0	0	0	0	0	0	0	0	0	0	0	0	0	0	0	0	0	0	0	0	0	0	0	0	10	0	0	0	0	0	0	0	0	0	0	0	199	0	0	0	0	0	0	0	0	0	0	0	0	0	0	0	0	0	0	0	0	0	0	0	0	393	0	0	0	0	0	0	0	0	0	0	0	2208	0	0	0	0	0	0	0	0	0	0	0	0	0	0	0	0	0	0	0	0	0	0	0	0	0	0	0	0	0	0	0	0	0	0	0	0	0	0	0	0	0	0	1557	0	0	12	0	0	0	0	0	0	0	0	0	67	0	0	0	0	0	0	0	0	0	0	0	0	0	0	0	0	0	0	947	0	0	0	0	0	0	2401	0	0	0	0	0	0	0	0	0	0	0	0	0	0	0	0	0	0	26	0	0	331	0	0	0	0	0	0	0	0	0	0	0	0	0	0	0	0	0	0	0	0	0	0	0	0	0	0	0	0	0	0	0	0	0	0	0	0	0	8201	279	452	0	1468	0	0	0	0	0	0	0	0	0	0	0	0	0	0	0	0	0	0	0	0	0	0	0	0	0	0	0	7	0	0	0	0	0	0	0	0	0	0	0
SRR31465459	54342	0	0	0	0	0	0	0	0	0	0	0	0	0	1041	9921	0	0	0	0	0	0	0	0	0	0	0	0	1055	0	0	0	0	0	0	0	0	0	0	0	0	0	0	0	0	0	0	6390	0	0	0	0	0	0	0	0	0	0	0	0	0	0	0	0	0	0	754	0	690	0	0	0	1971	0	0	0	0	0	0	0	0	0	0	0	0	0	0	0	0	0	0	0	0	0	0	0	0	0	0	0	0	0	0	0	120	0	0	0	0	0	1866	0	0	0	0	1365	0	0	0	0	0	0	0	0	0	0	0	0	0	0	0	0	2269	0	0	0	0	0	0	0	0	0	0	0	0	0	0	0	0	0	0	0	0	0	0	0	0	0	0	0	0	0	0	0	0	0	0	0	0	0	0	0	0	0	0	0	0	0	0	0	0	0	0	0	0	0	0	0	0	0	0	0	0	0	0	0	0	0	0	0	0	0	0	0	0	0	0	0	0	34	0	0	0	0	561	0	0	0	0	0	0	0	0	0	0	0	0	0	0	0	0	0	0	0	0	0	0	0	0	156	0	0	0	0	0	0	0	0	0	0	0	0	0	0	0	0	0	0	0	0	0	561	0	0	0	0	0	0	0	0	0	0	0	0	0	0	0	0	0	0	0	0	3814	0	0	0	0	0	0	0	0	0	0	0	0	0	0	0	0	0	0	0	0	0	1317	0	0	0	25	0	0	0	0	1373	0	0	0	1253	0	0	0	0	0	0	0	0	0	0	0	0	0	0	0	0	0	0	0	0	0	0	0	0	0	0	0	0	0	0	0	13264	0	0	0	2162	0	0	0	0	0	0	0	0	0	0	0	0	0	0	0	0	0	0	0	0	0	0	0	0	0	0	0	2380	0	0	0	0	0	0	0	0	0	0	0
SRR31465460	53790	0	0	0	0	0	0	0	0	0	0	1	0	0	0	3345	0	0	0	0	0	0	0	0	0	0	0	0	0	0	0	0	0	0	0	0	0	0	0	0	0	0	0	0	0	0	0	6224	0	0	0	0	0	0	0	0	0	0	0	0	0	0	0	0	0	0	0	0	2603	0	0	0	0	0	0	0	0	0	0	0	0	0	0	0	0	0	0	0	0	0	0	0	0	0	0	0	0	0	0	0	0	0	0	5793	0	0	0	0	0	4202	1226	0	0	0	0	657	0	0	0	0	0	0	0	0	0	0	0	0	0	0	0	0	4319	0	0	0	0	0	0	0	0	0	0	0	0	0	1	0	0	0	0	0	0	0	0	0	0	0	0	0	0	0	0	0	0	0	0	0	0	0	0	0	0	0	0	0	0	0	0	0	0	0	0	0	0	0	0	0	0	0	0	0	0	0	0	0	0	0	0	0	0	0	0	0	0	0	0	0	0	0	0	0	0	0	0	0	0	0	0	0	0	0	0	0	0	0	0	0	0	0	0	0	0	0	0	0	0	0	0	0	0	0	1231	0	0	0	0	0	0	0	0	0	0	0	0	0	0	0	0	0	0	0	0	0	0	0	0	0	0	0	0	0	0	0	0	0	0	0	0	0	0	0	0	0	0	0	0	0	0	3329	0	0	0	0	0	0	1313	0	0	0	0	0	0	0	0	0	0	0	17	0	0	0	0	0	0	0	0	0	0	0	0	0	0	0	0	0	0	0	0	8	0	0	0	0	0	0	0	0	0	0	0	0	0	0	0	0	0	0	0	14635	0	1583	0	2980	0	0	0	0	0	0	0	0	0	0	0	0	0	0	0	0	0	0	0	0	0	0	0	0	0	0	0	323	0	0	0	0	0	0	0	0	0	0	0
SRR31465471	46575	0	0	0	0	0	0	0	0	0	0	0	0	0	739	3323	0	0	0	0	0	0	0	0	0	0	0	0	0	0	0	0	0	0	0	0	0	0	0	0	1098	0	0	0	0	0	0	4605	0	0	0	0	0	0	0	0	0	0	0	0	0	0	0	0	0	0	1735	0	1117	0	0	0	0	0	0	0	0	0	0	0	0	0	0	0	0	0	0	0	0	0	0	0	0	0	0	0	0	0	0	0	0	0	0	0	68	0	0	0	0	0	165	0	0	0	0	0	0	0	0	0	0	0	0	0	0	0	0	0	0	0	0	0	3252	0	0	0	0	0	0	0	0	0	0	0	0	0	0	0	0	0	2220	0	0	0	0	0	0	0	0	0	0	0	0	0	0	0	0	0	0	0	0	0	0	0	0	0	0	0	0	0	0	0	0	0	0	0	0	0	0	0	0	0	0	0	0	0	0	0	0	0	0	0	0	0	0	0	0	0	0	0	0	0	0	0	0	0	0	0	0	0	0	0	0	0	0	0	0	0	0	0	0	0	0	0	0	0	0	0	0	0	311	0	0	0	0	0	0	0	0	0	0	0	0	0	0	0	0	0	0	0	0	0	0	0	0	0	0	0	0	0	0	0	0	0	0	0	0	0	0	0	0	0	0	0	0	0	0	0	0	2505	0	0	0	0	0	0	660	0	0	0	0	0	1301	0	0	0	0	0	8	0	0	0	0	0	0	0	0	0	0	0	0	0	0	0	0	0	0	0	0	0	0	0	0	0	0	0	0	0	0	0	0	0	0	0	0	0	0	0	0	6969	0	1479	0	2754	0	0	0	0	0	0	0	0	0	0	0	0	0	0	0	0	0	435	0	0	0	0	0	0	0	0	0	11831	0	0	0	0	0	0	0	0	0	0	0
SRR31465474	40818	0	0	0	0	0	0	0	0	0	0	0	0	0	0	6984	0	0	0	0	0	0	0	0	0	0	0	0	0	0	0	0	0	0	0	0	0	0	0	0	0	0	0	0	0	0	0	3984	0	0	0	0	0	0	0	0	0	0	0	0	0	0	0	0	0	0	0	0	0	0	0	0	273	0	0	0	0	0	0	0	0	0	0	0	0	0	0	0	0	0	0	0	0	0	0	0	0	0	0	0	0	0	0	0	1732	0	0	0	0	1490	407	0	0	0	0	0	0	0	0	0	0	0	0	0	0	0	0	0	0	0	0	0	3443	0	0	0	0	0	0	0	0	0	0	0	0	0	0	0	0	0	0	0	0	0	0	0	0	0	0	0	0	0	0	0	0	0	0	0	0	0	0	0	0	0	0	0	0	0	0	0	0	0	0	0	0	0	0	0	0	0	0	0	0	0	0	0	0	0	0	0	0	0	0	0	0	0	0	0	0	0	0	0	0	0	0	0	0	0	0	0	0	0	0	0	0	0	0	0	0	0	0	0	0	0	0	0	0	0	0	0	228	0	0	0	0	0	0	0	0	0	0	0	0	0	0	0	0	0	0	0	0	0	0	0	0	0	0	0	0	0	0	0	0	0	0	0	0	0	0	0	0	0	379	0	0	0	0	0	0	2577	0	0	0	0	0	0	0	0	0	0	0	0	1448	0	0	0	0	0	4	0	0	0	0	0	0	0	0	0	0	0	0	0	0	0	0	0	0	0	0	0	0	0	0	0	0	0	0	0	0	0	0	0	0	0	0	0	0	0	0	11511	0	0	0	3432	2175	0	0	0	0	0	0	0	0	0	0	0	0	0	0	0	0	0	0	0	0	0	0	0	0	0	0	751	0	0	0	0	0	0	0	0	0	0	0
SRR31465484	38564	0	16	9	6	9	0	55	22	79	169	0	0	0	0	0	0	0	0	0	242	0	0	0	0	0	51	9	0	0	4402	0	2467	0	0	0	0	0	0	845	0	10	0	2358	9	0	0	0	0	0	0	0	0	0	0	0	0	0	4907	343	0	0	373	194	0	446	0	0	0	0	0	0	0	0	0	0	0	0	15	0	0	0	14	0	0	0	0	0	0	2817	0	0	443	0	0	19	0	113	1191	0	0	21	0	395	0	0	0	0	0	0	0	0	19	0	0	0	0	0	0	0	0	253	34	0	37	0	0	0	193	0	0	169	111	33	0	37	0	0	367	0	14	0	0	192	0	0	0	0	0	0	0	0	0	30	0	0	65	53	0	0	0	25	0	177	0	0	0	0	20	0	0	0	0	0	0	0	0	1	0	4	0	7	0	0	19	42	0	0	0	0	0	55	0	0	0	0	28	0	0	0	0	0	10	0	7	0	0	0	0	0	0	0	0	0	0	0	0	0	0	0	0	0	0	9	0	557	0	0	76	0	0	167	0	0	0	0	0	0	0	0	0	0	0	0	0	0	0	0	0	0	0	0	0	0	0	251	0	0	0	0	0	0	653	0	0	0	0	0	0	73	0	0	0	77	12	0	0	0	235	0	0	298	0	0	81	0	0	0	0	3	6	0	0	0	0	0	0	3	0	0	0	0	0	0	0	0	0	0	0	0	0	0	0	0	0	0	0	0	0	0	0	0	0	0	958	7	0	0	0	0	170	3288	140	0	0	0	0	0	0	0	21	0	0	0	0	0	0	0	0	1	0	0	0	0	0	42	0	0	0	0	0	0	0	14	0	0	0	0	0	0	0	0	0	0	196	0	0	161	21	0	14	6979	0	0	0	0	0	0	0	0	0	0	0
SRR31465488	41664	0	0	0	1	0	0	0	0	0	15	0	0	111	0	2	0	0	0	0	25	0	0	0	0	0	9	0	0	0	6	0	71	0	0	0	0	0	0	17	2117	0	0	0	0	0	0	0	0	0	0	0	0	0	51	0	0	0	1439	58	0	54	16	57	0	204	0	0	0	230	0	0	0	0	0	0	0	18	0	0	128	0	0	0	0	0	0	0	0	45	0	0	0	0	0	0	0	11	37	0	0	0	0	213	1110	26	0	0	0	0	0	0	0	0	0	0	0	42	300	0	0	53	0	0	48	0	0	0	8	1	432	15	13982	0	0	0	308	89	110	0	6	0	0	18	0	0	62	0	1173	0	1417	0	0	0	0	0	0	18	725	0	0	0	42	121	0	7	0	0	0	0	0	0	0	0	0	0	30	1077	2	0	0	0	0	0	0	0	0	0	0	0	0	0	0	0	0	0	4	0	3	36	0	0	7	0	7	0	6	0	0	18	0	0	0	0	0	0	0	0	0	0	0	0	0	0	0	592	0	0	0	0	0	4	0	0	0	0	0	0	0	0	0	0	0	8	0	32	0	8	0	0	24	0	191	0	0	16	7	0	0	0	0	0	0	0	0	0	0	0	0	8	0	0	0	2	0	0	0	0	0	0	0	49	0	0	0	0	0	0	143	3241	406	0	0	0	0	0	1737	870	0	40	0	0	0	0	0	175	0	0	0	0	0	0	0	0	0	0	0	0	0	0	0	0	14	0	24	25	0	0	0	0	0	14	146	170	0	0	0	0	2527	42	0	0	0	0	0	1	0	0	331	0	0	0	0	0	0	3746	0	0	0	13	25	0	0	0	5	0	0	0	0	238	0	0	0	0	60	0	0	12	0	0	0	353	74	0	0	0	0	0	53	0	0	0	0
SRR31465489	43019	0	0	0	5	0	0	0	0	0	829	21	0	0	0	0	0	0	0	22	19	0	0	0	0	0	423	133	0	0	531	0	82	0	0	0	0	0	0	921	1312	0	7	512	115	0	0	0	0	0	32	0	0	0	7	0	0	0	6362	404	0	0	839	150	0	3933	0	0	0	0	0	0	1	0	59	324	0	0	0	0	261	0	0	0	0	0	0	0	0	0	0	0	0	0	0	18	0	86	509	0	0	0	10	782	52	0	0	0	0	0	0	0	0	0	0	0	0	0	219	0	0	425	0	53	13	0	0	0	72	60	0	74	239	0	0	458	292	64	3751	0	32	0	0	9	0	0	3	0	281	0	1740	0	0	33	0	0	49	490	44	0	0	0	0	1516	0	36	0	0	0	0	0	0	0	0	0	0	0	207	0	1	0	0	0	0	18	25	0	0	0	0	0	0	0	0	0	0	262	111	47	0	0	379	96	273	7	0	5	0	2	30	0	0	0	0	0	0	0	0	0	0	0	0	0	0	0	536	0	0	0	0	0	0	0	0	0	0	0	0	0	0	0	0	0	0	0	58	0	33	16	0	0	0	1001	0	0	29	63	0	0	0	0	0	0	0	0	0	0	0	0	75	0	0	0	41	16	0	0	0	0	0	0	205	0	0	0	0	0	0	59	4897	0	0	0	0	0	0	380	86	0	0	0	0	0	0	0	0	0	0	0	0	0	0	0	0	0	0	0	0	0	0	0	0	0	0	158	931	0	0	0	0	0	1578	5	141	0	0	0	0	162	0	26	0	0	0	7	4	0	0	0	0	0	0	0	20	0	1059	0	0	0	0	0	0	0	0	0	0	28	0	0	0	0	0	0	65	0	82	0	0	0	0	9	1001	54	0	0	0	0	0	17	0	0	0	0
SRR31465492	54820	0	0	0	0	0	0	2	0	0	0	33	0	0	0	0	0	0	0	0	29	0	0	0	0	0	19	0	0	0	0	0	239	0	0	0	0	0	0	32	5498	0	0	87	0	0	0	0	0	0	0	0	0	0	0	0	0	0	2140	0	0	0	0	0	0	259	0	0	0	0	0	0	0	0	0	0	56	0	0	0	0	0	0	0	0	0	0	0	0	28	0	0	0	0	0	8	0	156	39	0	0	0	20	2	863	0	0	0	0	0	40	0	0	0	0	299	0	0	137	0	0	201	0	0	0	0	0	0	65	0	0	5	4	0	0	23	0	0	162	0	24	0	0	9	0	0	0	0	0	0	20718	0	0	48	0	0	1	30	0	0	0	0	0	61	0	0	0	0	0	0	283	0	0	0	0	0	0	0	0	0	0	0	0	0	18	16	0	0	0	0	0	0	0	0	0	0	63	0	0	0	0	15	0	14	0	0	0	0	0	1007	0	0	0	0	0	0	0	0	0	0	0	0	0	0	0	85	0	0	0	0	0	0	0	0	0	0	0	0	0	0	0	0	0	0	0	26	0	7	0	0	0	0	0	0	0	56	0	0	0	0	0	0	3	0	0	0	0	0	0	0	0	0	0	42	3	0	0	0	0	0	0	179	0	0	0	0	0	0	0	17235	0	110	0	0	0	0	1984	0	0	0	0	0	0	0	0	0	0	0	0	0	0	0	0	0	0	0	0	0	0	0	0	0	0	0	7	12	0	0	0	0	0	11	0	0	0	0	0	0	0	0	13	0	0	0	0	0	0	0	0	0	0	0	0	176	0	295	0	0	0	0	580	0	0	0	0	0	10	0	0	0	0	0	0	0	0	0	0	11	0	0	0	264	67	0	86	0	0	0	0	0	805	0	0
SRR31465493	50506	0	0	1	16	42	2122	0	0	0	0	21	0	1582	0	0	0	0	0	36	19	0	0	0	0	0	172	109	0	0	0	0	77	0	44	0	0	0	0	470	1067	0	13	323	0	0	0	0	0	0	0	0	0	0	115	0	0	0	3444	168	0	134	549	70	0	2550	0	0	0	0	0	0	0	184	18	0	0	0	0	0	713	0	0	0	0	0	0	0	0	14	0	0	0	0	0	2	0	90	349	0	0	0	0	0	15	0	0	0	0	0	0	0	0	0	0	0	0	0	386	0	0	171	0	0	1	0	0	0	86	0	0	31	580	0	0	0	153	0	2223	21	17	0	0	10	21	0	292	0	3812	0	2510	0	0	11	0	0	5	122	757	0	0	0	0	14	0	0	0	0	0	0	237	0	0	0	0	0	42	2289	0	0	0	0	0	0	7	12	0	0	47	0	0	0	0	0	0	0	45	7	0	0	0	106	146	15	8	0	0	0	0	22	0	0	0	0	0	0	0	0	0	0	0	0	0	0	0	187	0	157	0	0	0	6	2	0	0	0	0	0	0	0	0	0	0	0	0	200	0	31	7	0	13	0	159	0	0	8	0	0	0	0	0	0	84	0	0	0	0	0	0	65	0	0	0	16	13	0	0	0	0	0	0	590	0	59	111	6	0	0	0	2185	1920	459	0	0	0	0	880	5423	785	364	0	0	0	0	0	0	0	0	0	0	0	0	0	0	12	0	0	0	0	0	0	0	0	0	0	398	0	0	0	0	0	1962	0	433	0	0	0	0	684	0	0	0	0	0	0	0	0	0	0	0	0	0	0	0	0	2711	0	0	0	53	440	0	0	0	0	0	0	0	0	0	0	0	0	0	43	0	0	0	0	0	0	1260	45	0	0	0	0	0	0	0	0	0	0
SRR31465497	58684	28	59	0	0	14	0	13	104	8	17	0	0	0	0	0	0	0	0	0	29	0	0	0	0	0	6	19	0	0	23	0	584	0	0	0	0	0	0	159	766	0	0	48	0	0	0	0	0	0	0	0	0	0	26	0	0	0	6573	95	0	0	0	48	0	1367	0	0	0	0	0	0	0	0	95	2	203	20	0	0	179	0	0	0	0	0	0	0	0	700	0	0	0	0	0	282	0	27	126	0	0	0	0	310	6	0	0	0	0	0	0	0	0	0	0	0	0	0	96	0	0	59	0	10	14	0	0	2	23	873	0	0	30106	0	0	169	712	0	958	0	11	0	0	162	21	0	209	0	1707	0	1287	0	0	0	0	0	0	37	0	14	0	0	0	369	0	0	0	0	0	0	0	0	0	0	0	10	0	98	0	0	0	0	0	0	47	120	0	0	2	0	0	0	0	0	0	0	45	38	27	0	0	140	52	29	0	0	0	0	0	29	0	0	0	0	0	0	0	0	0	0	0	69	0	0	0	183	0	0	0	0	0	31	0	0	0	0	0	0	0	0	0	0	0	0	0	0	0	0	128	0	0	0	13	0	0	131	0	0	0	0	0	0	114	0	0	0	0	0	0	62	0	0	21	8	0	0	0	0	0	0	0	320	1	38	428	0	0	0	6	1425	0	0	0	0	0	0	551	1929	0	0	0	0	0	0	0	0	0	0	0	0	0	0	0	0	12	0	0	0	0	0	0	0	0	0	176	98	0	0	0	0	0	169	0	313	0	0	0	0	0	0	0	0	0	0	0	0	0	0	0	0	0	0	0	106	0	0	0	0	0	0	0	0	0	6	0	0	0	0	23	0	0	0	11	0	749	71	0	90	0	4	6	1817	163	0	0	0	0	0	0	0	0	0	0
SRR31465498	54329	0	11	0	15	0	0	0	5	0	0	439	0	0	0	0	0	0	0	16	24	0	0	0	0	0	514	45	0	0	0	0	205	0	0	0	0	0	0	83	3389	0	0	21	105	0	0	0	0	0	0	0	0	0	0	0	0	0	13055	306	0	0	30	293	0	631	0	0	0	0	0	0	0	0	0	0	0	0	0	0	371	2	0	0	0	0	0	0	0	0	0	0	0	0	0	23	0	323	0	0	0	0	18	150	991	0	0	0	0	0	0	0	0	0	0	0	0	0	358	0	0	374	0	264	0	0	0	0	466	1749	0	32	14380	0	0	13	0	0	878	29	6	0	0	0	0	0	0	0	0	0	2409	0	0	140	0	286	0	93	94	0	0	0	0	119	0	0	0	0	0	0	0	0	0	0	0	0	0	0	0	27	0	0	0	0	150	29	0	0	0	0	0	0	0	0	0	0	85	0	0	0	0	8	3	79	42	0	0	0	0	246	0	0	0	0	0	0	0	0	0	0	0	11	0	1	0	1067	0	0	0	0	0	0	0	0	0	0	0	0	0	0	0	0	0	0	0	0	0	0	0	0	0	0	0	0	0	0	22	0	0	0	0	0	0	0	0	0	0	0	0	384	0	0	0	127	7	0	0	0	0	0	0	564	0	0	13	0	0	0	0	3196	0	0	0	0	0	0	365	0	0	0	0	0	0	0	0	0	0	0	0	0	0	0	0	0	0	0	0	0	0	0	0	0	0	0	116	120	0	0	0	0	0	295	26	18	0	0	0	0	0	0	10	0	0	0	0	0	0	0	0	0	0	0	0	14	0	1470	0	0	0	0	2087	0	0	0	0	0	0	0	0	0	0	0	24	0	0	0	0	0	0	0	0	968	0	0	0	0	0	0	0	0	0	0	0
SRR31465500	51230	0	21	0	10	0	0	0	0	0	0	12	0	2679	0	0	0	0	0	0	1	0	0	0	0	0	57	8	0	0	922	0	763	0	27	0	0	0	0	42	4648	0	0	10	0	0	0	0	0	0	0	0	0	0	58	0	0	0	1016	33	0	0	37	62	0	291	0	0	0	1	0	0	0	0	64	0	172	0	0	0	3066	0	0	0	0	0	0	0	0	30	0	0	0	40	0	3	0	24	313	0	0	0	0	157	1030	103	0	0	0	0	0	0	0	0	0	0	0	159	812	0	0	22	0	10	19	0	0	0	26	19	0	0	447	0	0	248	377	35	0	0	27	0	0	4	0	0	365	0	2572	0	9733	0	0	16	0	0	0	0	0	0	0	0	0	0	0	0	0	0	0	0	0	0	0	0	0	0	18	1147	0	138	0	0	0	0	0	0	0	235	0	0	0	0	0	0	0	0	4	0	0	0	0	0	0	0	58	0	0	2	0	1011	0	0	0	0	0	0	0	0	0	0	0	0	0	0	0	64	0	217	0	0	0	0	0	0	0	0	0	0	0	0	0	0	0	0	0	259	0	93	0	0	122	0	22	0	9	0	74	0	0	0	0	0	46	0	0	0	0	0	0	78	0	0	0	51	0	0	0	0	5	0	0	204	0	0	0	0	0	0	128	8167	0	159	0	0	0	0	622	5012	0	317	0	0	0	0	0	0	0	0	0	0	0	0	0	0	128	0	0	0	0	0	0	0	54	10	17	0	0	0	0	0	0	0	11	450	0	0	0	0	0	0	0	0	0	0	0	0	0	0	0	0	0	0	0	83	0	0	0	0	10	83	562	0	0	0	0	0	0	0	61	0	0	0	4	0	136	0	0	0	0	0	4	595	140	0	0	0	0	0	29	0	0	0	0
SRR31465502	46159	0	8	0	4	0	0	0	25	0	0	353	0	0	0	0	0	0	0	0	92	0	0	0	0	0	412	16	0	0	89	0	126	0	0	0	0	0	0	124	1467	0	0	108	13	0	0	0	0	0	0	0	0	0	0	0	0	0	2908	316	0	0	187	0	0	1753	0	0	0	0	0	0	0	0	0	34	169	0	0	0	43	4	0	9	0	0	0	0	0	24	0	0	0	0	0	6	0	61	316	0	0	0	0	0	83	3	0	0	0	0	0	0	0	0	0	0	0	0	130	0	0	0	7	22	36	0	0	0	829	1278	0	0	22957	10	0	268	24	0	0	0	0	0	0	44	0	0	54	0	345	0	1755	0	0	0	0	0	75	0	0	0	0	0	0	1395	0	0	0	0	0	0	0	0	0	0	0	0	6	62	0	0	0	0	0	0	9	0	0	0	0	0	0	0	0	0	0	0	5	70	0	0	0	0	87	0	17	0	159	0	0	26	0	0	0	0	0	0	0	0	0	0	0	0	0	19	0	381	0	0	0	0	0	0	0	0	0	0	0	0	0	0	0	0	0	0	0	6	0	7	21	0	0	0	14	0	0	44	19	0	0	0	0	0	24	0	0	0	0	0	0	79	0	0	0	3	0	0	0	0	0	0	0	1311	0	0	0	0	0	0	27	1593	804	0	0	0	0	0	273	234	0	0	0	0	0	0	0	0	0	0	0	0	0	0	0	0	0	0	0	0	0	0	0	0	0	0	4	0	0	0	0	0	0	350	0	96	0	0	0	0	38	0	335	0	0	0	0	45	0	0	0	0	0	0	0	147	0	0	0	0	85	0	992	0	0	0	0	0	217	0	0	0	0	0	0	0	0	0	0	2	0	36	0	513	7	0	0	0	0	0	0	0	10	0	0
