run	g__Acrocalymma	g__Alboefibula	g__Allium	g__Alternaria	g__Antrodiella	g__Arabidopsis	g__Arthrocatena	g__Aspergillus	g__Athelia	g__Aureobasidium	g__Auriporia	g__Basidiodendron	g__Bezerromyces	g__Blastobotrys	g__Brassica	g__Brevicellicium	g__Bullera	g__Butyrea	g__Calyptrozyma	g__Camptophora	g__Candida	g__Candolleomyces	g__Ceraceosorus	g__Ceratobasidiaceae_gen_Incertae_sedis	g__Cercozoa_gen_Incertae_sedis	g__Ceriporiopsis	g__Chaetasbolisia	g__Chlorococcum	g__Choanephora	g__Ciboria	g__Cladosporium	g__Clitopilus	g__Conidiobolus	g__Coniothyrium	g__Coprinellus	g__Coprinopsis	g__Coronicium	g__Cryptococcus	g__Cucurbita	g__Cucurbitaceae_gen_Incertae_sedis	g__Curvularia	g__Cutaneotrichosporon	g__Cystobasidiomycetes_gen_Incertae_sedis	g__Cystobasidium	g__Cystofilobasidium	g__Daucus	g__Debaryomyces	g__Debaryomycetaceae_gen_Incertae_sedis	g__Diaporthe	g__Didymella	g__Didymocyrtis	g__Dioszegia	g__Dysphania	g__Ectophoma	g__Efibulobasidium	g__Eichleriella	g__Eidernor	g__Elmerina	g__Elymus	g__Emericellopsis	g__Enterocarpus	g__Epicoccum	g__Eremothecium	g__Erythrobasidium	g__Exidia	g__Exobasidium	g__Exophiala	g__Filobasidium	g__Fomitopsis	g__Fusarium	g__Fuscoporia	g__Ganoderma	g__Gloeophyllum	g__Glycine	g__GS13_gen_Incertae_sedis	g__Gymnopus	g__Hannaella	g__Hansfordia	g__Hericiaceae_gen_Incertae_sedis	g__Holtermannia	g__Hormonema	g__Humicola	g__Hydrangea	g__Hyphoderma	g__Hyphodermataceae_gen_Incertae_sedis	g__Hyphodontia	g__Hypochnicium	g__Indigofera	g__Irpex	g__Irpicaceae_gen_Incertae_sedis	g__Jumillera	g__Kazachstania	g__Knufia	g__Kurtzmaniella	g__Lasiobolidium	g__Lasiobolus	g__Lentinula	g__Lentitheciaceae_gen_Incertae_sedis	g__Lenzites	g__Leptospora	g__Leucosporidium	g__Limtongozyma	g__Linnemannia	g__Lophiostoma	g__Malassezia	g__Maudiozyma	g__Meiorganum	g__Melampsora	g__Meyerozyma	g__Moesziomyces	g__Mortierella	g__Morus	g__Mrakia	g__Mucor	g__Mucronella	g__Musa	g__Mycoaciella	g__Myxarium	g__Naganishia	g__Neoascochyta	g__Neocucurbitaria	g__Neosetophoma	g__Neurospora	g__Nigrograna	g__Nigroporus	g__Nigrospora	g__Nothophoma	g__Odontoefibula	g__Oligophagozyma	g__Oliveonia	g__Omphalotaceae_gen_Incertae_sedis	g__Ophiognomonia	g__Ophiosphaerella	g__Panellus	g__Papiliotrema	g__Paraphoma	g__Parasarocladium	g__Penicillium	g__Peniophora	g__Peniophorella	g__Perenniporia	g__Periconia	g__Peziza	g__Phaeococcomyces	g__Phaeosphaeria	g__Phallus	g__Phanerochaete	g__Phlebia	g__Phlebiopsis	g__Physisporinus	g__Pichia	g__Plantago	g__Pleurotaceae_gen_Incertae_sedis	g__Pleurotus	g__Pluteus	g__Porostereum	g__Prunus	g__Pseudomicrostroma	g__Pseudopithomyces	g__Puccinia	g__Purpureodiscus	g__Pyxidiophora	g__Raphanus	g__Resinicium	g__Resupinatus	g__Retiarius	g__Rhizochaete	g__Rhizoctonia	g__Rhizopus	g__Rhodosporidiobolus	g__Rhodotorula	g__Rigidoporus	g__Russula	g__Saccharomyces	g__Sampaiozyma	g__Schizophyllum	g__Schwanniomyces	g__Scleroconidioma	g__Scopuloides	g__Septobasidium	g__Septoriella	g__Sertulicium	g__Sistotrema	g__Sistotremastrum	g__Skvortzovia	g__Solanum	g__Sporobolomyces	g__Stagonosporopsis	g__Starmera	g__Stemphylium	g__Stereaceae_gen_Incertae_sedis	g__Stereum	g__Streblotrichum	g__Strelitziana	g__Styphnolobium	g__Subulicystidium	g__Suillus	g__Symmetrospora	g__Tamamschjanella	g__Taphrina	g__Tausonia	g__Teichospora	g__Tilletia	g__Tilletiopsis	g__Torula	g__Toxicocladosporium	g__Trametes	g__Trechispora	g__Trichomerium	g__Trichomonascus	g__Trichosporon	g__Triticum	g__Tulasnella	g__Udeniomyces	g__Ustilaginales_gen_Incertae_sedis	g__Ustilaginoidea	g__Uwebraunia	g__Vishniacozyma	g__Waitea	g__Wallemia	g__Wickerhamomyces	g__Xenasmatella	g__Xenopyrenochaetopsis	g__Xeromyces	g__Xylodon	g__Zygoascus	g__Zygosaccharomyces	Unassigned
SRR11426356	0	0	0	0.352216025829175	0	0	0	0	0	0	0	0	0	0	0	0	0	0	0	0	0	0	0	0	0.645729380686821	0	0	0.322864690343411	0	0	2.05459348400352	0	0	0	0.322864690343411	0	0	0	0	0	0	0	0	0	0	0	0	0.440270032286469	0	0	0	0	0	0	0	0	0	0	0	0	0.440270032286469	0.440270032286469	0	0	0	0	0	0	0	0	0	0	0	0	0	0	0	0	0	0	0	0	0	0	0	0	0	0	0	0	0	0	0	0	0.410918696800704	2.02524214851776	0	0	0	0	0	0	0	0	84.0622248312298	0	0	0	0	0	0.264162019371881	0	0	2.61226885823305	0	0	0	0	0.939242735544467	0	0	0	0.528324038743763	0	0	0	0	0	0.205459348400352	0	0	0	0	0	0	0	0	0	0	0	0.117405341943058	0	0	0	0	0	0	0	0	0	0	0	0	0	0	0.352216025829175	0	0	0	0	0	0	0.38156736131494	0	0	0	0	0	0	0	1.35016143234517	0	0	0.352216025829175	0	0	0	0	0	0	0	0	0	0	0	0	0	0	0	0	0	0	0.557675374229527	0	0	0	0	0	0	0	0	0	0	0	0	0	0	0	0	0	0	0	0	0	0	0	0	0	0	0	0	0	0	0	0	0	0	0.821837393601409
SRR11426369	0	0	0	0	0	0.402221796590691	0	0	0	0	0	0	0	0	0	0	0	0	0	0	1.81957479410075	0	0	0	0	0	0	0	0	0	0.612909404328673	0	0	0	0	0	0	0	0.344761539934878	0.55544914767286	0	0	0	1.70465428078912	0	0.325608121049607	0.153227351082168	0	0	0	0	0	0	0	0	0	0	0	0	0	0.517142309902318	0	0	0	0	0	1.16835855200153	0.478835472131776	0	0	0	0	0	0	0	0	0	0	0	0	0	0	0	0	0	0	0.0957670944263551	0	0	0	0	0.172380769967439	4.098831641448	0	0	0.19153418885271	0	0	0	0	0	0	0	0	73.5491285194407	0	0	0	0.287301283279065	0	0	0	0	0	0	0	0	0	2.35587052288834	0	0	0	0.517142309902318	0	0	0.268147864393794	0	0	0	0	0	0	0	0	0.497988891017047	0.0766136755410841	0	0	0	0	0	0.344761539934878	0	0	0	0	0	0	0	0	0	0	0	0.440528634361234	0	0	2.31756368511779	0.0766136755410841	0	0	0	0	0	0	0	0	0	0	0	0	3.40930856157824	0	0	0.134073932196897	0	0.229841026623252	0	0	0	0	0	0	0	0	0	1.24497222754262	0	0.344761539934878	0	0	0	0	0	0	0	0	0	0	0	0	0.38306837770542	0	0	0	0	0	0	0	0	0	0	0	0	0	0	0	0.153227351082168	0.019153418885271	0	0	0	0	0	0	0	0	0.0574602566558131	0.651216242099215
SRR11426371	0	0	0.0337929170045958	0	0	0	0	0	0	0	0	0	0	0	0.0743444174101108	0	0	0	0	0	0	0	0	0	0.756961340902947	0	0	0	0	0	0.385239253852393	0	0	0	0	0	0	0	0	0	0	0	0	0.0337929170045958	0	0	0	0.446066504460665	0	0	0	0	0	0	0	0	0	0	0	0	0.101378751013788	0	0	0	0	0	0.0135171668018383	0	0	0.385239253852393	0	0	0	0	0	0	0	0	0	0	0	0	0	0	0	0	0	0	0	0	0	0	0	0	0	0.804271424709381	0.0337929170045958	0	0	0	0	0	0	0	92.1668018383347	0	0	0	0	0	0.385239253852393	0	0	1.12192484455258	0	0	0	0	0	0	0	0	0.391997837253312	0	0	0	0	0	0	0	0	0	0	0	0	0	0	0.351446336847797	0.277101919437686	0	0	0.0337929170045958	0	0	0	0	0	0	0	0	0	0	0	0	0	0.0946201676128683	0	0.0608272506082725	0	0	0	0	0.0946201676128683	0	0	0	0	0	0	0	0.865098675317653	0	0	0.371722087050554	0	0	0	0	0	0	0	0	0	0	0	0	0	0.182481751824818	0	0	0	0	0	0	0	0	0	0	0	0	0	0	0	0	0	0	0	0	0	0	0	0	0	0	0	0	0	0	0	0	0	0	0	0	0	0	0	0.533928088672614
SRR11426372	0	0	0.219446320054018	0.101282916948008	0	0.118163403106009	0	0.25320729237002	0	0	0	0	0	0	0	0	0.0506414584740041	0	0	0	13.7407157326131	0	0	0	0.25320729237002	0	0	0	0	0	0.303848750844024	0	0	0	0	0	0	0	0	0.0675219446320054	0	0	0	0	0	0	0.506414584740041	0.979068197164078	0	0	0	0	0	0	0	0	0	0	0	0	0.320729237002026	0	0	0	0	0	0	0.202565833896016	0	0	0	0	0	0	0	0	0	0	0	0	0	0	0	0	0	0	0	0	0	0	0	1.72180958811614	0	0	0.354490209318028	1.43484132343011	0	0	0	0	0	0	0	0	66.6948008102633	0	0	0	0	0	0	0	5.0641458474004	1.68804861580014	0	0.759621877110061	0	0	0.759621877110061	0	0	0	0.99594868332208	0	0	0	0	0	0.0675219446320054	0	0	0	0	0	0	0	0	0.0844024307900068	0.202565833896016	0	0	0	0	0	0	0	0	0	0	0	0.62457798784605	0	0	0	0.118163403106009	0	0.101282916948008	0	0	0	0	0	0	0	0	0	0	0	0	0	1.2997974341661	0.0675219446320054	0	0.388251181634031	0	0	0	0	0	0	0	0.168804861580014	0	0	0	0	0	0	0	0	0	0	0	0	0	0	0	0	0	0	0	0	0	0	0	0	0	0	0	0	0	0	0	0	0	0	0	0	0	0	0	0	0	0	0	0	0	0.286968264686023
SRR11426373	0	0	0	0	0	0.344234079173838	0	0	0	0	0	0	0	0	0	0	0	0	0	0	0	0	0	0	1.60642570281124	0.286861732644865	0	0	0	0	0	0	0	0	0	0	0	0	0	0	0	0	0	0	0	0	0	1.83591508892714	0	0	0	0	0	0	0	0	0	0	0	0	0	0.344234079173838	0	0	0	0	0	0.114744693057946	0	1.26219162363741	0	0	0	0	0	0	0	0	0	0	0	0	0	0	0	0	0	0	0	0	0	0	0	0	0.745840504876649	1.4916810097533	0	0	0	0	0	0	0	0	77.7395295467585	0	0	0	0	0	0.516351118760757	0	0	1.95065978198508	0	0	0	0	1.14744693057946	0	0	0	0	0	0	0	0	0	0	0	0	0	0	0	0	0	0	0	0	0	0	0	0	0	0	0	0	0	0	0	0	0	0	0	0	0	0	0	0	0	0	0	1.4916810097533	0	0	0	0	0	0	0	5.27825588066552	0	0	0.401606425702811	0	0	0	0	0	0	0	0	0	0	0	0	0	0.745840504876649	0	0	0	0	0	0	0	0	0	0	0	0	0	0	0	0	0	0	0	0	0	0	0	0	0	0	0	1.26219162363741	0	0	0	0	0	0	0	0	0	0	0	1.43430866322433
SRR11426374	0	0	0	0	0	0	0	0	0	0	0	0	0	0	0	0	0	0	0	0	0.611413043478261	0	0	0	0.407608695652174	0	0	0	0	0	0.679347826086957	0	0	0	0	0	0	0	0	0	0	0.203804347826087	0	0	0	0	0	1.97010869565217	0	0	0	0	0	0	0	0	0	0	0	0	0.951086956521739	0	0	0	0	0	0	0.0679347826086956	0	0	0	0	0	0	0	0	0	0	0	0	0	0	0	0	0	0	0	0	0.47554347826087	0	0	0	0	0	0	1.90217391304348	0	0	0	0	0	0	0	0	83.6277173913043	0	0	0	0	0	0.747282608695652	0	0	0.747282608695652	0	0	0	0	0.543478260869565	0	0	0	1.15489130434783	0	0	0	0	0	0	0	0	0	0	0	0	0	0	0.611413043478261	0	0	0	0	0	0	0	0	0	0	0	0	0	0	0	0	0	0	0	0	0	0	0	0	0.271739130434783	0	0	0	0	0	0	0	1.90217391304348	0	0	0	0	0	0	0	0	0	0	0.679347826086957	0	0	0	0	0.339673913043478	1.22282608695652	0	0	0	0	0	0	0	0	0	0	0	0	0	0	0	0	0	0	0	0	0	0.271739130434783	0	0	0	0	0	0	0	0	0	0	0	0	0	0	0	0	0	0.611413043478261
SRR11426377	0	0	0	0.102933607822954	0	0	0	0	0	0	0	0	0	0	0	0	0	0	0	0	0.0257334019557386	0	0	0	0	0	0	0	0	0	0.283067421513124	0	0	0	0	0	0	0	0	0	0.0257334019557386	0	0	0	0	0	0	0.18013381369017	0	0	0	0	0	0	0	0	0	0	0	0	0	0	0	0	0	0	0	0	0	0	0	0	0	0	0	0	0	0	0	0	0	0	0	0	0	0.0514668039114771	0	0	0.0772002058672157	0	0	0	0	0	0	0.154400411734431	0	0	0	0	0	0	0	0	97.2979927946474	0	0	0	0	0	0	0	0	0.36026762738034	0	0	0	0	0.0772002058672157	0	0	0	0.18013381369017	0	0	0	0	0	0	0	0	0	0	0	0	0	0	0.0257334019557386	0	0	0	0	0	0	0	0	0	0	0	0	0	0	0	0	0	0	0	0	0.257334019557385	0	0	0	0.102933607822954	0	0	0	0	0	0	0	0.334534225424601	0	0	0.205867215645908	0	0	0	0	0	0	0	0.257334019557385	0	0	0	0	0	0	0	0	0	0	0	0	0	0	0	0	0	0	0	0	0	0	0	0	0	0	0	0	0	0	0	0	0	0	0	0	0	0	0	0	0	0	0	0	0	0
SRR11426379	0	0	0	0	0	1.57109190887667	0	0	0	0	0	0	0	0	0	0	0	0	0	0	0.0785545954438335	0	0	0	0.864100549882168	0	0	0	0	0	0.942655145326002	0	0	0	0	0	0	0	0	0	0	0	0	0	0	0	0	2.98507462686567	0	0	0	0	0	0	0	0	0	0	0	0	0.864100549882168	0	0	0	0	0	0	0	0	0.628436763550668	0	0	0	0	0	0	0	0	0	0	0	0	0	0	0	0	0	0	0	0	0	0	0	0	0	2.67085624509034	0	0	0	0	0	0	0	0	76.5907305577376	0	0	0	0	0	0	0	0	5.26315789473684	0	0	0	0	2.1209740769835	0	0	0	0	0	0	0	0	0	0	0	0	0	0	0	0	0	0	0.549882168106834	0	0	0	0	0	0	0	0	0	0	0	0	0	0	0	0	0	0	0	0	0	0	0	0	1.25687352710134	0	0	0	0	0	0	0	1.49253731343284	0	0	0	0	0	0	0	0	0	0	0	0	0	0	0	0	0	0	0	0	0	0	0	0	0	0	0	0	0	0	0	0	0	0	0	0	0	0	0	0.314218381775334	0	0	0	0	0	0	0	0	0	0	0	0	0	0	0	0	1.80675569520817
SRR11426383	0	0	0	0	0	0.479881875230712	0	0.0843748352054	0	0.121288825607762	0	0.263671360016875	0.158202816010125	0	0	0	0	0	0	0.0791014080050625	0.02109370880135	0	0	0	0	0	0	0	0	0.0580076992037125	1.1390602752729	0	0	0	0	0	0	0.226757369614512	0	0	0	0	0	0	0	0	0.052734272003375	0.56953013763645	0	0	0	0	0	0	0	0	0	0	0	0	0.100195116806412	0	0	0	0	0	0	0.0421874176027	0.0843748352054	0	0	0	0.0685545536043875	0	0	0	0	0	0	0	0.1265622528081	0	0	0.02109370880135	0	0.116015398407425	0	0	0.163476243210462	0	0	0	0	0	0.5062490112324	0	0	0.110741971207087	0	0	0	0	0	0	89.437325317724	0	0	0	0	0	0.1687496704108	0	0	0.706639244845225	0	0	0.0843748352054	0	0.0158202816010125	0	0	0	0.258397932816538	0	0	0	0	0	0	0	0	0	0	0	0	0	0	0	0.100195116806412	0.643358118441175	0	0	0	0	0	0	0	0	0	0	0	0	0.073827980804725	0	0	0.247851078415862	0	0	0	0	0	0	0	0	0	0	0	0	0	0	1.97753520012656	0	0.0791014080050625	0	0	0.137109107208775	0	0	0	0	0	0	0	0.205663660813162	0	0	0	0.18984337921215	0	0	0	0.02109370880135	0	0	0	0	0	0	0	0	0	0	0	0	0	0	0	0	0	0.0474608448030375	0	0	0	0	0	0	0	0.0474608448030375	0	0	0	0	0.0263671360016875	0	0.06328112640405	0	0	0.875388915256025
SRR11426384	0	0	0	0.149458213974343	0	0.124548511645286	0	0	0	0.112093660480757	0	0	0	0	0	0	0	0	0	0	0.0996388093162287	0	0	0	0.2615518744551	0	0	0	0	0	0.560468302403786	0	0	0	0	0	0	0.112093660480757	0	0	0.0871839581517001	0.0249097023290572	0	0	0	0	0	0	0	0.124548511645286	0	0	0	0	0	0	0	0	0	0	0.361190683771329	2.90198032133516	0	0	0.112093660480757	0	0	1.84331797235023	0	0.311371279113215	0	0	0	0	0	0	0	0	0	0	0.224187320961515	0	0	0	0	0	0	0	0	0	0	0	0	0	0.759745921036244	0.323826130277743	0	0	0	0	0	0	0	0	39.9177979823141	0	0	0	0	0	0.734836218707187	0	0	0.610287707061901	0	0	0	0	3.26317100510649	0	0	0	0	0	0	0	0	0	0	0	0	0	0	0	0.1743679163034	0	0	0.423464939593972	0	0.0996388093162287	0.323826130277743	0	0	0	0	0	0	0	0.0996388093162287	0	0	0	0	0.0996388093162287	0	0	0	0	0	0	0	0	0	0	0.311371279113215	0	0	0	0	0	39.1455972101133	0	0	0.498194046581143	0	0.0373645534935858	0	0	0	0	0	0	0	0	0	0	0.0498194046581143	0	0	0	0	0.0747291069871715	0	0	0	0	0	0	0	0	0	0	0	0	0	0	0	0	0.186822767467929	0.137003362809814	0	0	0	0	0	0	0	0	0	0	0	0	0	0	0.124548511645286	0	0	5.19367293560842
SRR11426385	0	0	0.0652741514360313	0	0	0	0	0.587467362924282	0	0	0	0	0	0	0	0	0	0	0	0	0	0	0	0	0	0	0	0	0	0	0.522193211488251	0	0	0	0	0	0	0	0	0	0	0	0	0	0	0	0	0	0	0	0	0	0	0	0	0	0	0	0	0	0	0.456919060052219	0	0	0	0	0	0.97911227154047	0	0	0	0	0	0	0	0	0	0	0	0	0	0	0	0	0	0	0	0	0	0	0	0	0	0	1.76240208877285	1.69712793733681	0	0	0	0	0	0	0	0	81.7885117493473	0	0	0	0	0	0.718015665796345	0	0	1.89295039164491	0	0	0	0	0.718015665796345	0	0	0	0	0	0	0	0	0	0	0	0	0	0	0	0	0	0	0	0	0	0	0	0	0	0	0	0	0	0	0	0	0	0	0	0	0	0	0	0.97911227154047	0	0	0	0	0	0	0	0	0	0	0	3.78590078328982	0	0	0	0	0	0	0	0	0	0	0	0	0	0	0	0	0.391644908616188	0	0	0	0	0	0	0	0	0	0	0	0	0	0	0	0	0	0	0	0	0	0	0	0	0.195822454308094	0	0	0	0	0.130548302872063	0	0	0	0	0	0	0	0	0	3.3289817232376
SRR11426387	0	0	0.250868390582787	0	0	0	0	0	0	0	0	0	0	0	0	0	0	0	0	0	0	0	0	0	0.810497877267464	0	0	0	0	0	0.636819760710151	0	0	0	0	0	0	0	0	0	0	0	0	0	0	0	0.289463527595523	1.23504438440756	0	0	0	0	0	0	0	0	0	0	0	0	0.75260517174836	0	0	0	0	0	0	0	0	1.02277113083751	0	0	0	0	0	0	0	0	0	0	0	0	0	0	0	0	0	0	0	0	0	0	0	0	0.405248938633732	0.328058664608259	0	0	0	0	0	0	0	0.096487842531841	76.5341566962563	0	0	0	1.2736395214203	0	1.67888846005403	0	0	3.01042068699344	0	0	0	0	2.08413739868777	0	0	0	2.16132767271324	0	0	0	0	0	0	0	0	0	0	0	0	0	0	0	0	0	0	0	0	0	0.328058664608259	0	0	0	0	0	0	0	0	0	0	0	0	0	0	0	0	0	0.984175993824778	0	0	0	0	0	0	0	3.37707448861443	0	0	1.54380548050946	0	0	0	0	0	0	0	0	0	0	0	0	0	0.733307603241992	0	0	0	0	0	0	0	0	0	0	0	0	0	0	0	0	0	0	0	0	0	0	0.115785411038209	0	0	0	0	0	0	0	0	0	0	0	0	0	0	0	0	0.347356233114628
SRR11426388	0	0	0	0	0	0.376411543287327	0	0	0	0.125470514429109	0	0.376411543287327	0	0	0	0	0	0	0	0	0	0	0	0	1.28607277289837	0	0	0	0	0	0.972396486825596	0	0.282308657465496	0	0	0	0	0	0	0	0.0313676286072773	0	0	0.250941028858218	0	0	0	0.941028858218319	0	0	0	0	0	0.564617314930991	0	0	0	0	0	0	0.564617314930991	0	0	0.627352572145546	0	0	0	0	0	0	0	0	0	0	0	0	0	0	0.219573400250941	0	0	0	0	0.188205771643664	0	0	0	0	0	0	0	0	0	0	0.972396486825596	0.250941028858218	0	0	0	0	0	0	0	0	77.6348808030113	0	0	0	0	0	0.376411543287327	0	1.56838143036386	2.60351317440402	0	0.533249686323714	0	0	0.941028858218319	0	0	0	0.595984943538269	0	0	0	0	0	0	0	0	0	0	0	0	0	0	0	0	0	0	0.125470514429109	0	0	0	0	0	0	0.156838143036386	0	0	0	0	0	0	0.219573400250941	0	0	0	0	0	0	0.752823086574655	0	0	0	0	0	0	0	2.97992471769134	0	0	1.69385194479297	0	0.156838143036386	0	0	0	0	0	0.6900878293601	0	0	0	0	0.407779171894605	0.188205771643664	0	0	0	0	0	0	0	0	0	0	0	0	0	0	0	0	0	0	0	0	0	0	0	0	0	0	0	0	0	0	0	0	0	0	0	0	0	0	0	0.34504391468005
SRR11426391	0	0	0	0.320962888665998	0	0.722166499498495	0	0	0	0.421263791374122	0	0	0	0	0	0	0	0	0	0	26.7001003009027	0	0	0	0.962888665997994	0	0	0	0	0	1.32397191574724	0	0	0	0	0	0	0	0	0	0	0	0	0	0	0	0	1.44433299899699	0	0	0	0	0	0	0	0	0	0	0	0	0.581745235707121	0	0.521564694082247	0	0	0	0	0	0	0	0	0	0	0	0	0	0	0	0	0.421263791374122	0	0	0	0	0	0	0	0	0	0	0	0.0802407221664995	0.0401203610832497	0	0.561685055165496	1.12337011033099	0	0	0	0	0	0	0	0	47.1414242728185	0	0	0	0.78234704112337	0	1.82547642928786	0	0	3.43029087261785	0	0	0	0	0.361083249749248	0	0	0	0.74222668004012	0	0	0	0	0	0	0	0	0	0	0	0	0	0	0.280842527582748	0	0	0	0	0	0	0.120361083249749	0	0	0	0	0	0	0	0	0	0	0	0	0	0	0	0	0	0	0	0	0	0	0	0	0	2.46740220661986	0	0	1.58475426278837	0	0	0	0	0	0	0	0	0	0	0	0	0	0	0	0	0	0	0.421263791374122	0	0	0	0	0	0	0	0	0	0	0	0	0	0	0	0	0	0	0	0	0	0	0	0	0	0	0.220661985957874	0	0	0	0	0	0	0	5.39618856569709
SRR11426394	0	0	0	0	0	0.275482093663912	0	0	0.367309458218549	0	0	0	0	0	0	0	0	0	0	0	0.780532598714417	0	0	0	0	0	0	0	0	0	0.275482093663912	0	0	0	0	0	0	0	0	0	0	0	0	0	0	0	0	0.505050505050505	0	0	0	0	0	0	0	0	0	0	0	0	0.367309458218549	0	0	0	0	0	0	0	0	0	0	0	0	0	0	0	0	0	0	0	0	0	0	0	0	0	0	0	0	0	0	0	0	0	0.780532598714417	0.550964187327824	0	0	0	0	0	0	0	0	81.7722681359045	0	0	0.275482093663912	0	0.0918273645546373	0	0	0	2.38751147842057	0	0	0	0	0.183654729109275	0	0	0	1.65289256198347	0	0	0	0	0	0	0	0	0	0	0	0	0	0	0.367309458218549	0.183654729109275	0	0	0	0	0	0	0	0	0	0	0	0	0	0	0	0	0	3.21395775941231	0	0	0	0	0	0.275482093663912	0	0	0	0	0	0	0	3.25987144168962	0	0	1.01010101010101	0	0	0	0	0	0	0	0.32139577594123	0	0	0	0	0	0.596877869605142	0	0	0	0	0	0	0	0	0	0	0	0	0	0	0	0	0	0	0	0	0	0	0	0	0	0	0	0	0	0	0	0	0	0	0	0	0	0	0	0.505050505050505
SRR11426399	0	0	0.163880694854146	0	0	0.753851196329072	0	0	0	0.524418223533268	0	0	0	0	0	0	0	0	0	0	0.163880694854146	0	0	0	0.196656833824975	0	0	0	0	0	0.557194362504097	0	0	0	0	0	0	0	0	0.786627335299902	0	0	0	1.08161258603736	0.294985250737463	0	0.589970501474926	1.21271714192068	0	0	0	0	0	0	0.360537528679122	0	0	0	0	0	0	0.0983284169124877	0	0	0	0	0	0.42608980662078	0	0.589970501474926	0	0	0	0	0	0	0	0	0	0	0	0	0	0	0	0	0	0	0	0	0	0.0655522779416585	0.294985250737463	0	1.50770239265814	0	0	0	0	0	0	0	0	0	63.8479187151754	0	0	0	0.262209111766634	0	0	0	0	2.58931497869551	0	0	0	0	1.08161258603736	0	0	0	0.819403474270731	0	0	0	0	0	0	0	0.131104555883317	0	0	0	0	0.393313667649951	0	0	0	0	0	0	0	0	0	0	0	0	0	0	0	0	0	0	0	0	9.0789904949197	0	0	0	0	0	1.99934447722058	0	0	0	0	0.294985250737463	0	0	4.78531628974107	0	0	0	0	0	0	0	0	0	0	0	0	0	0	1.343821697804	0	0	0	0	0	0	0.163880694854146	0	0	0	0	0	0	0	0.622746640445756	0	0	0	0	0.524418223533268	0	0	0	0	0.589970501474926	0	0	0	0	0	0	0	0	0	0	0.196656833824975	0	0	0.229432972795805	0.131104555883317	0.884955752212389	0.360537528679122
SRR11426402	0	0	0	0	0	0	0	0	0	0	0	0	0	0	0	0	0	0	0	0	0	0	0	0	1.34351949420443	0	0	0	0	0	2.50263435194942	0	0	0	0	0	0	0	0	0	0	0	0	0	0	0	0	0	0	0	0	0	0	0	0	0	0	0	0	0	0	0	0	0	0	0	0	0	0	0.289778714436249	0	0	0	0	0	0	0	0	0	0.263435194942044	0	0	0	0	0	0	0	0	0	0	0	0	0	0	0.579557428872497	0.447839831401475	0	0	0	0	0	0	1.15911485774499	0	87.118018967334	0	0	0	0.210748155953635	0	0.684931506849315	0	0	0.47418335089568	0	0	0	0	1.39620653319283	0	0	0	0	0	0	0	0	0	0	0	0	0	0	0	0	0	0	0.47418335089568	0	0	0	0	0	0	0	0	0	0	0	0.105374077976818	0	0	0	0	0	0	0	0	0	0	0	0	0.711275026343519	0	0	0	0	0	0	0	0.763962065331928	0	0	0.711275026343519	0	0	0	0	0	0	0	0	0	0	0	0	0	0.658587987355111	0	0	0	0	0	0	0	0	0	0	0	0	0	0	0	0	0	0	0	0	0	0	0	0	0	0	0	0	0	0	0	0	0	0	0	0	0	0	0	0.105374077976818
SRR11426403	0	0	0.370599135268684	0	0	0	0	0	0	0	0	0	0	0	0	0	0.185299567634342	0	0	0	9.9444101297097	0	0	0	0.988264360716492	0	0	0	0	0	0	0	0	0	0	0	0	0.308832612723904	0.0617665225447807	0.432365657813465	0	0	0	0	0	0	1.66769610870908	0	0	0	0	0	0	0	0	0	0	0	0	0	0.494132180358246	0	0	0	0	0	0	0.370599135268684	0	0	0	0	0	0	0	0	0	0	0	0	0	0	0	0	0	0	0	0	0	0	0	2.03829524397776	0	0	0	0.679431747992588	0	0	0	0	0	0	0	0	57.0105003088326	0	0	0	0	0	0.988264360716492	0	15.6269302038295	1.66769610870908	0	2.65596046942557	0	0	1.35886349598518	0	0	0	0.555898702903027	0	0	0	0	0	0	0	0	0	0	0	0	0	0	0	0	0	0	0	0	0	0	0	0	0	0	0	0	0	0	0	0	0	0	0	0	0	0	0	0	0	0	0	0	0	0	0	1.72946263125386	0	0	0.86473131562693	0	0	0	0	0	0	0	0	0	0	0	0	0	0	0	0	0	0	0	0	0	0	0	0	0	0	0	0	0	0	0	0	0	0	0	0	0	0	0	0	0	0	0	0	0	0	0	0	0	0	0	0	0	0
SRR11426404	0	0	0	0	0	0	0	0	0	0	0	0	0	0	0	0	0	0	0	0	0.387704237053448	0	0	0	0	0	0	0	0	0	1.16311271116034	0	0	0	0	0	0	0	0.083079479368596	0	0	0.193852118526724	0	0	0	0	0	0.664635834948768	0	0	0	0	0	0	0	0	0	0	0	0.249238438105788	0.636942675159236	0	0	0	0	0	0	0.96926059263362	0	0.996953752423151	0	0	0	0	0	0	0	0	0	0	0	0	0	0	0	0	0	0	0	0	0	0	0	0	1.85544170589864	0.96926059263362	0	0	0	0	0	0	0	0	70.3129327056217	0	0	0	0	0	0.526170036001108	0	0	2.21545278316256	0	0	0	0	1.52312378842426	0	0	0	0.526170036001108	0	0	0	0	0	0	0	0	0	0	0	0	0	0	0.332317917474384	0	0	0	0	0	0	0	0	0	0	0	0	0	0	0	0	0	0	0	0	0	0	0	0	0.249238438105788	0	0	0	0	0	0	0	15.3973968429798	0	0	0	0	0	0	0	0	0	0	0	0	0	0	0	0	0	0	0	0	0	0	0	0	0	0	0	0	0	0	0	0	0	0	0	0	0	0	0	0	0	0	0	0	0	0	0	0	0	0	0	0	0	0	0	0	0.747715314317364
SRR11426407	0	0	0	0	0	0.504944245739533	0	0	0	0	0	0	0	0	0	0	0	0	0	0	0.210393435724805	0	0	0	0.0350655726208009	0	0	0	0	0	0.848586857423382	0	0	0	0	0	0	0	0	0	0	0.196367206676485	0	0	0	0	0	3.87825233186058	0	0	0	0	0	0	0	0.0350655726208009	0	0	0	0	0	0	0	0	0	0	0	0	0	0.708324566940178	0	0	0	0	0	0	0	0	0	0	0	0	0	0	0	0	0	0	0	0	0	0	0	0	0.862613086471702	0.659232765271057	0	0	0	0	0	0	0	0	75.2437057297146	0	0	0	0	0	1.26937372887299	0	0	4.70579984571148	0	0	0	0	1.47275405007364	0	0	0	2.06886878462725	0	0	0	0	0	0	0	0	0	0	0	0	0	0	0.729363910512659	0.806508170278421	0	0	0	0	0	0	0	0	0	0	0	0	0	0	0	0	0	0	0	0	0	0	0	0	0	0	0	0	0	0	0	1.20625569815555	0	0	1.87250157795077	0	0	0.147275405007364	0	0	0	0	0.245459008345606	0	0	0	0	0	0.455852444070412	0	0	0	0	0.175327863104004	0	0	0	0	0	0	0	0	0	0	0	0	0	0	0	0	0	0	0	0	0	0	0	0	0	0	0	0	0	0	0	0	0	0	1.66210814222596
SRR11426354	0	0.242750295236846	0	1.96168481826532	0.0393649127411101	0.255871932817216	0	0.0328040939509251	0	0	0	0	0	0	0	0	0	0	0	0	0	0	0	0	0.190263744915365	0	0	0	0	0	0.898832174255347	0	0	0	0	0	0	0	0	0	0.334601758299436	0	0	0.124655557013515	0	0	0	0	0	0	0	0	0	0	0	0	0	0	0	0	0	0	0	0	0	0	0	0	0	0	0	0	0	0	0	0	0	0	0	0	0	0	0	0.0328040939509251	0	0.0524865503214801	0	0	0	0	0	0	0	0	0	0.321480120719066	0	0	0	0.0918514630625902	0	0	0	0	89.8044876000525	0	0	0	0	0	0.1312163758037	0	1.13502165070201	0.715129248130167	0	0	0	0	0.301797664348511	0.826663167563312	0	0	0	0	0	0	0	0	0	0	0	0	0	0	0	0	0	0	0	0	0.177142107334995	0	0	0	0	0	0	0	0.1312163758037	0	0	0	0	0	0	0	0	0	0	0	0	0	0.0721690066920352	0	0	0	0	0.111533919433145	0	0	0.18370292612518	0	0	0	0	0.01312163758037	0	0	0	0	0	0	0	0	0	0	0	0	0	0.498622228054061	0	0	0	0	0	0	0	0.0524865503214801	0	0	0	0	0	0	0	0	0.0393649127411101	0	0	0	0	0	0	0	0	0	0	0	0	0	0	0	0	0	0.0787298254822202	0	0	1.14814328828238
SRR11426410	0	0	0	0	0	0	0	0	0	0	0	0	0	0	0	0	0.0280938334035679	0	0	0	0	0	0	0	0.547829751369574	0	0	0	0	0	0.870908835510605	0	0	0	0	0	0	0	0	0	0	0	0	0	0	0	0	0	0	0	0	0	0	0	0	0	0	0	0	0	0.182609917123191	0	0	0	0	0	0	0	0	1.09565950273915	0	0	0	0	0	0	0	0	0	0	0	0	0	0	0	0	0	0	0	0	0	0	0	0	0.716392751790982	0	0	0	0	0	0	0	0	0	92.3725242309313	0	0	0	0	0	0.435454417755303	0	0	0.856861918808821	0	0	0	0	0.309032167439247	0	0	0	0.74448658519455	0	0	0	0	0	0	0	0	0	0	0	0	0	0	0.238797583930327	0	0	0	0	0	0	0	0	0	0	0	0	0	0	0	0	0	0	0	0	0	0	0	0	0	0	0	0	0	0	0	0	0.772580418598118	0	0	0	0	0	0	0	0	0	0	0	0	0	0	0	0	0.112375333614272	0	0	0	0	0	0	0	0	0	0	0	0	0	0	0	0	0	0	0	0	0	0	0	0	0	0	0	0	0	0	0	0	0	0	0	0	0	0	0	0.716392751790982
SRR11426412	0	0	0	0	0	0	0	0	0	0	0	0	0	0	0	0	0	0	0	0	0	0	0	0	1.28518971848225	0	0	0	0	0	0.856793145654835	0	0	0	0	0	0	0	0	0	0	0	0	0	0	0	0	1.77478580171359	0	0	0	0	0	0	0	0	0	0	0	0	1.16279069767442	0.305997552019584	0	0	0	0	0	0	0	1.8359853121175	0	0	0	0	0	0	0	0	0	0	0	0	0	0	0	0	0	0	0	0	0	0	0	0	0.367197062423501	3.18237454100367	0	0	0	0	0	0	0	0	75.6425948592411	0	0	0	0	0	0	0	0	4.40636474908201	0	0	0	0	0.856793145654835	0	0	0	1.22399020807834	0	0	0	0	0	0	0	0	0	0	0	0	0	0	0.550795593635251	0	0	0	0	0	0	0	0	0	0	0	0	0	0	0	0	0	0	0	0	0	0	0	0	0.244798041615667	0	0	0	0	0	0	0	3.73317013463892	0	0	0	0	0	0	0	0	0	0	0	0	0	0	0	0.489596083231334	0.673194614443084	0	0	0	0	0	0	0	0	0	0	0	0	0	0	0.428396572827417	0	0	0	0.489596083231334	0	0	0	0	0	0	0	0	0	0	0	0	0	0	0	0	0	0	0	0	0.489596083231334
SRR11426355	0	0	0.295094061232018	0.33198081888602	0	0	0	0	0	0	0	0	0	0	0	0	0	0	0	0	0	0	0	0	0.33198081888602	0	0	0	0	0	1.27259313906308	0	0	0	0	0	0	0	0	1.34636665437108	0	0	0	0.0184433788270011	0	0	0	1.40169679085208	0	0.147547030616009	0	0	0	0	0	0	0	0	0	0	0.221320545924013	0.147547030616009	0	0	0	0	0	0.221320545924013	0	0.553301364810033	0	0	0	0	0.0737735153080044	0	0	0	0	0	0	0	0	0	0	0	0	0	0	0	0	0	0	0	0.811508668388049	0.239763924751014	0	0	0	0	0	0.110660272962007	0	0	86.2781261527112	0	0	0	0.571744743637034	0	1.16193286610107	0	0	0.424197713021025	0	0	0	0	0.239763924751014	0	0	0	0	0	0	0.0737735153080044	0	0	0	0	0	0	0	0	0.221320545924013	0	0	0.977499077831059	0.0368867576540022	0	0	0	0	0	0	0	0	0	0	0	0	0	0	0	0	0	0.147547030616009	0	0	0	0	0	0.387310955367023	0	0	0	0	0	0	0	0.793065289561048	0	0	0.66396163777204	0	0	0	0	0	0	0	0	0	0	0	0	0.0553301364810033	0.184433788270011	0	0	0	0	0	0	0	0	0	0	0	0	0	0	0	0	0	0	0	0	0	0	0	0	0	0	0	0	0	0	0	0.147547030616009	0	0	0	0	0	0	0	0.110660272962007
SRR11426358	0	0	0	0.133715377268386	0	0.108245781598217	0	0	0	0	0	0	0	0	0	0	0	0	0	0	0	0	0	0	0.133715377268386	0	0	0	0	0	0.171919770773639	0	0	0	0	0	0	0	0	0	0	0	0	0	0	0	0	0.120980579433301	0	0	0	0	0	0	0	0	0	0	0	0	0.0955109837631328	0	0	0	0	0	0	0	0	0.0955109837631328	0	0	0	0	0	0	0	0	0	0	0	0	0	0	0	0	0	0	0.108245781598217	0	0	0.0636739891754218	0	0	0	0	0	0	0	0	0	0	0	0	96.4788283985992	0	0	0	0	0	0	0	0	0.305635148042025	0	0	0	0	0.191021967526266	0	0	0	0.0955109837631328	0	0	0	0.210124164278892	0	0	0	0	0	0	0	0	0	0	0.241961158866603	0	0	0.0573065902578797	0.00636739891754218	0	0	0	0	0	0	0	0	0	0	0	0	0	0	0	0	0	0	0	0	0.0891435848455906	0	0	0	0	0	0	0.171919770773639	0.573065902578797	0	0	0.114613180515759	0	0.0445717924227953	0	0	0	0	0	0	0	0	0	0	0.0509391913403375	0	0	0.0318369945877109	0	0	0	0	0	0	0	0	0	0	0	0	0	0	0.114613180515759	0	0	0	0	0	0	0	0	0	0	0	0	0	0	0	0	0	0	0	0	0	0	0.191021967526266
SRR11426359	0	0	0	0.189393939393939	0	0	0	0	0	0	0	0	0	0	0	0	0	0	0	0	0	0	0	0	1.75189393939394	0	0	0	0	0	2.03598484848485	0	0	0	0	0	0	0	0	0	0.284090909090909	0.0473484848484848	0	0	0	0	0.331439393939394	1.94128787878788	0	0	0	0	0	0	0	0	0	0	0	0	0.946969696969697	0	0	0	0	0	0	0	0	0.615530303030303	0	0	0	0	0	0	0	0	0	0	0	0	0	0	0	0	0	0	0	0	0	0	0	0	1.46780303030303	0.568181818181818	0	0	0	0	0	0	0	0	76.7045454545455	0	0	0	0	0	0.568181818181818	0	0	3.88257575757576	0	0	0	0	0.710227272727273	0	0	0	0.473484848484849	0	0	0	0	0	0	0	0	0.331439393939394	0	0	0	0	0	0.662878787878788	0.236742424242424	0	0	0	0	0	0	0	0	0	0	0	0	0	0	0	0	0	0	0	0	0	0	0	0.189393939393939	0	0	0	0	0	0	0	2.03598484848485	0	0	1.65719696969697	0	0	0	0	0	0	0	0	0	0	0	0	0	0.568181818181818	0	0	0	0	0.473484848484849	0	0	0	0	0	0	0	0	0	0	0	0	0	0	0	0	0	0	0	0	0	0	0	0	0	0	0	0	0	0	0.189393939393939	0	0	0	1.13636363636364
SRR11426360	0	0	0	0	0	0.316622691292876	0	0	0	0	0	0	0	0	0	0	0	0	0	0	4.11609498680739	0	0	0	1.00263852242744	0	0	0	0	0	0.369393139841689	0	0	0	0	0	0	0	0	0	0	0	0	0	0	0	0	0	0	0	0	0	0	0	0	0	0	0	0	0	1.79419525065963	0	0	0	0	0	0	0	0	0.844327176781003	0	0	0	0	0	0	0	0	0	0	0	0	0	0	0	0	0	0	0	0	0	0.897097625329815	0	0	0.0527704485488127	0.686015831134565	0	0	0	0	0	0	0	0	78.7862796833773	0	0	0	0	0	0.316622691292876	0	0	0.79155672823219	0	0	0	0	0	0	0	0	1.10817941952507	0	0	0	0	0	0	0	0	0	0	0	0	0	0	0	0	0	0	0	0	0	0	0	0	0	0	0	0	0	0	0.844327176781003	0	0	0	0	0	0	0	0	0.897097625329815	0	0	0	0	0	0	0	2.32189973614776	0	0	0.105540897097625	0	0.738786279683377	0	0	0	0	0	0	0	0	0	0	0	0.422163588390501	0	0	0	0	0.527704485488127	0	0	0	0	0	0	0	0	0	0	0	0	0	0	0	0	0.0527704485488127	0	0	0	0	0	0	0	0	0	0	0	0	0	0	0	0	0	3.00791556728232
SRR11426362	0	0	0	0.17910447761194	0	0.298507462686567	0	0	0	0	0	0	0	0	0	0	0	0	0	0	0	0	0	0	1.97014925373134	0	0	0	0.298507462686567	0	1.55223880597015	0	0	0	0	0	0	0	0	0	0	0	0	1.13432835820896	0	0	0.537313432835821	1.25373134328358	0.17910447761194	0	0	0	0	0	0	0	0	0	0	0	0.716417910447761	0	0	0	0	0	0	0	0	0.537313432835821	0	0	0	0	0	0	0	0	0	0	0	0	0	0	0	0	0	0	0	0	0	0	0	0	0.656716417910448	1.01492537313433	0	0	0	0	0	0	0	0	79.044776119403	0	0	0	0.119402985074627	0	1.01492537313433	0	0.358208955223881	1.01492537313433	0	0	0	0	0.358208955223881	0	0	0	0	0	0	0	0	0	0	0	0	0	0	0	0	0	0	0	0.477611940298507	0	0	0	0	0	0	0	0	0	0	0	0.776119402985075	0	0	0	0	0	0	0	0	0	0	0	0	0	0	0	0	0	0	0	1.07462686567164	0	0	1.13432835820896	0	0.477611940298507	0	0	0	0	0	0	0	0	0	0	0	0.417910447761194	0	0	0	0	0.417910447761194	0	0	0	0	0.17910447761194	0	0	0	0	0	0	0	0	0	0	0	0.298507462686567	0	0	0	0	0	0	0	0	0	0	0	0	0	0	0	0	2.26865671641791	0.238805970149254
SRR11426363	0	0	0	0.54726368159204	0	0.099502487562189	0	0.298507462686567	0	0	0	0	0	0	0	0	0	0	0	0	0	0	0	0	0.398009950248756	0	0	0	0	0	0.696517412935323	0	0	0	0	0	0	0	0	0	0	0	0	0	0	0	0	0.646766169154229	0	0	0	0	0	0	0	0	0	0	0	0	0	0	0	0	0	0	0	0	0	0.348258706467662	0	0	0	0	0	0	0.298507462686567	0	0	0	0	0	0	0	0	0	0	0	0	0	0	0	0	0	0.099502487562189	0.298507462686567	0	0	0	0	0	0	0	0	81.7412935323383	0	0	0.646766169154229	0	0	0.796019900497512	0	0	1.59203980099502	0	0	0	0	1.59203980099502	0	0	0	0.845771144278607	0	0	0	0	0	0	0	0	0	0	0	0	0	0	0.995024875621891	0.646766169154229	0	0	0	0	0	0	0	0	0	0	0	0	0	0	0	0	0	0	0	0	0	0	0	0	0	0	0	0	0	0	0	4.62686567164179	0	0	0.696517412935323	0	0	0	0	0	0	0	0	0	0	0	0	0.895522388059702	0.298507462686567	0	0	0	0	0	0	0	0	0	0	0	0	0.099502487562189	0	0	0	0	0	0	0	0	0	0	0	0	0	0	0	0	0	0	0	0	0	0	0	0.199004975124378	0	0	0.597014925373134
SRR11426364	0	0	0.423473082803573	0.157922266033636	0	0.398326225154905	0	1.31870121509616	0	0	0	0	0	0	0.0362114750140822	0	0	0	0	0	15.1927255170194	0	0	0	0.234368713285588	0	0	0	0	0	0.997827311499155	0	0	0	0	0	0	0.379214613341917	0	0	0.353061881387302	0.00301762291784019	0	0	0.0774523215578981	0.00301762291784019	0.081475818781685	0.847952039913093	0	0	0	0.0191116118129878	0	0	0	0	0	0	0.10159330490062	0	0.237386336203428	0.0915345618411523	0	0	0	0.00603524583568037	0	0	0	0.838899171159572	0	0	0	0	0	0	0	0	0	0	0	0.0140822402832542	0	0	0	0	0	0	0	0	0	0	0	0	1.23219602478474	0.682988653737829	0	0	0	0	0.148869397280116	0	0	0	61.0565703709664	0	0	0	0	0	0.100587430594673	0.0150881145892009	0.0472760923794963	1.11450873098898	0	0	0	0	0.274603685523457	0	0	0	1.29858372897723	0.0452643437676028	0	0.181057375070411	0	0	0.552224993964754	0	0	0	0	0	0	0	0	0.289691800112658	0.200168986883399	0	0	0	0	0	0	0	0	0	0	0	0	0	0	3.77504627021807	0	0	0	0	0.164963386175264	0	0	0	0.600506960650197	0	0	0	0	0	0	0	1.60336364367909	0	0	0.37519111611813	0	0	0	0	0	0	0.108634425042247	0	0	0	0	0	0.0683994528043776	0.536131005069606	0	0	0	0	0.0784581958638449	0	0	0	0	0	0	0	0.690029773879456	0	0	0	0	0.192121992435825	0	0	0	0	0	0.0653818298865374	0	0	0	0.0935463104530458	0	0.00905286875352056	0	0.0623642069686972	0.309809286231592	0	0	0	0	0	0	2.21392934738875
SRR11426366	0	0	0.0693302695957055	1.319255987164	0	0	0	0.689340966265872	0	0.0297129726838738	0	0	0	0	1.1528633401343	0.0673494047501139	0	0	0	0	1.49951468811283	0.0713111344412971	0	0.0277321078382822	0.164411782184102	0	0	0	0	0	0.857714478141156	0	0	0.0653685399045223	0.128756214963453	0	0.0614068102133391	0	0	0	0	2.16112354654042	0	0.0515024859853812	0	0	0	0.269397619000456	0	0.0415981617574233	0	0	0	0	0	0.0356555672206485	0.0435790266030149	0.12479448527227	0	0	0	0	0	0	0.0554642156765644	0	0	0.806211992155775	0	0.330804429213795	0.186201295485609	0.00396172969118317	0	0	0	0.0277321078382822	0	0	0	0	0	0	0.219875997860666	0	0	0.257512429926906	0	0	0.629915020898124	0.0118851890735495	0.0257512429926906	0	0	0	0.396172969118317	0.16243091733851	15.6745835231662	0	0	0	0	0	0	0	44.5536121070459	0	0.0633876750589307	0.695283560802646	0.0356555672206485	0	0	0	0	0.98647069310461	0	0	0	0	0.344670483132936	0	0.033674702375057	0.0891389180516213	1.10136085414892	0	0	0	0	0	0	0	0	0	0	0	0	0	0	0.148564863419369	0.491254481706713	0.106966701661946	3.92211239427134	0.314957510449062	0.0891389180516213	0	0.0495216211397896	0	0.057445080522156	0.0653685399045223	0.445694590258107	0	0	0	0.0931006477428045	0	0	0.621991561515758	0.0792345938236634	0.0316938375294654	0	0	0	0	0.410039023037458	0	0	0.0871580532060298	0	0	0	0.16243091733851	0.968642909494285	0	0.0396172969118317	0.701226155339421	0	0.469464968405206	0	0.0851771883604382	0	0	0	0.0772537289780718	0	0.146583998573777	0	0	0.293167997147555	0.033674702375057	0	0.00594259453677476	0.0851771883604382	0.0931006477428045	0	0	0	0	0	0	0	0	0	0.108947566507537	0.0118851890735495	0.0316938375294654	0.0990432422795793	0	0.0851771883604382	0	0.0673494047501139	0	0	0	0	0	0.00990432422795793	0	0	0.0673494047501139	0	0.52492918408177	0	0.259493294772498	0	8.64647505100727	0.798288532773409	0	0	3.49028385793237
SRR11426367	0	0	0	0.382875043508528	0	0	0	0.104420466411417	0	0	0	0	0	0	0	0	0	0	0	0	2.08840932822833	0	0	0	1.56630699617125	0	0	0	0	0	0.887573964497041	0	0	0	0	0	0	0	0	5.95196658545075	0	0.696136442742778	0	0.156630699617125	0	0	0.783153498085625	0	0	0.174034110685694	0	0	0	0	0	0	0	0	0	0	0.765750087017055	0	0	0	0	0	0	0	0	0.278454577097111	0	0	0	0	0	0	0	0	0	0	0	0	0	0	0	0	0	0	0	0	0	0	0	0	0	1.30525583014271	0	0	0	0	0	0	0	0	75.8092586146885	0	0	0	0.174034110685694	0	1.82735816219979	0	0.330664810302819	0.904977375565611	0	0	0	0	1.11381830838844	0	0	0	0	0	0	0	0	0	0	0	0	0	0	0	0	0	0	0.713539853811347	0	0	0.156630699617125	0	0	0	0	0	0	0	0	0	0	0	0	0	0	0	0	0	0	0	0	0	0.208840932822833	0	0	0	0	0	0.330664810302819	0	1.35746606334842	0	0	0	0	0	0	0	0	0	0	0	0	0	0	0	0	0.765750087017055	0	0	0	0	0.243647754959972	0	0	0	0	0	0	0	0	0	0	0	0	0	0	0	0	0	0.348068221371389	0	0	0	0	0	0	0	0	0.174034110685694	0.139227288548556	0	0	0	0	0	0	0.261051166028542
SRR11426368	0.0291885580852306	0	0	0.0875656742556918	0.102159953298307	0	0	0	0	0	0	0	0	0	0	0	0	0	0	0	0.0437828371278459	0.0583771161704612	0	0	0.977816695855225	0.175131348511384	0	0	0	0	1.26970227670753	0	0	0	0	0	0	0	0	0	0	0	0	0.0145942790426153	0	0	0	0.729713952130765	0	0	0	0	0	0	0	0	0	0	0	0	0	0	0	0	0	0	0	0	0	0.262697022767075	0	0	0	0	0	0	0	0	0	0	0	0	0	0	0	0	0	0	0.262697022767075	0	0	0	0	0	0	0.321074138937537	1.19673088149445	0	0	0	0	0	0	0	85.3619381202569	0	0	0	0	0	0.291885580852306	0	0	1.06538237011092	0	0	0.145942790426153	0.131348511383538	0.831873905429072	0	0	0.262697022767075	0	0	0	0	0	0	0	0	0	0	0	0	0	0	0	0	0.102159953298307	0	0	0	0	0	0	0	0	0	0	0	0	0	0	0	0	0.160537069468768	0	0	0	0	0	0	0.394045534150613	0.321074138937537	0	0	0	0.0583771161704612	0	0	2.24751897256276	0	0	1.16754232340922	0	0.321074138937537	0	0	0	0	0	0	0	0	0	0	0	0.131348511383538	0	0	0	0	0	0	0	0	0	0	0	0	0	0	0	0	0	0	0	0	0.131348511383538	0	0	0	0	0	0	0	0	0	0	0.554582603619381	0	0	0	0	0.306479859894921	0	0	0.481611208406305
SRR11426375	0	0	0.377661711530735	2.12936922458819	0	0.337484933708317	0	0.723182000803536	0	0.0241060666934512	0	0	0.313378867014865	0.0321414222579349	0	0	0	0	0.192848533547609	0	0.00803535556448373	0	0	0	0.273202089192447	0	0	0	0	0	1.39011651265568	0	0	0	0	0	0	0.144636400160707	0	0	0.369626355966251	0.0321414222579349	0	0.120530333467256	0	0.707111289674568	0.0241060666934512	0.956207312173564	0	0.112494977902772	0.208919244676577	0	0	0	0	0	0	0	0	0	0.249096022498996	0	0	0	0	0	0	0	0.0562474889513861	0.313378867014865	0.0241060666934512	0	0	0	0	0	0	0	0	0	0	0	0	0.12856568903174	0	0	0	0.216954600241061	0.104459622338288	0	0	0	0	0	0.514262756126959	0.337484933708317	0.988348734431499	0	0	0	0	0	0	0	76.6171153073523	0	0	1.23744475693049	0.224989955805544	0.0482121333869024	0	0	0.0160707111289675	0.626757734029731	0	0	0	0	1.23744475693049	0	0	0.088388911209321	1.01245480112495	0	0	0.329449578143833	0	0	0	0	0	0	0	0	0	0	0	0.216954600241061	0	0.0562474889513861	1.09280835676979	0.0964242667738047	0	0	0	0	0.120530333467256	0	0.088388911209321	0	0	0	0	0	0	0	0.241060666934512	0	0	0	0	0	0.305343511450382	0.0401767778224186	0	0	0	0	0.658899156287666	0	1.37404580152672	0	0	0	0	0.273202089192447	0	0	0	0	0	0	0	0	0	0	0	0.160707111289675	0	0	0	0	0	0	0.562474889513861	0	0	0	1.05263157894737	0	0.184813177983126	0	0	0	0	0	0	0	0	0	0	0	0	0	0	0	0	0	0	0	0.120530333467256	0	0	0	0	0	0	0.506227400562475
SRR11426380	0	0	0	0.797546012269939	0	0	0	0.797546012269939	0	0	0	0	0	0	0	0	0	0	0	0	0	0	0	0	0.705521472392638	0	0	0	0	0	0.552147239263804	0	0	0	0	0	0	0	0	0	0.0613496932515337	0	0	0	0	0	0	0.429447852760736	0	0	0	0.214723926380368	0	0	0	0	0	0	0	0	0.214723926380368	0	0	0	0	0	0	0.153374233128834	0	0.98159509202454	0	0	0	0	0	0	0	0	0	0	0	0	0	0	0	0	0	0	0.122699386503067	0	0	0	0	0	0.429447852760736	0	0	0	0	0	0	0	0	0	88.0674846625767	0	0	0	0	0	0.306748466257669	0	0	0.49079754601227	0	0	0	0	0.705521472392638	0.153374233128834	0	0	0.797546012269939	0	0	0	0	0	0	0.0920245398773006	0	0	0	0	0	0	0	0	0	0	0.153374233128834	0	0	0	0	0	0	0	0	0	0	0	0	0	0	0	0	0	0	0	0	0	0	0	0	0	0	0	0	0	2.60736196319018	0	0	0	0	0	0	0	0	0	0	0	0	0	0	0	0	0	0	0	0	0	0	0	0	0	0	0	0	0	0	0	0	0	0	0	0	0	0	0	0	0	0	0	0	0	0	0	0	0	0	0	0	0	0.276073619631902	0	0	0.889570552147239
SRR11426381	0	0	0	0.0183665972817436	0	0	0	0	0	0	0	0	0	0	0	0	0	0	0	0	0	0.0489775927513163	0	0	0	0	0	0	0	0	0.137749479613077	0	0	0	0	0	0	0	0	0	0	0	0	0	0	0	0	0.146932778253949	0	0	0	0	0	0	0	0	0	0	0	0	0.0214276968287009	0	0	0	0	0	0	0	0	0.00612219909391453	0	0	0	0	0	0	0	0	0	0	0	0	0	0	0	0.0244887963756581	0	0	0	0	0	0	0	0	0.0428553936574017	0.180604873270479	0	0	0	0	0	0	0	0	98.0347740908534	0	0	0	0	0	0.0306109954695727	0	0.272437859679197	0	0	0	0	0	0.244887963756581	0.10101628504959	0	0	0.104077384596547	0	0	0	0	0	0	0	0	0	0	0	0	0	0	0	0	0	0.0704052895800171	0	0	0	0	0	0	0	0	0	0	0	0	0	0	0	0	0	0	0	0	0	0.0244887963756581	0	0	0	0	0	0	0	0.107138484143504	0	0	0.0612219909391453	0	0	0	0	0	0	0	0	0	0	0	0	0	0	0	0	0	0	0	0	0	0	0	0.0826496877678462	0	0	0	0	0	0	0	0	0	0	0	0	0	0	0	0	0	0	0	0	0	0	0	0	0	0	0.0673441900330599	0	0	0.171421574629607
SRR11426382	0	0	0.1723395088324	0.0718081286801666	0	0.674996409593566	0	0	0	0	0	0	0	0	0	0	0	0	0	0	0.186701134568433	0	0	0	0	0	0	0	0	0	1.78084159126813	0	0	0	0	0	0	0	0	0.2154243860405	0	0	0	0	0	0	0	1.3356311934511	0	0	0	0	0	0	0	0	0	0	0	0	0	0	0	0	0	0	0	0	0	0.732442912537699	0	0	0	0	0	0	0	0	0	0	0	0	0	0.157977883096367	0	0	0	0	0	0	0	0	0	0	0	0.359040643400833	0	0	0	0	0	0	0	0	85.5522045095505	0	0	0	1.0340370529944	0	1.2494614390349	0	0	0.947867298578199	0	0	0	0	0.588826655177366	0	0	0	0.560103403705299	0	0	0	0	0	0	0	0	0	0	0	0	0	0	0.847335918425966	0.416487146344966	0	0	0	0	0	0	0	0	0	0	0	0	0	0	0	0	0	0	0	0	0	0	0	0	0	0	0	0	0	0	0	1.26382306477093	0	0	1.292546316243	0	0	0	0	0	0	0	0	0	0	0	0	0	0.430848772081	0	0	0	0	0	0	0	0	0	0	0	0	0	0	0	0	0	0	0	0	0	0	0	0	0	0	0	0	0	0	0	0	0	0	0	0	0	0	0	0.1292546316243
SRR11426392	0	0	0.801564027370479	0.234604105571848	0	0	0	0	0	0	0	0	0	0	0	0	0	0	0	0	0	0	0	0	0.195503421309873	0	0	0	0	0	0.547409579667644	0	0	0	0	0	0	5.51319648093842	0	0.273704789833822	0	0	0	0.0391006842619746	0	0	0	0.332355816226784	0	0.0977517106549365	0	0	0	0.175953079178886	0	0	0	0	0	0	0	0	0	0.0586510263929619	0	0	0	0	0	0.0977517106549365	0	0	0	0	0	0	0	0	0	0	0	0	0	0	0	0	0	0	0.449657869012708	0	0	0	0.195503421309873	0.684261974584555	0	1.13391984359726	0	0	0	0	0	0	0	0	77.0283479960899	0	0	0	0.273704789833822	0	0	0	0	2.63929618768328	0.351906158357771	0	0	0	0.762463343108504	0	0	0	1.44672531769306	0	0	0	0	0	0	0	0	0	0	0	0	0	0	0.957966764418377	0	0	0	0	0	0	0	0	0	0	0	0	0	0.0586510263929619	0	0	0	0	0	0	0	0	0	0	0.410557184750733	0	0	0	0	0	0	0	2.34604105571848	0	0	0.918866080156403	0	0.312805474095797	0	0	0.117302052785924	0	0	0	0	0	0.293255131964809	0	0.293255131964809	0.175953079178886	0	0	0	0	0.117302052785924	0	0	0	0	0	0	0	0	0	0	0	0	0	0	0	0	0	0	0	0	0	0	0	0	0.195503421309873	0	0	0	0	0	0	0	0	0	0.469208211143695
SRR11426395	0	0	0	0	0	0.343642611683849	0	1.43184421534937	0	0	0	0	0	0	0	0	0	0	0	0	7.61741122565865	0	0	0	1.40320733104238	0	0	0	0	0	0.372279495990836	0	0	0	0	0	0	0	0	0	0	0.11454753722795	0	0	0	0	0.229095074455899	0.429553264604811	0	0	0	0	0	0	0	0	0	0	0	0	0	0	0	0	0	0	0	0	0	0	0	0	0	0	0	0	0	0	0	0	0	0	0	0	0	0	0	0	0.343642611683849	0	0	0	0	0	0.315005727376861	1.3745704467354	0	0	0	0	0	0	0	0	64.9484536082474	0	0	0	0	0	0.515463917525773	0	0.458190148911798	1.86139747995418	0	0	0	0	0.11454753722795	0	0	0	2.29095074455899	0	0	0	0	0	0.486827033218786	0	0	0	0	0	0	0	0	0.65864833906071	0	0	0	0	0.257731958762887	0	0	0	0	0	0	0	0	0	0	4.52462772050401	0	0	0	0	0	0	0	0	0.343642611683849	0	0	0	0	0	0	0	7.56013745704467	0	0	0.315005727376861	0	0	0	0	0	0	0	0	0	0	0	0	0	0	0	0	0	0	0	0	0	0	0	0	0	0	0.143184421534937	0	0	0	0	0	0.229095074455899	0	0	0	0	0	0	0	0	0	0	0.515463917525773	0.171821305841924	0.257731958762887	0.11454753722795	0	0	0	0	0	0	0.257731958762887
SRR11426401	0	0	0	0.261359067149176	0	0.100522718134298	0	0	0	0	0.060313630880579	0.120627261761158	0	0	0	0	0	0.321672698029755	0	0	0.170888620828307	0	0.0804181745074387	0	0	0	0	0	0	0	1.39726578206675	0	0	0	0.542822677925211	0.261359067149176	0	0	0	0	0	0	0.0904704463208685	0.140731805388018	0	0	0	0.331724969843185	0	0.231202251708886	0	0	0	0	0	0	0	0	0	0	0.784077201447527	0	0	0	0	0	0.462404503417772	0.361881785283474	0	0.432247687977483	0	0.392038600723764	0	0	0	0	0	0	0	0	0	0	0	0	0	0	0	0	0.291515882589465	0.0402090872537193	0	0.0804181745074387	0.180940892641737	0	0	0.402090872537193	0	0	0	0	0	0	0	0	82.1371129875352	0	0	0	0	0	0.140731805388018	0	0	1.41737032569361	0.140731805388018	0	0.341777241656614	0	1.43747486932047	0	0.160836349014877	0	0.241254523522316	0	0	0	0	0	0	0	0	0	0.060313630880579	0	0	0	0	0.392038600723764	0.120627261761158	0	0.422195416164053	0	0	0	0	0	0.150784077201448	0.0904704463208685	0	0	0	0	0	0	0	0.120627261761158	0	0	0	0	0	0	0.703659026940089	0	0.0904704463208685	0	0.160836349014877	0	0	0	0.532770406111781	0	0	0	0	0.0502613590671492	0	0	0	0	0	0.422195416164053	0	0.0402090872537193	0	0	0.241254523522316	0	0	0	0	0	0	0	0	0	0	0	0	0.271411338962606	0	0	0	0	0	0	0.502613590671492	0	0	0	0.221149979895456	0	0	0	0	0	0	0	0	0.0502613590671492	0	0	0	0	0.301568154402895	0	0	1.49778850020105
SRR11426405	0	0	0	0.0404203718674212	0	0.889248181083266	0	0	0	0	0	0	0	0	0	0	0	0	0	0	0	0	0	0	1.29345189975748	0	0	0	0	0	1.41471301535974	0	0	0	0	0	0	0	0	0	0	0	0	0.202101859337106	0	0	0	0.889248181083266	0	0	0	0	0	0	0	0	0	0	0	0	0.808407437348424	0	0	0	0.444624090541633	0	0	0.282942603071948	0	0.242522231204527	0	0	0	0	0	0	0	0	0	0	0	0	0	0	0	0.363783346806791	0	0	0	0	0	0	0	0.646725949878739	1.94017784963622	2.62732417138238	0	0	0	0	0	0	0	0	64.7938561034762	0	0	0	0	0	1.77849636216653	0	0	4.08245755860954	0	0	0	0	1.17219078415521	0	0	0	0.970088924818108	0	0	0	0	0	0	0	0	0	0	0	0	0	0	1.8997574777688	0	0	0.404203718674212	0	0	0	0	0	0	0	0	0	0	0	0	0	0	0	0	0	0	0	0	0	0.444624090541633	0	0	0	0	0	0	0	8.52869846402587	0	0	0.121261115602264	0	0.525464834276475	0	0	0	0	0	0	0	0	0	0	0	0	0.202101859337106	0	0	0	0	0	0	0	0	0	0	0	0	0	0	0	0	0	0	0	0	0	0	0	0	0	0	0.161681487469685	0	0.565885206143896	0	0.323362974939369	0	0	0	0	0	0	0	1.94017784963622
SRR11426408	0	0	0	0	0	0.302687721089676	0	0	0	0	0	0	0	0	0	0	0	0	0	0	0	0	0	0	0.459501841654207	0	0	0	0	0	0.379271361365377	0	0	0	0	0	0	0	0	0	0	0	0	0	0	0	0	1.86718208672186	0	0	0	0	0	0	0	0	0	0	0	0	0	0	0	0	0	0	0	0	0	0.510557601838007	0	0	0	0	0	0	0	0	0	0	0	0	0	0	0	0	0	0	0	0	0	0	0	0	0	0.590788082126837	0	0	0	0	0	0	0	0	87.5095729550345	0	0	0	0.0145873600525145	0	0	0	0	1.51708544546151	0	0	0	0	1.95105940702381	0	0	0	1.17792932424055	0	0	0	0	0	0	0	0	0	0	0	0	0	0	0.430327121549178	0	0	0	0	0	0	0	0	0	0	0	0	0	0	0	0	0	0	0	0	0	0	0	0	0.857007403085227	0	0	0	0	0	0	0.102111520367601	0.58349440210058	0	0	0.463148681667335	0	0.0948178403413442	0	0	0	0	0	0.182342000656431	0	0	0	0	0	0.470442361693593	0	0	0	0	0	0	0	0	0	0	0	0	0	0	0	0	0	0	0.058349440210058	0	0	0	0	0	0	0	0	0	0	0	0	0	0	0	0	0	0	0	0	0.47773604171985
SRR11426409	0	0	0	0.0520788126030727	0.225674854613315	0	0	0.572866938633799	0	0	0	0	0	0	0	0	0.156236437809218	0	0	0	0.251714260914851	0	0	0	0	0	0	0	0	0	0.303793073517924	0	0	0	0	0	0	1.51896536758962	0	0	0	0	0	0.260394063015363	0.234354656713827	0	0.0694384168040969	0.0867980210051211	0	0.0694384168040969	0	0	0	0	0	0	0	0	0	0	0	0.425310302925093	0	0	0	0	0	0.104157625206145	0	0.078118218904609	0	0	0	0.104157625206145	0	0	0	0.0173596042010242	0	0	0.0520788126030727	0	0	0	0	0	0	0	0	0	0	0	0	0	0	0.0954778231056332	0	0	0.0867980210051211	0	0	0	0	0	83.9684055203541	0	0	0	3.35908341289819	0	0	0	0	0.32983247981946	0	0	0	0	0.156236437809218	0	0	0	0.130197031507682	0	0	0	0	0	0	0	0	0	0	0	0	0	0	5.06032462459856	0.156236437809218	0	0	0	0	0	0.0867980210051211	0	0	0	0	0	0	0	0	0	0	0	0	0	0.078118218904609	0	0	0	0	0	0	0	0	0	0	0	0.243034458814339	0	0	0.12151722940717	0	0.225674854613315	0	0	0	0.112837427306657	0	0	0	0	0	0	0	0	0	0	0	0	0	0	0	0	0	0	0	0	0	0	0.0173596042010242	0	0	0	0.12151722940717	0	0	0	0	0	0	0.633625553337384	0	0	0	0	0	0.0954778231056332	0	0	0	0	0	0	0	0.338512281919972
SRR11426413	0	0	0	0	0	0.28203772254539	0	0.105764145954521	0	0	0	0	0	0	0	0	0	0	0	0	0	0.185087255420412	0	0	0.326106116693108	0	0	0	0	0	0.634584875727129	0	0	0	0	0	0	0	0	0	0	0	0	0.564075445090781	0	0	0	1.08408249603384	0	6.56619072800987	0	0	0	0	0	0	0	0	0	0	1.0752688172043	0	0	0	0	0	0	0	0	0.76679005817028	0	0.273224043715847	0	0	0	0	0	0	0	0	0	0	0	0	0	0	0	0	0	0	0	0	0	0	0	1.18103296315882	0	0	0	0	0	0	0	0	77.8071567072096	0	0	0	0.123391503613608	0.854926846465715	0	0	0	1.8861272695223	0	0	0	0	0.775603736999824	0	0	0	1.00475938656795	0	0	0	0	0	0.0616957518068042	0	0.0705094306363476	0	0	0	0	0	0	0	0	0	0.237969328397673	0	0	0	0	0	0	0	0	0	0	0	0	0	0	0	0	0	0	0	0	0	0	0	0	0	0	0	0	0	1.26916975145426	0	0	0.898995240613432	0	0	0	0	0	0	0	0	0	0	0	0	0.414242904988542	0.608143839238498	0	0	0	0	0.096950467124978	0	0	0	0.246783007227217	0	0	0	0	0	0	0	0	0	0	0	0	0	0	0	0	0	0	0	0	0	0	0	0	0	0	0	0	0	0	0.599330160408955
SRR11426361	0	0	0	0	0	0.461538461538462	0	0	0	0	0	0	0	0	0	0	0	0	0	0	0.717948717948718	0	0	0	0.666666666666667	0	0	0	0	0	0	0	0	0	0	0	0	0	0	0	0	0	0	0	0	0	0	1.23076923076923	0	0	0	0	0	0	0	0	0	0	0	0	0.307692307692308	0	0	0	0	0	0	0	0	0.461538461538462	0	0	0	0	0	0	0	0	0	0	0	0	0	0	0	0	0	0	0	0	0	0	0	0	0.41025641025641	2.05128205128205	0	0	0	0	0	0	0	0	82.2564102564103	0	0	0	0	0	0	0	0	3.33333333333333	0	0	0	0	0	0	0	0	0	0	0	0	0	0	0	0	0	0	0	0	0	0	0	0.307692307692308	0.564102564102564	0	0	0	0	0	0	0	0.82051282051282	0	0	0	0	0	0	0	0	0	0	0	0	0	0	0	0	0	0	0	0	0	0	0	4.66666666666667	0	0	0	0	0	0	0	0	0	0	0.461538461538462	0	0	0	0	0	1.28205128205128	0	0	0	0	0	0	0	0	0	0	0	0	0	0	0	0	0	0	0	0	0	0	0	0	0	0	0	0	0	0	0	0	0	0	0	0	0	0	0	0
SRR11426365	0	0	0	3.12588803637397	0	0.312588803637397	0	1.10826939471441	0	0	0	0.14208581983518	0	0	0	0	0	0	0	0	0	0	0	0	0.454674623472577	0	0	0	0	0	1.93236714975845	0	0	0	0	0	0	0	0.255754475703325	0	2.61437908496732	0.0284171639670361	0	0	0	0	0.65359477124183	2.07445296959363	0	0	0	0	0	0	0	0	0	0	0	0	0.65359477124183	3.49531116794544	0	0	0	0	0	0.0284171639670361	0	0.113668655868144	0	0	0	0	0	0	0	0	0	0	0	0	0	0	0	0	0	0	0	0	0	0	0	0	0.0568343279340722	0.397840295538505	0	0	0	0	0	0	0	0	66.6382495026996	0	0	0.738846263142938	0	0	1.70502983802217	0	0	2.0460358056266	0	0	0	0	1.07985223074737	0	0	0	0.369423131571469	0	0	0	0	0	0	0	0	0	0	0	0.0568343279340722	0	0.255754475703325	0.625177607274794	0	0	0	0	0	0	0.198920147769253	0	0	0	0	0	0	0	0	0	0	0	0.0284171639670361	0	0.170502983802217	0	0	0	0	0	0	0	0	0.227337311736289	0	0	1.25035521454959	0	0	1.98920147769253	0	0.113668655868144	0	0	0	0	0	0	0	0	0	0	0.682011935208866	0.14208581983518	0	3.04063654447286	0	0	0	0	0	0	0	0	0	0	0	0	0	0	0	0	0	0	0	0	0.0852514919011083	0	0	0	0	0	0	0	0	0.0568343279340722	0	0	0	0	0	0	0	1.05143506678034
SRR11426370	0	0	0	0	0	0	0	0	0	0	0	0	0	0	0	0	0	0	0	0	0.308880308880309	0	0	0	0	0	0	0	0	0	0.231660231660232	0	0	0	0	0	0	0	0	0	0	0	0	0	0	0	0	0	0	0	0	0	0	0	0	0	0	0	0	0	0.617760617760618	0	0	0	0	0	0	0	0	0	0	0	0	0	0	0	0	0	0	0	0	0	0	0	0	0	0	0	0	0	0	0	0	0	0	1.38996138996139	0	0	0	0	0	0	0	0	90.5019305019305	0	0	0	0	0	0	0	0	1.6988416988417	0	0	0	0	2.00772200772201	0	0	0	0	0	0	0	0	0	0	0	0	0	0	0	0	0	0	0.308880308880309	0	0	0	0	0	0	0	0	0	0	0	0	0	0	0	0	0	0	0	0	0	0	0	0	0	0	0	0	0	0	0	0	0.694980694980695	0	0	0.926640926640927	0	0	0	0	0	0	0	0	0	0	0	0	0.154440154440154	0.463320463320463	0	0	0	0	0	0	0	0	0	0	0	0	0	0	0	0	0	0	0	0	0	0	0	0	0	0	0	0	0	0	0	0.231660231660232	0	0	0	0	0	0	0	0.463320463320463
SRR11426376	0	0	0	0	0	0	0	0	0	0	0	0	0	0	0	0	0	0	0	0	0	0	0	0	2.1703743895822	0	0	0	0	0	1.05805751492132	0	0	0	0	0	0	0	0	0	0	0	0	0	0	0	0	0.759631036353771	0	0	0	0	0	0	0	0	0	0	0	0	1.38361367335865	0	0	0.162778079218665	0	0	0	0	0	0	0	0	0	0	0	0	0	0	0	0	0	0	0	0	0	0	0	0	0	0	0	0	0	0	0.813890396093326	3.33695062398264	0	0	0	0	0	0	0	0	77.4009766684753	0	0	0	0	0	0	0	0	2.9028757460662	0	0	0	0	2.4145415084102	0	0	0	1.60065111231687	0	0	0	0	0	0	0	0	0	0	0	0	0	0	0	0	0	0	0	0	0	0	0	0	0	0	0	0	0	0	0	0	0.596852957135106	0	0	0	0	0	0	0	0	0	0	0	0	0	0	2.03472599023332	0	0	1.30222463374932	0	0	0	0	0	0	0	0	0	0	0	0	0.596852957135106	0.949538795442214	0	0	0	0	0	0	0	0	0	0	0	0	0	0	0	0	0	0	0	0	0	0.515463917525773	0	0	0	0	0	0	0	0	0	0	0	0	0	0	0	0	0	0
SRR11426378	0	0	0	0.0560852495793606	0	0	0	0	0	0	0	0	0	0	0	0	0	0	0	0	0	0	0	0	0	0	0	0	0	0	0.92540661805945	0	0	0	0	0	0	0	0	0	0	0	0	0	0	0	0	0.308468872686483	0	0	0	0	0	0	0	0	0	0	0	0	0.140213123948402	0	0	0	0	0	0	0	0	0	0	0	0	0	0	0	0	0	0	0	0	0	0	0	0	0	0	0	0.252383623107123	0	0	0	0	0	0.560852495793606	0.336511497476164	0	0	0	0	0	0	0	0	92.9893438025799	0	0	0	0	0	0.252383623107123	0	0	1.62647223780146	0	0	0	0	0.140213123948402	0	0	0	0.616937745372967	0	0	0	0	0	0	0	0	0	0	0	0	0	0	0	0	0	0	0	0	0	0	0	0	0	0	0	0	0	0	0	0	0	0	0	0	0	0	0	0.420639371845205	0	0	0	0	0	0	0	0.364554122265844	0	0	0	0	0	0	0	0	0	0	0	0	0	0	0	0	0.196298373527762	0	0	0	0	0	0	0	0	0	0	0	0	0	0	0	0	0	0	0	0	0	0.280426247896803	0	0	0	0	0	0.0560852495793606	0	0	0	0	0	0	0	0	0	0	0	0.476724621424565
SRR11426389	0	0	0	0.940518556176919	0	0	0	0	0	0	0	0	0	0	0	0	0	0	0	0	0	0	0	0	1.83019827147941	0	0	0	0	0	1.75394001016777	0	0	0	0	0	0	0	0	0	0	0.12709710218607	0	0	0	0	0	1.2709710218607	0	0	0	0	0	0	0	0	0	0	0	0	0.355871886120996	0	0	0	0	0	0	0.203355363497712	0	1.06761565836299	0	0	0	0	0	0	0	0	0	0	0	0	0	0	0	0	0	0	0.12709710218607	0	0	0	0	0	1.19471276054906	1.32180986273513	0	0	0	0	0	0	0	0	58.6426029486528	0	0	0	0	0	0	0	0	2.41484494153533	0	0	0	0	2.44026436197255	0	0	0	1.01677681748856	0	0	0	0	0	0	0	0	0	0	0	0	0	0	0.305033045246568	0	0	0.406710726995424	0	0	0	0	0.203355363497712	0	0	0	0	0	0	0	0	0	0	1.47432638535841	0	0	0	0	0	1.2709710218607	0	0	0	0	0	0	0	0.838840874428063	0	0	0	0	16.0904931367565	0	0	0	0	0	0	0	0	0	0	0	0	0	0	0	0	0.203355363497712	0	0	0	0	0.355871886120996	0	0.12709710218607	0	0	0	0	0.228774783934926	0	0	0	0	0	0	0	0	0	0	0	0	0	0	0	0	0	0	0	0	0	0	3.78749364514489
SRR11426390	0	0	0	0.313926940639269	0	0	0	0	0	0.0285388127853881	0	0	0	0	0	0	0	0	0	0	0	0	0	0	0.627853881278539	0	0	0	0	0	0.742009132420091	0	0	0	0	0	0	0	0	0	0	0.142694063926941	0	0	0	0	0	0.856164383561644	0	0	0	0	0	0	0	0	0	0	0	0	0	0	0	0	0	0	0	0	0	1.65525114155251	0	0	0	0	0	0	0	0	0	0	0	0	0	0	0	0	0	0	0	0	0	0	0	0	1.45547945205479	3.96689497716895	0	0	0	0	0	0	0	0	78.5958904109589	0	0	0	0.799086757990868	0	0	0	0	4.10958904109589	0	0	0	0	1.1986301369863	0	0	0	0	0	0	0	0	0.313926940639269	0	0	0	0	0	0	0	0	0	0.342465753424658	0	0	0	0	0	0	0	0	0	0	0	0	0	0	0	0	0	0	0	0	0	0	0	0	0	0	0	0	0	0	0	0	1.912100456621	0	0	1.56963470319635	0	0	0	0	0	0	0	0	0	0	0	0	0	0.45662100456621	0	0	0	0	0	0	0	0	0	0	0	0	0	0	0	0	0	0	0	0	0	0.713470319634703	0	0	0	0	0	0	0	0	0	0	0.199771689497717	0	0	0	0	0	0	0
SRR11426393	0	0	0.78003120124805	0.15600624024961	0	0	0	0	0	0.546021840873635	0	0	0	0	0	0	0	0	0	0	0.234009360374415	0	0	0	0	0	0	0	0	0	0.234009360374415	0	0	0	0	0	0	0	0	0	0	0	0	0.234009360374415	0	0	1.24804992199688	0.234009360374415	0	0	0	0	0	0	0	0	0	0	0	0	0	0	0	0	0	0	0	0	0	0	0	0	0	0.858034321372855	0	0	0	0	0	0	0	0	0	0	0	0	0	0	0	0	0	0	0.234009360374415	0	0.390015600624025	0	0.31201248049922	0	0	0	0	0	0	0	74.804992199688	0.234009360374415	0	0	0	0	0.390015600624025	0	0.390015600624025	0	0	0	0	0	1.95007800312012	0	0	0	2.41809672386895	0	0	0	0	0	0.31201248049922	0	0	0	0	0	0	0	0	0.702028081123245	0	0	0	0	0	0	0	0	0	0	0	0	2.49609984399376	0	0	0	0	0	0	0	0	0	0	0	0.62402496099844	0	0	0	0	0	0	0	2.26209048361934	0	0	4.44617784711388	0.390015600624025	0.15600624024961	0	0	0	0	0	0	0	0	0	0	0	0	0	0	0	0	0	0	0	0	0	0	0	0	0	0	0	0	0	0	0.078003120124805	0	0	0	0	0	0	0	0	0	0	0	0	0	0	0	0	0	0	0	2.73010920436817	0.15600624024961
SRR11426396	0	0	0.367936925098555	0.210249671484888	0	0	0	1.36662286465177	0	0	0	0	0	0	0	0	0	0	0	0	0.210249671484888	0	0	0	1.07752956636005	0	0	0	0	0	1.20893561103811	0	0	0	0	0.210249671484888	0	0	0	0	3.5742444152431	0	0	0	0.183968462549277	0	0.683311432325887	0.709592641261498	0	0	0	0	0	0	0	0	0	0	0	0	1.60315374507227	0.578186596583443	0	0	0	0	0	0.420499342969777	0	0.315374507227332	0	0	0	0	0	0	0	0	0	0	0	0	0	0	0	0	0	0	0	0	0	0	0	0	1.34034165571616	1.81340341655716	0.0525624178712221	0	0	0	0	0	0	0	65.1511169513798	0	0	0	0.183968462549277	0	1.15637319316689	0	0	3.99474375821288	0	0	0	0	2.36530880420499	0	0	0.341655716162943	1.28777923784494	0	0	0	0	0	0	0	0	0	0	0	0	0	0	0	0	0	0	0	0	0	0	0	0	0	0	0	0	0	0	0	0	0	0	0	0	0	0	0.367936925098555	0	0	0	0	0	0	0	0.341655716162943	1.28777923784494	0	0	0.946123521681997	0	0.157687253613666	0	0	0	0	0	0	0	0	0	0	0.446780551905388	1.83968462549277	0	3.12746386333771	0	0	0	0	0	0.157687253613666	0	0	0	0	0	0	0	0	0	0	0	0	0	0	0	0	0	0	0	0	0	0	0	0	0	0	0	0	0	0	0	0.919842312746386
SRR11426397	0	0	0	0	0	0.149866423405226	0	0.0586433830716101	0	0	0.0456115201668078	0	0	0	0.527790447644491	0	0	0	0	0	0.228057600834039	0	0	0	0.130318629048022	0	0	0	0	0	0.156382354857627	0	0	0	0	0	0	0	0	0.0456115201668078	0	0.267153189548446	0	0	0	0	0	0.123802697595621	0	0	0	0	0	0	0	0	0	0	0	0	0.156382354857627	0.0325796572620056	0	0.0260637258096045	0	0	0	0.0781911774288135	0	0.0977389717860168	0.0130318629048022	0	0	0	0	0	0	0	0.0260637258096045	0	0	0	0	0	0	0	0	0	0.247605395191243	0	0	0.0325796572620056	0	0	0	0.221541669381638	82.1658956147781	0	0	0	0	0	0	0	10.347299146413	0	0	0	0	0	0.143350491952825	0	0	0.0716752459764123	0	0	0	0	0.169414217762429	0	0	0	0.17593014921483	0	0	0.104254903238418	0	0	0	0	0	0	0	0	0	0	0	0.306248778262853	0.0847071088812146	0	0.495210790382485	0	0	0.46263113312048	0	0	0	0	0.156382354857627	0	0	0	0	0.299732846810452	0	0.104254903238418	0	0	0	0	0	0	0.0195477943572034	0.0716752459764123	0	0	0	0	0	0	0.195477943572034	0	0	0.11728676614322	0	0.0977389717860168	0	0	0	0	0	0	0	0.0195477943572034	0	0	0.0586433830716101	0.0260637258096045	0	0.169414217762429	0	0	0	0.0325796572620056	0	0	0	0	0	0.0130318629048022	0.0325796572620056	0	0	0	0	0	0.0260637258096045	0	0	0	0.052127451619209	0	0	0	0	0	0	0	0	0.0390955887144067	0	0	0	1.08816055255099	0.11728676614322	0	0	0.0716752459764123
SRR11426398	0	0	0	0.274411159387148	0	0.617425108621084	0	0.251543562771553	0	0	0	0	0	0	0	0	0	0	0	0	2.1266864852504	0	0	0	1.23485021724217	0	0	0	0	0	0.365881545849531	0	0	0	0	0	0	0	0	10.1074777040933	0.0457351932311914	0.754630688314658	0	0	0.205808369540361	0	1.89801051909444	0.663160301852275	0	0	0	0	0	0	0	0	0	0	0	0	0.434484335696318	0	0	0	0	0	0	0	0	1.23485021724217	0	0	0	0	0	0	0	0	0	0	0	0	0	0	0	0	0	0	0	0	0	0	0	0	0.48021952892751	1.25771781385776	0	0	0	0	0	0	0	0	66.7733821175395	0	0	0	0	0	0	0	0	3.54447747541733	0	0.16007317630917	0	0	4.04756460096044	0	0.0457351932311914	0	0	0	0	0	0	0	0.0457351932311914	0	0	0	0	0	0	0	0	0.754630688314658	0	0	0	0	0	0	0	0	0	0	0	0	0	0	0	0	0	0	0	0	0	0	0	0	0	0	0	0	0	0	0	0	1.55499656986051	0	0	0.205808369540361	0	0	0	0	0	0	0	0	0	0	0	0	0	0	0	0.228675966155957	0	0	0.137205579693574	0	0	0	0	0	0	0	0	0	0	0	0	0	0	0	0	0	0.365881545849531	0	0	0	0	0	0	0	0	0	0	0	0	0	0	0	0	0.182940772924766
SRR11426400	0	0	0	0.096628730942667	0	0.182520936225038	0	0	0	0	0	0	0	0	0	0	0	0	0	0	0.397251449430964	0	0	0	1.4709040154606	0	0	0	0	0	0.300622718488297	0	0	0	0	0	0	0	0	0	0	0	0	0	0	0	0	0.472407129053038	0	0	0	0	0	0	0	0	0	0	0	0	0	0	0	0	0	0	0	0	0	0	0	0	0	0	0	0	0	0	0	0	0	0	0	0	0	0	0	0	0	0	0	0	0	0	0	0.73008374490015	0	0	0	0	0	0	0	0	90.326390380073	0	0	0	0	0	0	0	0	1.26691002791497	0	0	0	0	0.740820270560447	0	0	0	0.343568821129483	0	0	0	0	0	0	0	0	0	0	0.11810178226326	0	0	0	0.268413141507408	0.0858922052823706	0	0	0	0	0	0	0	0	0	0	0	0	0	0	0	0	0	0	0	0	0	0	0	0	0	0	0	0	0	0	0	1.42795791281941	0	0	0.858922052823706	0	0	0	0	0	0	0	0	0.493880180373631	0	0	0	0.300622718488297	0	0	0	0	0	0	0	0	0	0	0	0	0	0	0	0	0	0	0	0	0	0	0	0	0	0	0	0	0	0	0	0	0	0	0	0	0	0	0	0	0.11810178226326
SRR11426406	0	0	0.212876427829699	0.524402907580478	0	0.14018691588785	0.0363447559709242	0.555555555555556	0	0	0	0.129802699896158	0	0	0.09865005192108	0	0	0	0	0	0	0	0	0	0.685358255451713	0	0.0778816199376947	0	0	0	1.88473520249221	0.0467289719626168	0	0	0	0	0	0	0.09865005192108	0	0.550363447559709	0.425752855659398	0	0.0415368639667705	0	0.617860851505711	0.327102803738318	0.379023883696781	0	0	0	0	0.0674974039460021	0	0	0	0	0	0	0	0.389408099688474	0	0	0	0	0	0	0.09865005192108	0	0.545171339563863	0.0467289719626168	0	0	0	0	0	0	0	0	0	0	0	0	0	0.124610591900312	0	0	0	0	0	0	0.0415368639667705	0.0571131879543094	0.264797507788162	0.207684319833853	0.4932502596054	2.75181723779855	0.160955347871236	0	0.114226375908619	0	0	0	0	71.858774662513	0	0	0	0.0103842159916926	0	0.467289719626168	0	0.155763239875389	1.9730010384216	0	0	0	0	0.664589823468328	0	0	0	0.524402907580478	0	0.218068535825545	0	0	0	0.114226375908619	0	0	0	0	0	0	0	0	0.737279335410177	0.0934579439252337	0	0.192107995846314	1.00207684319834	0	0	0	0	0	0	0	0	0.083073727933541	0	0	0	0	0.083073727933541	2.09761163032191	0	0	0	0.192107995846314	0	0.404984423676013	0	0	0	0.0519210799584631	0	0	0	3.3073727933541	0	0	0.674974039460021	0	0.290758047767394	0	0	0	0	0	0.249221183800623	0	0	0	0.171339563862928	0	0	0	0	0	0	0	0	0.160955347871236	0	0	0	0.88785046728972	0	0	0	0	0	0	0	0.129802699896158	0.181723779854621	0	0	0	0	0	0	0	0	0	0	0	0.176531671858775	0	0	0	0	0	0	0	0.649013499480789
SRR11426411	0	0	0	0.485731633272617	0	0	0	0.0607164541590771	0	0.303582270795386	0	0	0	0	0	0	0	0	0	0	0	0	0	0	0.485731633272617	0	0	0	0	0	0.485731633272617	0	0	0	0	0	0	0	0	0	0	0	0	0	0	0	0	0	0	0	0	0	0	0	0	0	0	0	0	0	0.728597449908925	0	0	0	0	0	0	0	0	0.242865816636308	0	0	0	0	0	0	0	0	0	0	0	0	0	0	0	0	0	0	0	0	0	0	0	0	0	0	0	0	0	0	0	0	0	0	92.10686095932	0	0	0	0	0	0	0	0	0.242865816636308	0	0	0	0	0.971463266545234	0	0	0	0	0	0	0	0	0	0	0	0	0	0	0	0	0	0	0	0	0	0	0.485731633272617	0	0	0	0	0	0	0	0	0	0	0	0	0	0	0	0	0	1.45719489981785	0	0	0	0	0	0	0	0	0	0	1.45719489981785	0	0	0	0	0	0	0	0	0	0	0	0	0	0	0	0	0.0607164541590771	0	0	0	0	0	0	0	0	0	0	0	0	0	0	0	0	0	0	0	0	0	0	0	0	0	0	0	0	0	0	0	0.242865816636308	0	0	0	0	0	0	0	0.182149362477231
