run	total_reads	g__Acer	g__Acremonium	g__Actinomucor	g__Agaricales_gen_Incertae_sedis	g__Albifimbria	g__Allium	g__Allocryptovalsa	g__Allovahlkampfia	g__Alternaria	g__Amyloporia	g__Anthracina	g__Antrodiella	g__Arabidopsis	g__Arthrocatena	g__Ascotricha	g__Aspergillus	g__Aureobasidium	g__Auricularia	g__Baltazaria	g__Basidiodendron	g__Beauveria	g__Bipolaris	g__Bjerkandera	g__Blumeria	g__Botryotrichum	g__Botrytis	g__Brassica	g__Buckleyzyma	g__Bullera	g__Bulleribasidium	g__Camarops	g__Candida	g__Candolleomyces	g__Cercozoa_gen_Incertae_sedis	g__Cerrena	g__Chaetomium	g__Cheilymenia	g__Chlamydomonas	g__Chlorococcum	g__Chrysothrix	g__Citrus	g__Cladosporium	g__Clitocybe	g__Clonostachys	g__Coleosporium	g__Collariella	g__Colletotrichum	g__Coniosporium	g__Coprinopsis	g__Cordana	g__Coronicium	g__Cryptococcus	g__Cucumis	g__Cucurbita	g__Curvibasidium	g__Curvularia	g__Cutaneotrichosporon	g__Cyanosporus	g__Cylindrobasidium	g__Cystobasidiomycetes_gen_Incertae_sedis	g__Cystobasidium	g__Cystofilobasidium	g__Daedaleopsis	g__Daucus	g__Debaryomyces	g__Debaryomycetaceae_gen_Incertae_sedis	g__Didymella	g__Dioszegia	g__Draba	g__Edenia	g__Elmerina	g__Elymus	g__Enterocarpus	g__Entyloma	g__Epicoccum	g__Erythrobasidium	g__Eukaryota_gen_Incertae_sedis	g__Exophiala	g__Fibroporia	g__Fibulomyces	g__Filobasidium	g__Flammulina	g__Fomitopsis	g__Fusarium	g__Genolevuria	g__Glycine	g__Golubevia	g__Hannaella	g__Harzia	g__Heterobasidion	g__Hexagonia	g__Holtermannia	g__Humicola	g__Humulus	g__Hyphoderma	g__Hyphodontia	g__Hypholoma	g__Hyphopichia	g__Inonotus	g__Ipomoea	g__Irpex	g__Irpicaceae_gen_Incertae_sedis	g__Ischnoderma	g__Jaminaea	g__Kazachstania	g__Knufia	g__Kurtzmaniella	g__Lasiobolidium	g__Lasiobolus	g__Lentinula	g__Lepista	g__Leptodictyum	g__Leptospora	g__Linnemannia	g__Lithohypha	g__Loweomyces	g__Lyomyces	g__Malassezia	g__Marasmius	g__Melanophyllum	g__Meyerozyma	g__Microdochium	g__Moesziomyces	g__Mortierella	g__Mucor	g__Musa	g__Myriangiales_gen_Incertae_sedis	g__Naganishia	g__Neoacremonium	g__Neoascochyta	g__Neocamarosporium	g__Neoceratosperma	g__Neocucurbitaria	g__Neosetophoma	g__Neurospora	g__Nigrospora	g__Nothophoma	g__Ochrocladosporium	g__Oligophagozyma	g__Oxyporus	g__Papiliotrema	g__Paradevriesia	g__Paraphoma	g__Parasarocladium	g__Peltaster	g__Penicillium	g__Peniophora	g__Peniophorella	g__Perenniporia	g__Periconia	g__Peroneutypa	g__Pestalotiopsis	g__Pezizales_gen_Incertae_sedis	g__Phaeococcomyces	g__Phaeosphaeria	g__Phaeosphaeriaceae_gen_Incertae_sedis	g__Phanerochaete	g__Phlebia	g__Pholiota	g__Phomatospora	g__Phyllanthus	g__Physisporinus	g__Pichia	g__Pithomyces	g__Pithya	g__Plectosphaerella	g__Pleurotus	g__Poa	g__Polyporaceae_gen_Incertae_sedis	g__Porostereum	g__Preussia	g__Prunus	g__Pseudeurotium	g__Pseudogymnoascus	g__Pseudomicrostroma	g__Pseudomuriella	g__Puccinia	g__Pyrenochaetopsis	g__Pyricularia	g__Radulomyces	g__Raphanus	g__Rasamsonia	g__Rhizophlyctis	g__Rhodosporidiobolus	g__Rhodotorula	g__Rosa	g__Saccharomyces	g__Saitozyma	g__Sarocladium	g__Sawadaea	g__Scenedesmaceae_gen_Incertae_sedis	g__Schizophyllum	g__Setomelanomma	g__Setophoma	g__Sida	g__Sirobasidium	g__Sistotrema	g__Sistotremastrum	g__Skvortzovia	g__Solicoccozyma	g__Sporisorium	g__Sporobolomyces	g__Stagonosporopsis	g__Stereaceae_gen_Incertae_sedis	g__Stereum	g__Sterigmatomyces	g__Streblotrichum	g__Strobilurus	g__Symmetrospora	g__Tausonia	g__Thermomyces	g__Torula	g__Toxicocladosporium	g__Trametes	g__Trechispora	g__Trichoderma	g__Trichomerium	g__Trichomonascus	g__Trichosporon	g__Trichothecium	g__Triticum	g__Tulasnellaceae_gen_Incertae_sedis	g__Tyromyces	g__Ustilaginoidea	g__Ustilago	g__Uwebraunia	g__Vacuiphoma	g__Vishniacozyma	g__Wallemia	g__Wickerhamomyces	g__Xeromyces	g__Xylodon	g__Zasmidium	g__Zymoseptoria	Unassigned
SRR11604871	8190	0	0	0	0	0	51	0	0	0	0	0	0	0	0	0	1	0	0	0	0	0	0	0	0	0	0	0	0	0	0	0	0	0	47	0	0	0	0	0	0	0	0	0	0	0	0	0	0	0	0	0	0	13	0	0	0	0	0	0	0	0	0	0	0	0	0	0	0	0	0	0	0	112	0	0	0	0	0	0	0	0	0	0	0	0	0	0	0	0	0	0	84	30	0	0	0	0	0	0	0	18	0	0	0	0	0	0	0	56	0	0	0	0	15	0	0	0	6841	0	0	0	0	0	78	70	0	0	309	0	0	0	0	0	0	0	0	0	0	0	0	0	0	0	0	0	0	0	0	0	0	0	0	0	0	0	0	0	0	0	0	0	0	0	0	0	0	0	0	0	0	0	0	0	0	0	0	0	0	0	0	0	0	0	0	49	0	0	0	0	0	0	0	0	0	0	0	0	0	0	0	0	0	0	0	0	0	39	0	0	138	0	0	0	0	0	0	0	2	0	0	0	0	0	0	0	0	0	0	0	0	0	0	0	0	237
SRR11604872	120815	0	0	0	0	0	0	0	0	50	0	0	0	3282	0	0	0	0	0	0	0	0	0	0	0	0	0	0	0	0	0	0	0	0	0	1313	0	0	109	0	0	1095	2007	0	0	0	0	0	0	0	0	0	0	0	0	0	0	0	0	0	0	0	0	0	0	0	0	0	0	0	0	0	0	2746	0	0	0	0	0	0	0	0	0	0	0	931	0	0	0	0	0	0	0	1029	0	0	0	0	0	0	0	0	0	0	0	0	0	0	0	0	0	0	0	0	1012	0	0	0	91949	0	0	0	0	0	0	3037	0	0	0	0	0	0	0	0	0	0	0	0	30	0	0	0	0	0	0	0	101	0	0	0	0	0	0	0	0	0	0	0	0	0	0	0	0	0	0	0	0	0	0	497	0	0	0	0	0	0	0	0	0	0	0	285	0	0	0	0	0	0	0	0	0	0	0	0	0	250	0	0	0	0	0	0	0	0	0	0	0	0	0	0	0	0	0	0	0	0	0	0	0	0	0	0	0	0	0	687	0	0	0	0	0	0	0	0	0	10405
SRR11604873	140642	0	0	0	207	0	6	0	0	0	0	0	0	0	0	0	901	0	0	0	0	0	0	0	0	0	0	0	0	0	0	0	0	0	0	0	0	0	0	0	0	0	5320	0	0	0	0	0	0	0	0	0	0	0	0	507	0	0	0	0	0	527	0	0	0	0	0	0	0	0	0	0	0	5540	0	0	0	0	0	0	0	0	0	0	0	0	0	0	0	0	0	0	0	3	0	0	0	0	0	0	0	0	0	0	0	0	0	0	0	5233	0	0	0	0	0	0	0	0	93989	0	0	0	0	0	0	256	0	0	0	0	0	0	0	0	0	2770	384	0	0	0	0	0	0	0	0	0	0	0	0	0	11450	0	0	0	0	405	0	0	0	0	0	0	0	0	0	0	0	0	0	0	0	0	0	0	0	0	0	0	0	0	0	0	2109	0	0	1318	0	0	0	0	0	0	0	0	0	0	0	0	0	0	0	0	0	3030	0	0	0	0	0	442	0	0	0	0	0	0	0	0	0	0	0	0	0	0	0	0	0	604	292	0	0	0	0	0	0	5349
SRR11604876	13101	0	0	21	0	0	0	0	0	0	0	0	0	467	0	0	0	0	0	0	0	0	0	0	0	371	0	0	0	0	0	0	0	0	1174	0	0	0	131	0	0	6	2	0	0	0	42	0	0	0	0	0	0	0	0	0	0	0	0	0	0	0	0	0	0	0	250	0	0	0	0	0	0	956	0	0	0	0	0	0	0	0	0	0	269	0	0	0	0	0	0	0	63	319	0	0	0	0	0	0	0	0	0	0	0	0	0	0	208	2507	0	0	0	0	283	0	0	0	1608	0	0	0	0	0	504	1335	0	0	0	0	0	0	0	0	0	454	0	0	0	0	0	0	0	0	0	0	4	0	0	0	0	0	0	76	0	0	0	0	0	0	0	0	0	0	0	0	0	0	0	0	0	4	0	0	0	0	0	0	0	0	0	8	43	0	0	0	0	0	0	0	0	0	0	0	0	0	0	0	0	0	314	0	0	97	0	0	0	63	0	0	0	0	0	0	0	0	0	0	26	0	2	0	0	0	0	0	0	0	0	0	0	0	0	0	0	1494
SRR11604877	4527	0	0	0	0	0	0	0	0	36	0	0	0	7	0	0	1	0	0	0	0	0	0	0	0	0	0	0	0	0	22	0	0	0	191	0	0	0	0	0	0	0	406	0	0	0	0	0	0	0	0	0	0	0	0	0	0	0	0	0	0	0	0	0	0	0	43	30	0	0	0	0	0	30	0	0	0	0	0	0	0	0	0	0	58	0	0	0	0	0	74	0	3	83	0	0	0	0	0	0	0	0	0	0	0	193	0	0	82	50	0	0	0	0	0	0	0	0	1730	0	0	0	0	0	0	13	0	0	155	0	0	0	0	0	0	8	0	0	131	0	0	259	0	80	0	0	65	0	0	0	0	0	0	0	12	0	0	0	0	0	0	0	0	0	0	0	0	0	0	0	0	0	0	0	0	0	0	0	0	0	0	5	0	0	0	244	0	0	92	96	0	0	0	0	0	0	0	9	0	0	2	0	0	0	0	0	0	0	0	0	0	0	0	0	0	0	0	0	0	0	0	31	0	0	0	0	0	0	0	0	0	0	0	0	10	276
SRR11604879	21015	0	0	0	0	0	0	0	0	5	0	0	17	0	0	0	76	2	0	0	0	6	0	0	0	0	0	0	0	0	0	0	74	0	0	0	0	0	0	0	0	49	328	0	0	0	0	0	0	0	0	0	0	0	0	0	0	14	0	0	0	0	19	0	0	0	0	0	0	0	0	0	13	0	0	0	0	0	0	0	0	88	0	0	0	0	0	0	0	0	0	0	0	0	0	0	0	0	0	0	0	0	0	0	0	0	0	0	0	0	0	0	0	0	0	0	0	0	18725	0	0	0	0	0	0	0	0	0	247	0	0	0	0	0	0	0	0	0	0	0	0	0	0	0	0	0	17	0	0	0	0	0	0	0	0	0	0	0	10	0	0	0	0	0	0	0	0	0	0	0	0	0	0	0	0	14	0	0	0	0	0	0	0	0	0	185	0	66	0	0	100	0	0	0	0	0	0	0	0	0	0	49	0	0	0	0	0	0	0	47	0	0	0	0	32	0	0	0	0	0	0	250	0	0	0	0	0	0	0	0	0	0	0	10	0	572
SRR11604884	11778	0	0	0	0	0	0	0	0	59	0	0	0	142	0	0	55	0	0	0	0	0	0	0	0	75	0	740	0	0	0	0	0	0	268	0	0	0	0	0	0	0	605	0	0	0	0	0	0	0	0	0	0	0	0	0	0	0	0	0	0	0	0	0	0	0	441	0	0	0	0	0	0	132	0	0	0	0	0	0	0	0	0	0	161	0	0	0	0	0	0	0	0	0	0	0	0	0	0	0	0	0	0	0	0	0	0	0	0	137	0	0	0	0	0	0	0	0	6817	0	127	0	0	0	0	485	0	0	0	0	0	0	0	0	0	0	0	0	0	0	0	0	0	0	0	0	75	0	0	0	0	0	0	0	0	0	0	14	0	0	0	0	0	0	0	0	0	0	0	0	0	0	102	109	0	26	0	0	0	0	0	0	0	0	0	609	0	0	0	0	0	0	30	0	0	0	0	0	0	0	163	0	0	0	0	0	0	0	274	0	0	0	0	0	0	0	0	0	0	78	0	0	0	0	0	0	0	0	0	0	0	0	0	0	0	54
SRR11604886	25982	0	48	0	0	0	0	0	0	906	0	0	0	0	0	0	86	101	0	0	0	0	0	0	0	192	0	0	0	0	0	0	0	0	705	0	0	0	12	0	0	0	3535	0	0	0	0	0	0	0	0	0	0	0	11	0	0	0	0	503	0	99	0	0	0	0	1116	0	161	0	0	0	0	1	0	0	109	0	0	0	0	457	0	0	0	0	0	0	0	0	0	0	0	352	0	0	0	0	0	0	0	0	0	174	0	0	0	0	0	925	0	0	0	0	98	50	0	0	5669	0	0	0	0	0	1076	1217	0	0	0	0	0	0	0	0	0	579	137	0	0	0	0	0	0	0	0	0	80	0	0	0	0	0	0	0	0	0	0	29	0	0	0	0	0	0	0	0	0	0	0	0	0	0	26	0	0	0	0	0	0	0	0	0	0	0	0	365	0	0	0	0	0	0	310	0	0	0	0	0	0	0	483	0	0	627	0	0	0	0	0	0	0	0	0	0	0	0	0	0	885	0	0	0	0	0	0	0	0	0	0	98	0	0	0	0	0	4760
SRR11604887	5380	0	0	0	0	0	0	28	0	111	0	0	0	27	0	0	107	0	0	0	0	0	0	0	11	0	74	0	0	0	0	0	0	0	77	14	0	0	0	0	0	0	107	0	0	0	0	0	0	0	0	0	0	0	0	0	0	0	0	0	0	0	0	0	0	0	115	20	0	0	0	0	0	5	0	0	21	0	0	0	0	0	0	0	49	0	36	0	0	0	0	0	74	38	0	0	0	0	0	0	0	0	0	0	0	0	0	0	0	22	0	0	0	0	57	0	0	0	1945	0	0	0	0	0	1	50	0	0	194	0	0	0	0	0	0	19	0	0	0	36	0	0	0	0	0	0	0	0	94	0	558	0	0	0	0	0	0	69	0	0	7	0	0	0	0	0	0	0	0	0	22	0	0	0	0	0	0	0	0	0	0	0	0	0	0	257	0	0	0	0	0	0	0	0	19	0	0	0	0	0	1	0	0	127	0	0	0	0	0	0	0	0	0	9	0	0	0	0	2	0	0	0	0	0	0	8	0	0	0	0	0	0	0	0	0	969
SRR11604890	80751	0	0	0	0	0	0	0	0	0	0	0	0	1010	0	0	0	0	0	0	0	0	0	0	0	333	0	0	0	0	0	0	0	0	7206	0	0	0	1364	0	0	0	123	0	0	0	601	0	0	0	0	0	0	0	0	0	0	0	0	0	0	0	0	0	0	0	1477	0	0	0	0	0	0	9886	0	0	0	0	0	0	0	375	0	0	1430	0	0	0	0	0	0	0	656	1340	0	0	0	0	0	0	0	0	0	0	0	0	0	0	1666	13852	64	0	0	0	1689	0	0	0	12037	0	0	0	0	0	2070	5902	0	0	256	0	0	0	0	0	0	1068	0	0	0	0	0	0	0	0	0	0	52	0	0	0	0	0	0	404	0	0	0	20	0	0	0	0	0	0	0	0	0	0	0	0	0	0	0	0	0	0	0	0	0	0	0	0	73	0	0	132	0	0	0	0	0	0	107	0	0	0	0	115	0	0	1646	0	0	620	0	0	0	759	0	0	0	0	0	0	0	0	0	0	2441	0	0	0	72	0	0	0	0	0	0	0	0	0	0	0	0	9905
SRR11604892	183609	0	0	0	0	0	58	0	0	135	0	0	0	9356	0	0	217	0	0	0	0	0	0	0	0	5363	0	0	0	0	0	0	0	0	20127	0	0	0	2256	0	0	0	619	0	0	0	313	0	0	47	0	0	0	0	0	0	99	0	0	0	0	0	0	0	0	0	6821	32	0	0	0	0	0	17320	0	0	0	0	0	0	0	0	0	0	5289	0	0	0	0	0	0	0	2593	5843	0	0	0	0	0	0	0	0	0	0	0	0	0	0	3099	31320	0	0	0	0	4951	0	0	0	2740	0	0	0	0	0	6617	15455	0	0	157	0	0	0	0	53	0	4379	0	0	0	0	0	35	0	0	0	0	0	0	0	0	0	0	162	1277	0	0	0	0	0	0	0	0	0	0	0	0	0	173	0	0	18	265	0	0	0	0	0	0	0	0	0	0	841	0	0	0	0	0	0	0	0	0	0	0	0	0	0	0	0	0	5663	0	60	2770	0	0	0	1486	0	111	309	0	0	0	84	0	0	0	2831	0	0	0	0	0	40	0	0	0	0	0	0	0	0	0	0	22225
SRR11604904	42849	0	0	0	0	0	0	0	0	10	0	0	0	0	0	0	0	0	0	0	0	0	0	0	0	0	0	0	0	0	0	0	0	0	0	0	0	0	0	0	0	0	7	0	0	0	0	0	0	0	0	0	0	0	0	0	0	0	0	0	0	0	0	0	0	0	0	0	0	0	0	0	0	28	0	0	0	0	0	0	0	0	3	0	13	0	0	0	0	0	0	0	0	0	0	0	0	0	0	0	0	2	0	0	0	0	0	2	0	15	0	0	0	0	0	0	0	0	42717	0	0	0	0	0	0	33	0	0	0	0	0	0	0	0	0	15	0	0	0	0	0	0	0	0	0	0	0	0	0	0	0	0	0	0	0	0	0	0	0	0	0	0	0	0	0	0	0	0	0	0	0	0	0	0	0	0	0	0	0	0	0	0	0	0	0	0	0	0	0	0	0	0	0	0	0	0	0	0	0	0	0	0	0	0	0	0	0	0	0	4	0	0	0	0	0	0	0	0	0	0	0	0	0	0	0	0	0	0	0	0	0	0	0	0	0	0
SRR11604905	70636	0	0	0	0	0	0	0	0	308	0	0	0	60	0	0	90	116	0	0	0	0	0	0	0	0	0	0	0	0	0	0	0	0	0	0	0	0	0	0	0	0	110	0	0	0	0	0	0	0	0	0	0	0	0	0	0	0	0	0	0	5	0	0	0	0	0	0	0	0	0	0	0	0	0	0	0	0	0	0	0	128	0	0	0	0	0	4	0	3	0	105	0	0	0	0	0	0	0	0	0	0	0	0	0	0	447	0	0	283	0	0	0	0	252	0	0	0	67301	0	0	0	0	0	218	0	0	0	86	0	0	0	0	0	0	77	0	0	0	0	0	20	0	0	0	0	104	0	0	0	0	0	0	0	0	0	0	0	0	0	0	0	0	0	0	0	0	44	0	0	0	0	0	0	0	0	0	0	0	0	0	0	0	0	0	613	0	0	0	0	0	0	0	0	0	0	23	0	0	0	0	0	0	0	0	0	5	0	0	0	0	0	0	0	0	0	0	0	0	0	0	0	0	0	0	0	0	0	0	36	0	0	0	0	0	198
SRR11604908	28471	0	0	0	0	0	20	0	0	138	0	0	0	25	0	0	0	0	0	0	0	0	0	0	0	0	0	0	0	0	0	0	37	0	34	0	0	0	108	0	0	0	243	0	0	0	0	0	0	0	0	0	0	0	0	0	0	0	0	50	0	0	0	0	0	0	3	28	0	0	0	0	0	12	0	0	0	0	0	0	0	0	0	0	0	0	0	0	0	0	0	0	0	0	0	0	0	0	0	0	54	0	0	0	0	0	0	0	4	20	0	0	0	0	0	0	0	0	26719	0	0	0	0	0	0	67	0	0	0	0	0	0	0	0	0	36	0	0	0	0	0	0	0	0	22	0	0	0	0	0	0	0	0	0	0	0	0	0	0	83	0	0	0	0	0	0	0	0	0	0	0	0	0	0	0	0	0	0	0	0	0	46	0	0	0	621	0	0	0	0	0	0	0	0	0	0	0	0	0	0	0	0	0	10	0	0	0	0	0	0	0	0	0	0	0	0	0	0	0	0	0	0	0	0	0	0	0	0	0	0	0	0	0	0	0	91
SRR11604870	54506	0	0	0	0	0	0	0	0	2	0	0	0	0	0	0	0	0	0	0	0	20	0	0	0	0	0	0	0	0	0	0	0	0	133	0	0	0	0	0	0	0	28	0	0	0	0	0	0	0	0	0	0	0	0	0	0	0	0	0	0	0	0	0	0	0	20	0	0	0	0	0	0	2	0	0	0	0	0	0	0	6	0	0	0	0	0	0	0	0	0	0	0	54	0	0	0	0	0	0	0	0	0	0	7	0	11	0	0	0	0	0	0	0	0	0	0	0	54135	0	0	0	0	0	0	0	0	0	0	0	0	0	0	0	0	0	0	0	0	0	0	0	0	0	0	0	5	0	0	0	0	0	0	0	0	0	0	0	0	0	0	0	0	0	0	0	0	0	0	0	0	0	0	0	0	0	0	0	0	0	0	0	0	0	0	0	0	0	0	0	0	0	0	0	0	0	0	0	0	0	0	0	0	0	0	0	0	0	0	0	0	0	0	0	0	0	0	0	0	0	0	0	0	0	0	0	0	0	0	0	0	0	0	0	0	83
SRR11604874	45541	0	0	0	0	77	0	0	0	0	0	0	0	0	0	0	569	0	0	0	0	0	0	0	0	0	0	108	0	0	0	0	0	0	1158	0	0	0	1577	0	0	0	2971	0	0	0	0	0	0	0	0	0	0	0	0	0	0	0	0	0	0	0	0	0	0	0	0	0	0	0	0	0	0	0	0	0	0	0	0	0	0	0	0	0	0	0	0	0	0	0	0	0	0	0	0	0	0	0	0	0	0	0	0	0	0	0	0	0	0	2996	0	0	0	0	0	0	0	1293	30038	0	0	0	0	0	0	0	0	0	0	0	0	0	0	0	0	0	0	0	0	0	0	0	0	0	0	0	0	0	0	0	0	0	0	0	0	0	0	0	0	0	0	0	0	0	0	0	0	0	0	0	0	0	0	0	0	0	0	0	0	0	0	0	0	0	0	1623	0	0	0	0	0	0	0	0	0	0	0	0	0	0	2127	0	0	0	0	0	0	0	0	0	0	0	519	0	0	0	0	0	7	0	0	0	0	0	0	0	0	0	0	0	0	0	0	0	0	478
SRR11604878	18485	0	0	0	0	0	8	0	5	25	0	0	0	0	0	0	26	0	0	0	0	0	0	0	0	53	0	0	0	0	0	0	0	0	0	0	0	0	0	0	0	21	541	0	0	0	0	0	0	0	0	0	0	0	0	0	0	0	0	0	0	0	43	0	0	0	0	0	0	0	0	0	0	0	0	49	17	0	0	0	0	0	0	0	0	0	295	0	0	0	0	0	0	0	0	0	0	0	0	0	0	0	0	0	0	0	23	0	0	0	21	0	0	0	0	0	0	0	13115	0	0	0	0	0	0	0	0	0	217	0	0	0	0	0	0	0	0	0	0	0	86	0	0	82	0	0	0	0	0	0	0	0	0	0	0	0	0	0	66	0	0	0	0	0	0	0	0	0	0	0	0	0	0	0	0	0	0	0	0	0	0	0	0	0	0	130	0	0	0	0	0	0	0	0	0	0	0	0	0	0	0	0	0	0	0	0	0	0	0	0	0	0	0	0	0	0	0	0	0	0	0	0	0	0	0	31	0	0	0	0	0	0	0	0	0	3631
SRR11604882	8099	0	0	0	0	0	0	0	0	476	0	0	0	0	0	0	191	0	0	0	0	0	0	0	0	0	0	0	0	14	0	0	0	21	0	0	0	0	0	0	0	0	768	0	0	0	0	0	0	0	0	0	0	0	0	0	0	0	4	0	0	0	0	0	0	0	0	0	0	0	0	0	0	0	0	0	12	0	0	0	0	0	0	0	75	0	0	0	25	0	0	0	0	0	0	0	0	0	0	0	0	8	38	0	0	0	0	0	0	1	0	0	0	0	0	0	0	0	4549	0	0	0	0	0	0	0	0	0	322	0	0	0	0	0	0	0	0	0	0	0	0	22	0	0	0	0	0	0	0	0	0	0	0	0	0	0	0	0	4	0	0	0	0	0	0	0	0	0	0	0	0	0	0	0	0	0	0	0	0	24	66	0	0	0	0	898	0	391	0	0	0	0	0	0	0	0	0	0	0	0	0	0	16	0	0	23	0	0	0	0	0	0	0	0	14	0	0	83	0	0	0	0	0	0	16	0	0	0	0	0	0	0	0	0	0	38
SRR11604888	36457	0	0	0	0	0	12	0	0	20	0	24	37	0	0	25	366	0	0	0	0	0	0	0	0	120	0	314	0	0	0	0	0	0	3	0	34	0	0	0	248	0	304	0	0	0	0	0	0	0	34	0	0	0	25	0	0	0	0	0	0	0	0	0	56	0	0	0	25	0	0	0	0	0	0	0	0	0	0	0	0	0	0	0	122	0	0	0	0	0	0	0	0	0	0	0	0	0	0	0	0	20	0	0	0	0	0	0	0	177	0	0	0	0	0	0	0	0	32876	0	0	0	0	0	0	0	0	0	114	37	0	0	14	0	0	0	0	0	0	0	0	0	15	0	0	0	41	0	0	12	0	0	0	0	0	0	0	0	107	0	0	0	0	0	0	0	0	0	0	0	0	0	0	0	0	0	0	0	0	0	0	430	0	0	0	151	0	0	0	0	0	0	0	0	73	0	0	0	105	0	0	0	0	0	0	0	0	0	0	55	0	0	119	0	0	0	0	0	0	0	0	0	0	0	4	29	0	0	0	19	0	0	13	0	0	277
SRR11604889	182430	253	0	0	0	0	0	0	0	0	0	0	0	2729	0	0	8151	0	0	0	0	0	0	0	0	1042	0	0	0	0	0	0	0	0	14723	0	0	0	606	0	0	0	2076	0	0	0	1374	0	0	0	0	0	0	0	0	0	0	0	0	0	0	43	0	0	0	0	1483	0	0	686	199	0	0	8388	0	0	0	0	0	0	0	1925	0	0	3818	0	0	0	0	0	0	0	5162	2361	0	347	0	0	0	0	0	1457	0	0	0	0	0	0	3689	12179	0	0	0	199	2586	301	60	0	73082	0	0	0	0	0	5018	3334	0	0	0	0	0	0	0	0	0	3006	0	0	0	0	0	0	0	0	0	0	0	601	0	0	0	0	0	1051	0	415	0	0	0	0	0	0	0	0	0	0	0	0	0	0	0	0	0	0	0	0	0	0	0	0	0	0	0	0	0	2577	0	0	0	0	0	0	0	0	0	0	0	0	0	0	2690	0	0	0	0	0	0	929	0	0	0	693	0	0	0	0	0	0	47	0	0	0	0	0	0	0	0	0	0	3143	0	0	0	0	0	10007
SRR11604891	59288	0	0	0	0	0	0	0	0	0	0	0	0	3754	0	0	7	0	0	0	0	0	0	0	0	1520	0	0	0	0	0	0	0	0	4758	0	0	0	0	0	0	0	815	0	0	0	249	0	0	0	0	0	0	0	0	0	0	0	0	0	0	0	0	0	0	7	0	0	0	0	0	0	0	5899	0	0	0	0	0	0	0	0	0	0	2103	0	0	0	0	0	0	0	10	1686	0	0	0	488	0	0	0	0	0	0	0	0	0	0	624	10131	0	0	0	0	3644	0	0	0	1193	98	0	0	0	0	2040	4402	0	0	0	0	0	0	0	0	0	2452	0	0	0	0	0	0	0	0	0	0	0	0	0	0	0	0	0	2731	0	0	0	0	0	0	0	0	0	0	0	0	0	0	0	0	0	0	0	0	0	0	0	0	0	0	0	0	0	0	0	745	0	0	0	0	0	0	0	0	0	0	0	401	0	0	1713	0	0	0	0	0	0	8	0	0	0	0	0	0	0	0	0	0	207	0	0	0	0	0	0	0	0	0	0	0	0	0	0	0	0	7603
SRR11604894	29781	0	0	0	0	0	0	0	0	151	0	0	0	781	0	0	138	0	0	0	0	0	0	0	0	558	0	0	0	0	0	0	0	0	2227	0	0	0	527	78	0	0	121	0	0	0	65	0	0	0	0	0	0	0	0	0	0	0	0	0	0	0	19	0	0	0	680	0	0	0	0	0	0	1966	0	0	0	65	0	0	0	0	0	0	833	0	0	0	0	0	0	0	288	965	0	0	0	0	0	0	0	0	0	0	0	0	0	0	496	3867	0	0	0	0	665	0	0	0	6837	0	0	0	0	0	782	2137	0	0	30	0	0	35	0	34	0	687	0	0	0	0	0	0	0	0	0	0	42	0	0	0	162	0	0	314	0	41	0	0	0	0	0	0	0	0	0	0	10	0	0	0	0	15	0	0	0	0	0	0	0	0	0	0	37	0	0	54	0	0	0	0	0	0	0	0	0	0	0	0	0	0	511	0	0	541	0	0	0	98	0	0	0	0	0	0	4	0	0	0	68	0	0	0	0	0	0	28	0	0	0	0	0	0	0	0	0	2824
SRR11604895	18964	0	0	0	0	0	0	0	0	808	0	0	0	0	0	0	0	0	0	151	0	0	0	0	0	0	0	29	0	0	0	0	263	0	333	0	0	0	0	0	0	0	617	0	0	0	0	0	0	0	0	44	0	0	0	0	0	0	0	0	0	0	0	137	0	0	46	0	0	0	0	27	0	326	0	0	0	0	0	0	112	261	0	0	176	0	0	0	0	0	0	0	0	188	0	0	0	0	0	0	0	0	0	0	0	0	0	0	131	461	0	0	0	0	246	0	0	0	9450	0	0	0	0	0	209	296	0	0	43	0	0	0	0	0	0	0	0	0	0	0	0	0	0	0	0	0	158	0	0	33	0	0	0	0	0	0	0	32	0	0	0	0	0	0	0	0	0	0	0	0	0	258	0	0	0	0	0	0	42	0	0	0	0	0	0	1033	0	0	0	0	0	0	0	0	0	0	0	0	0	129	157	0	0	0	0	0	4	60	0	0	0	0	0	0	0	9	0	0	0	0	0	0	0	0	0	0	0	0	27	0	0	0	0	0	0	2668
SRR11604896	78976	0	0	0	0	0	0	0	0	50	0	0	0	686	0	0	3418	0	0	0	0	0	0	0	0	0	0	0	0	0	0	0	0	0	0	0	0	0	0	0	0	0	3864	864	0	0	0	0	0	0	0	0	0	0	0	0	0	0	0	0	0	0	0	0	0	0	0	0	0	0	0	0	0	2506	0	0	0	0	0	0	0	0	0	0	2476	0	0	0	0	0	0	0	0	1085	0	0	0	0	0	0	0	0	0	0	0	0	243	0	1765	2205	0	0	0	0	0	0	0	0	28726	0	0	944	0	23	1838	0	0	0	91	0	0	0	0	0	0	0	813	0	0	0	0	0	0	0	0	131	0	0	0	0	0	0	0	0	0	0	0	0	0	0	0	213	0	0	0	0	0	0	0	0	63	0	0	0	0	554	589	1779	0	0	0	253	0	0	0	3536	0	10737	0	0	0	0	0	0	0	0	0	240	0	0	0	0	0	0	0	0	0	0	0	0	0	0	0	0	0	0	0	295	0	0	0	0	0	0	0	0	0	0	0	0	0	0	0	0	0	8989
SRR11604900	15058	0	0	0	0	0	0	0	0	569	0	0	0	29	0	0	0	0	0	0	42	0	0	0	0	0	146	20	0	0	0	0	0	0	107	48	0	0	0	0	0	0	563	0	22	0	0	0	0	0	0	0	226	0	0	0	0	0	0	0	0	63	0	0	0	0	0	0	0	0	0	0	0	44	0	0	72	0	0	0	0	0	63	0	184	0	123	0	83	0	0	0	0	0	0	0	0	0	0	53	0	34	0	0	0	0	0	0	0	511	0	0	0	0	0	0	0	0	3635	0	0	23	11	0	192	355	0	0	43	0	0	0	0	0	60	0	0	0	0	0	0	69	0	0	0	0	0	0	0	0	2399	75	0	0	0	0	0	0	0	0	0	0	0	0	0	0	0	0	0	0	0	0	0	0	0	0	0	0	0	0	0	0	0	0	0	363	0	0	24	0	0	0	397	0	0	0	0	0	0	0	229	0	0	0	0	0	75	102	0	0	0	0	0	0	0	0	0	0	0	0	0	0	0	0	0	87	0	0	0	0	0	0	0	0	0	3917
SRR11604902	14983	0	0	0	0	0	0	0	0	7	0	0	0	0	0	0	272	0	0	0	0	0	0	0	0	0	0	621	0	0	0	0	0	0	0	0	0	0	39	0	0	0	333	0	0	0	0	0	0	0	0	16	0	0	0	0	0	0	0	0	0	0	0	0	0	0	17	0	0	0	0	0	0	0	0	0	0	0	0	0	0	22	0	0	0	0	0	0	0	0	0	0	0	0	0	0	0	0	0	0	0	0	0	0	0	0	0	0	0	67	0	0	0	0	32	0	0	0	12620	0	0	0	0	0	0	0	399	0	0	0	0	0	0	0	0	25	0	0	0	0	0	0	0	0	0	0	8	0	0	0	0	0	0	0	0	0	0	0	71	0	0	0	0	0	0	0	0	0	0	0	0	0	0	0	0	0	0	0	0	0	0	30	0	0	0	316	0	0	0	0	0	0	0	0	0	0	0	0	0	0	0	0	0	0	0	0	0	0	0	0	0	0	0	0	0	0	27	10	0	0	0	14	0	0	0	0	0	0	0	0	0	0	18	0	0	19
SRR11604906	180038	0	0	0	0	0	0	0	0	0	0	0	0	693	0	0	2721	0	0	0	0	0	0	0	0	1609	0	0	0	0	0	0	0	0	0	0	0	0	0	0	0	0	217	0	0	0	0	0	0	0	0	0	0	0	0	0	0	0	0	0	0	567	0	236	0	0	0	0	0	0	0	0	0	1887	0	0	0	0	0	0	0	0	0	0	1610	0	0	0	79	0	0	0	0	0	131	0	0	0	0	0	0	732	0	0	0	0	565	0	0	2378	0	0	0	0	0	0	0	0	154912	0	0	0	0	0	4124	1439	36	0	470	0	0	0	0	0	0	0	0	0	0	0	0	0	0	0	0	0	491	0	0	0	0	0	0	0	0	0	0	0	0	0	0	0	0	0	0	1064	0	0	0	0	0	188	0	0	0	0	0	0	0	0	0	0	0	0	0	284	0	191	0	0	0	0	0	0	0	0	0	0	0	0	0	0	0	1391	0	0	0	0	0	0	0	0	0	0	0	0	0	0	0	0	0	0	0	0	0	1198	0	0	0	0	0	0	0	0	0	825
SRR11604907	7013	0	0	0	0	0	0	0	0	0	0	0	0	0	0	0	36	22	0	0	0	0	0	0	0	0	0	11	0	0	0	0	0	0	7	0	0	0	0	0	0	0	78	0	0	0	0	0	0	0	0	0	0	0	0	0	0	0	0	0	0	0	33	0	0	0	14	0	0	0	0	0	0	25	0	0	0	0	0	0	0	0	0	0	10	0	0	0	0	0	0	0	28	0	0	0	41	0	0	0	0	0	0	0	0	0	0	0	7	40	0	0	0	0	0	0	0	0	5805	0	0	0	0	0	0	26	0	0	276	0	0	0	0	0	0	20	0	0	0	0	0	0	0	0	0	0	115	0	0	0	0	0	0	0	0	0	0	0	0	0	0	0	0	0	0	0	0	0	0	0	0	0	0	0	0	0	0	0	0	0	0	60	0	0	0	221	0	0	0	0	0	0	0	0	0	0	0	0	0	0	0	0	0	7	0	0	0	0	0	0	60	0	0	0	0	0	0	0	0	0	0	0	0	0	15	0	0	0	0	0	0	0	0	0	0	56
SRR11604910	16627	0	46	0	0	0	9	0	0	3	0	0	267	0	0	0	148	12	0	0	0	0	0	0	0	0	0	0	0	0	0	0	540	0	0	0	0	0	0	0	0	0	631	0	0	0	0	0	0	0	0	0	0	0	0	0	0	0	0	0	0	0	182	0	0	0	0	0	0	0	0	0	0	0	0	0	0	0	0	0	0	0	0	0	0	0	0	0	0	0	0	0	0	0	0	0	0	0	0	0	0	0	0	0	0	508	0	149	0	0	0	0	0	0	0	0	0	0	12508	0	0	0	0	0	0	0	0	0	337	0	0	0	0	0	0	0	0	0	0	0	0	0	0	0	0	0	0	0	0	0	0	0	0	0	0	0	85	0	52	0	0	0	0	0	0	0	0	0	0	0	0	0	0	0	0	0	0	0	0	0	0	636	0	0	0	63	0	0	0	0	0	0	0	0	0	0	0	0	0	0	0	0	0	0	0	0	124	0	0	0	0	0	0	0	0	0	0	0	0	0	0	0	0	0	0	0	0	0	0	0	0	0	0	0	0	327
SRR11604911	361037	0	0	0	0	0	0	0	0	4362	0	0	0	0	0	0	30	0	0	0	0	0	0	80	0	0	0	803	0	0	0	0	0	0	0	0	0	0	0	0	0	0	2403	75	0	0	0	0	0	424	0	0	0	0	0	0	0	28	0	0	0	87	0	0	0	47	0	359	0	0	40	0	0	0	0	0	0	0	131	0	96	0	0	0	45	0	0	31	378	0	0	0	0	0	0	0	24	0	0	0	0	120	0	0	0	0	199	0	0	0	0	0	0	0	0	0	0	0	345819	0	0	0	31	164	0	0	0	0	0	0	0	0	0	0	0	0	0	0	84	0	0	115	0	0	0	0	180	0	0	222	1033	0	0	0	0	28	0	0	0	0	0	0	170	0	0	0	0	0	0	0	0	0	0	0	0	29	0	0	0	0	0	0	0	0	0	1113	0	79	0	81	0	0	226	0	0	0	0	0	0	0	0	0	0	0	33	0	0	0	0	0	0	0	0	0	336	0	0	99	0	0	0	23	0	0	118	364	0	0	0	0	0	0	27	0	0	901
SRR11604875	344530	0	0	212	0	0	0	0	0	0	0	0	0	11754	0	0	0	0	0	0	0	0	0	0	0	7884	0	0	0	0	0	0	0	0	40872	0	0	0	4306	0	0	0	0	0	0	0	1481	0	0	0	0	0	0	0	0	0	0	0	0	0	0	0	0	0	0	0	13282	0	0	70	0	0	0	30214	0	0	27	50	0	0	0	0	0	0	13207	0	0	0	29	0	0	0	4447	8448	0	0	0	0	27	0	0	10	0	0	0	0	0	0	6131	59923	0	0	0	0	13040	0	0	0	73	0	0	0	0	0	13153	31288	0	0	0	0	0	0	0	0	0	7528	0	0	0	0	0	0	0	0	0	0	0	0	0	0	0	0	0	1921	0	0	0	0	0	0	0	0	0	0	0	0	0	0	0	0	0	459	0	0	0	0	0	0	0	0	0	0	968	0	0	104	0	0	0	0	0	0	0	0	0	0	0	0	0	0	8795	0	0	7433	0	0	0	2016	0	0	879	0	0	0	109	0	0	0	4289	0	0	0	0	0	28	0	0	0	0	44	0	0	0	0	0	50029
SRR11604880	42530	0	0	0	0	0	0	0	0	176	0	0	0	0	0	0	198	20	0	0	0	0	0	0	0	0	0	0	0	0	0	0	0	0	0	0	0	0	179	0	0	80	342	0	0	0	0	52	0	0	0	0	0	0	0	0	0	0	0	0	0	0	0	0	0	0	203	0	0	0	0	0	0	407	0	0	0	0	0	0	0	0	0	0	5	0	0	0	0	0	0	0	0	0	0	0	0	0	0	0	0	0	0	0	0	0	0	0	0	588	0	0	328	0	0	0	0	0	38404	0	0	0	0	0	105	283	0	0	37	0	0	0	0	0	191	90	0	0	0	0	0	0	0	0	0	0	0	0	0	0	150	0	0	0	0	0	0	0	0	0	0	0	0	70	122	0	0	0	0	0	0	0	0	0	0	0	0	0	0	0	0	0	0	0	15	108	0	0	0	0	0	0	33	0	0	0	0	0	0	0	0	0	0	0	0	0	0	0	0	0	0	0	0	0	0	0	0	0	0	0	0	0	0	0	0	0	0	0	0	0	0	0	0	0	0	344
SRR11604881	10579	0	0	0	0	0	512	0	0	8	31	0	0	1	17	0	180	34	109	0	0	0	0	0	0	0	0	0	0	0	0	0	91	0	0	0	0	0	0	0	0	0	209	0	0	1206	0	0	0	0	0	0	0	0	0	0	0	0	0	0	0	0	0	0	0	0	0	0	0	0	0	0	0	0	0	0	0	0	0	0	0	172	0	0	0	0	0	0	0	0	0	0	0	0	0	0	0	0	0	0	0	0	0	0	0	0	20	0	0	0	0	0	0	0	0	0	0	0	5600	0	0	0	0	0	0	0	0	0	253	0	0	0	0	0	0	0	0	0	0	0	0	0	0	0	0	0	0	0	0	0	0	0	0	0	0	0	0	0	0	0	0	0	0	40	0	0	32	20	0	0	0	0	0	0	0	0	0	0	0	0	0	6	0	0	33	461	13	0	0	0	0	0	61	0	0	0	0	0	99	0	0	0	0	0	0	0	27	0	0	0	0	0	61	0	0	0	0	0	0	0	0	8	0	52	0	123	46	0	0	80	0	593	0	0	0	381
SRR11604883	38166	0	0	0	0	0	0	0	0	238	65	0	0	0	0	0	0	278	0	0	0	0	0	0	0	0	0	0	0	0	0	0	0	59	0	0	0	0	0	0	0	0	229	0	0	0	0	0	61	0	0	0	0	0	0	0	0	0	0	0	0	0	0	0	0	0	8	0	71	0	0	0	0	38	0	91	0	0	0	0	0	0	0	0	0	0	0	0	0	0	0	0	11	0	0	0	0	0	0	0	0	37	0	0	0	0	0	0	50	76	0	0	0	0	5	0	0	0	33940	0	0	0	0	0	0	9	0	32	156	0	0	0	0	60	0	10	0	0	0	0	0	0	0	0	0	0	0	0	0	0	0	0	0	4	0	0	0	0	0	0	0	0	0	0	0	0	0	0	0	0	0	0	0	0	0	0	0	0	0	0	0	0	0	0	0	144	0	17	0	0	0	0	0	0	0	0	0	77	0	0	0	64	0	86	0	0	0	0	0	156	0	0	0	0	0	0	0	0	0	0	0	0	0	0	0	0	0	0	0	0	0	0	0	0	0	2094
SRR11604885	17560	0	0	0	0	0	3	0	0	481	0	0	0	6	0	0	49	250	0	0	0	0	53	0	0	7	0	0	0	0	0	0	0	0	16	0	0	0	3	0	0	0	344	0	0	0	6	0	0	0	0	0	0	0	0	0	6	0	19	0	16	0	0	0	0	0	0	40	0	0	0	8	0	5	0	10	0	0	0	0	0	69	32	0	0	0	0	0	0	0	0	0	0	0	0	0	0	0	0	0	0	9	0	0	0	0	0	0	0	49	0	8	0	0	0	0	0	0	15191	0	0	0	0	0	0	19	0	0	70	0	0	0	0	7	0	0	0	0	0	0	0	11	0	0	0	0	0	0	0	22	57	0	0	0	0	0	0	0	0	0	0	0	0	0	0	0	0	0	0	0	0	0	0	0	0	0	0	0	0	0	0	0	0	0	0	337	0	40	0	0	0	0	29	3	0	0	0	0	0	22	26	0	16	9	0	0	0	0	0	0	0	0	0	0	30	0	0	0	0	0	0	0	0	0	0	69	0	0	0	0	0	0	0	0	0	113
SRR11604893	31597	0	0	0	0	0	0	0	0	0	0	0	0	1912	0	0	0	0	0	0	0	0	0	0	0	652	0	0	0	0	0	0	0	0	1597	0	0	0	0	0	0	0	141	0	0	0	5	0	0	0	0	0	0	0	0	0	0	0	0	0	0	0	0	0	0	0	1693	0	0	0	0	0	0	1574	0	0	0	0	0	0	0	0	334	0	195	0	0	0	18	0	0	0	995	530	0	0	0	0	0	0	0	62	0	0	0	0	0	0	0	3439	0	0	0	0	878	0	0	0	11639	0	0	0	0	0	830	346	0	0	0	0	0	0	0	0	0	883	0	0	0	0	0	0	0	0	0	0	228	0	0	0	0	0	0	0	0	0	0	0	0	0	0	0	0	0	0	0	0	0	0	0	0	0	0	0	0	0	0	0	0	0	0	0	180	0	0	425	0	0	0	0	0	0	0	0	0	0	0	0	0	0	0	0	0	1	0	0	0	0	0	0	0	0	0	0	0	0	0	358	0	0	0	0	0	0	12	406	0	0	0	0	0	0	0	0	0	2264
SRR11604897	5482	0	0	0	0	0	0	27	0	345	0	0	0	108	0	0	65	0	0	0	0	0	0	0	0	0	0	12	0	0	0	0	0	0	361	0	0	0	140	0	0	0	81	0	0	0	0	0	0	0	0	0	33	0	0	0	7	0	0	0	0	0	0	0	0	0	0	49	0	0	0	0	0	256	0	0	0	0	0	23	0	0	0	0	66	0	0	0	31	0	0	0	0	0	0	0	0	0	0	0	0	0	0	0	0	0	0	0	0	221	0	0	0	0	57	0	0	0	1987	0	0	0	0	22	123	170	0	0	178	0	0	0	0	0	0	0	0	0	0	0	0	0	0	0	0	0	0	0	73	0	219	0	0	231	0	0	0	0	0	0	0	0	40	0	0	0	0	0	0	0	0	0	0	0	0	0	0	0	0	0	0	0	0	0	0	147	0	0	0	0	0	0	0	0	0	0	0	0	0	0	0	0	0	17	0	0	0	100	0	0	0	0	0	0	26	0	0	0	0	0	0	0	0	0	0	0	0	0	0	0	0	0	0	0	34	233
SRR11604898	21659	0	0	0	0	0	0	0	0	102	0	0	0	0	0	0	0	0	0	0	0	0	0	0	0	0	0	0	0	0	0	0	0	0	0	0	17	0	0	0	0	0	1278	0	0	0	0	0	0	0	0	0	136	0	0	0	0	0	0	0	0	0	0	0	0	0	0	0	0	0	0	0	0	343	0	2400	0	0	0	0	0	0	0	0	172	0	0	0	0	0	0	0	550	553	0	0	0	0	0	0	0	51	0	0	0	0	0	0	353	511	0	0	0	0	0	0	0	0	6665	0	0	0	0	130	0	0	0	0	0	0	0	0	0	0	0	0	0	0	0	0	0	0	0	0	0	0	0	116	0	0	0	0	0	0	0	0	0	0	0	0	0	0	362	0	0	0	0	0	0	0	0	0	0	0	0	0	0	0	0	0	0	0	0	43	0	309	0	80	0	24	0	0	0	0	0	0	0	0	0	0	0	0	0	0	0	0	0	0	0	0	0	0	0	0	0	0	0	0	0	0	0	0	0	0	0	149	0	0	0	0	0	0	0	0	0	7315
SRR11604899	29726	0	0	11	0	0	0	0	0	0	0	0	0	598	0	0	0	45	0	0	0	0	0	0	0	341	0	0	0	0	0	0	0	0	1773	0	0	7	253	0	0	0	35	0	0	0	70	0	0	0	0	0	0	0	0	0	0	0	0	0	0	0	0	0	0	0	912	0	0	0	0	0	0	1765	0	0	0	0	0	0	0	0	0	0	728	0	0	0	0	0	0	0	673	516	0	0	0	0	0	0	0	0	0	0	0	0	0	0	440	4842	0	0	0	0	857	0	0	0	5761	0	0	0	0	0	1102	2395	0	0	30	0	0	0	0	0	0	503	0	0	0	0	0	0	0	0	0	0	0	0	0	0	59	0	0	191	0	0	0	0	0	0	0	0	0	0	0	0	0	0	0	0	0	144	0	0	0	0	0	0	0	0	0	0	0	0	0	123	0	7	0	0	0	0	0	0	0	0	0	0	0	0	765	0	0	489	0	0	0	156	0	0	36	0	0	0	0	0	0	0	225	0	0	0	0	0	0	0	0	0	0	0	0	0	0	0	0	3874
SRR11604901	146571	0	0	0	0	0	0	0	0	72	0	0	0	0	0	0	0	0	0	0	0	0	0	0	0	0	0	0	0	0	0	51	0	0	0	0	0	0	0	0	0	0	61	0	0	0	0	0	0	0	0	0	0	0	0	0	260	0	0	0	0	0	0	0	0	123	0	0	0	0	0	57	0	0	0	0	0	0	0	0	0	0	0	0	0	0	0	0	0	0	0	0	0	0	0	0	0	0	0	0	0	0	0	0	0	0	0	0	0	1211	0	0	0	0	261	0	0	0	142267	0	0	0	0	0	265	4	0	0	0	0	0	0	0	0	0	0	0	0	0	0	0	0	0	0	0	0	9	0	0	0	0	0	0	0	0	0	0	0	0	0	0	0	0	0	0	0	0	0	94	0	0	0	0	0	28	0	0	0	0	0	0	0	0	0	0	609	0	0	0	0	0	0	0	0	0	0	0	346	0	0	0	0	0	0	0	0	0	0	0	33	0	0	0	0	0	0	0	9	226	0	0	0	0	0	0	0	0	0	0	35	0	0	41	0	0	509
SRR11604903	13645	0	50	0	0	0	37	0	0	0	0	0	0	0	0	0	0	0	0	0	0	0	0	0	0	0	0	0	0	0	0	0	25	0	22	0	0	0	1	0	0	0	84	0	0	0	0	0	28	0	0	0	0	0	0	0	0	0	0	0	0	0	0	0	0	0	1	0	0	0	0	0	0	121	3	0	0	0	0	0	0	0	0	0	36	0	0	0	0	0	0	0	0	7	0	0	0	0	0	0	0	0	24	0	0	0	0	0	0	0	0	0	26	0	0	0	0	0	12814	0	0	0	0	0	0	0	0	0	2	0	0	0	0	0	0	25	0	0	0	0	0	0	0	0	0	0	0	0	0	0	0	0	0	0	0	0	0	0	0	0	0	0	0	0	0	0	0	0	0	0	0	0	0	0	0	0	0	0	0	0	0	151	0	0	0	0	0	12	0	0	0	0	0	0	0	0	0	0	0	0	0	0	0	0	0	0	0	0	0	0	0	0	0	0	33	0	0	0	0	0	0	0	0	0	0	0	0	0	0	0	0	0	0	0	0	143
SRR11604909	7060	0	0	0	0	0	0	0	0	0	50	0	0	17	0	0	98	0	0	0	0	0	0	0	0	0	34	96	3	34	0	0	122	0	77	0	0	0	0	0	0	0	85	0	0	0	0	0	0	0	0	0	0	0	0	0	0	116	0	0	0	0	0	0	0	10	0	0	0	0	0	0	0	30	0	0	0	0	0	0	0	0	0	51	0	0	0	23	0	0	0	0	37	0	0	0	0	0	0	0	0	0	0	0	34	0	0	30	0	0	0	0	0	0	17	0	0	0	5233	0	0	0	0	0	169	84	0	0	18	0	13	0	0	0	0	0	0	28	0	0	0	0	0	0	0	0	102	49	0	0	0	0	0	0	0	0	0	0	0	0	0	0	0	0	0	0	0	0	0	0	0	0	0	0	0	18	0	0	0	0	0	15	0	0	0	73	0	0	0	0	0	26	0	0	0	0	0	0	0	0	39	0	24	7	0	0	0	0	0	0	0	0	0	0	0	0	0	0	0	0	0	0	0	0	0	0	0	0	0	51	14	0	0	0	0	133
