run	g__Acer	g__Acremonium	g__Actinomucor	g__Agaricales_gen_Incertae_sedis	g__Albifimbria	g__Allium	g__Allocryptovalsa	g__Allovahlkampfia	g__Alternaria	g__Amyloporia	g__Anthracina	g__Antrodiella	g__Arabidopsis	g__Arthrocatena	g__Ascotricha	g__Aspergillus	g__Aureobasidium	g__Auricularia	g__Baltazaria	g__Basidiodendron	g__Beauveria	g__Bipolaris	g__Bjerkandera	g__Blumeria	g__Botryotrichum	g__Botrytis	g__Brassica	g__Buckleyzyma	g__Bullera	g__Bulleribasidium	g__Camarops	g__Candida	g__Candolleomyces	g__Cercozoa_gen_Incertae_sedis	g__Cerrena	g__Chaetomium	g__Cheilymenia	g__Chlamydomonas	g__Chlorococcum	g__Chrysothrix	g__Citrus	g__Cladosporium	g__Clitocybe	g__Clonostachys	g__Coleosporium	g__Collariella	g__Colletotrichum	g__Coniosporium	g__Coprinopsis	g__Cordana	g__Coronicium	g__Cryptococcus	g__Cucumis	g__Cucurbita	g__Curvibasidium	g__Curvularia	g__Cutaneotrichosporon	g__Cyanosporus	g__Cylindrobasidium	g__Cystobasidiomycetes_gen_Incertae_sedis	g__Cystobasidium	g__Cystofilobasidium	g__Daedaleopsis	g__Daucus	g__Debaryomyces	g__Debaryomycetaceae_gen_Incertae_sedis	g__Didymella	g__Dioszegia	g__Draba	g__Edenia	g__Elmerina	g__Elymus	g__Enterocarpus	g__Entyloma	g__Epicoccum	g__Erythrobasidium	g__Eukaryota_gen_Incertae_sedis	g__Exophiala	g__Fibroporia	g__Fibulomyces	g__Filobasidium	g__Flammulina	g__Fomitopsis	g__Fusarium	g__Genolevuria	g__Glycine	g__Golubevia	g__Hannaella	g__Harzia	g__Heterobasidion	g__Hexagonia	g__Holtermannia	g__Humicola	g__Humulus	g__Hyphoderma	g__Hyphodontia	g__Hypholoma	g__Hyphopichia	g__Inonotus	g__Ipomoea	g__Irpex	g__Irpicaceae_gen_Incertae_sedis	g__Ischnoderma	g__Jaminaea	g__Kazachstania	g__Knufia	g__Kurtzmaniella	g__Lasiobolidium	g__Lasiobolus	g__Lentinula	g__Lepista	g__Leptodictyum	g__Leptospora	g__Linnemannia	g__Lithohypha	g__Loweomyces	g__Lyomyces	g__Malassezia	g__Marasmius	g__Melanophyllum	g__Meyerozyma	g__Microdochium	g__Moesziomyces	g__Mortierella	g__Mucor	g__Musa	g__Myriangiales_gen_Incertae_sedis	g__Naganishia	g__Neoacremonium	g__Neoascochyta	g__Neocamarosporium	g__Neoceratosperma	g__Neocucurbitaria	g__Neosetophoma	g__Neurospora	g__Nigrospora	g__Nothophoma	g__Ochrocladosporium	g__Oligophagozyma	g__Oxyporus	g__Papiliotrema	g__Paradevriesia	g__Paraphoma	g__Parasarocladium	g__Peltaster	g__Penicillium	g__Peniophora	g__Peniophorella	g__Perenniporia	g__Periconia	g__Peroneutypa	g__Pestalotiopsis	g__Pezizales_gen_Incertae_sedis	g__Phaeococcomyces	g__Phaeosphaeria	g__Phaeosphaeriaceae_gen_Incertae_sedis	g__Phanerochaete	g__Phlebia	g__Pholiota	g__Phomatospora	g__Phyllanthus	g__Physisporinus	g__Pichia	g__Pithomyces	g__Pithya	g__Plectosphaerella	g__Pleurotus	g__Poa	g__Polyporaceae_gen_Incertae_sedis	g__Porostereum	g__Preussia	g__Prunus	g__Pseudeurotium	g__Pseudogymnoascus	g__Pseudomicrostroma	g__Pseudomuriella	g__Puccinia	g__Pyrenochaetopsis	g__Pyricularia	g__Radulomyces	g__Raphanus	g__Rasamsonia	g__Rhizophlyctis	g__Rhodosporidiobolus	g__Rhodotorula	g__Rosa	g__Saccharomyces	g__Saitozyma	g__Sarocladium	g__Sawadaea	g__Scenedesmaceae_gen_Incertae_sedis	g__Schizophyllum	g__Setomelanomma	g__Setophoma	g__Sida	g__Sirobasidium	g__Sistotrema	g__Sistotremastrum	g__Skvortzovia	g__Solicoccozyma	g__Sporisorium	g__Sporobolomyces	g__Stagonosporopsis	g__Stereaceae_gen_Incertae_sedis	g__Stereum	g__Sterigmatomyces	g__Streblotrichum	g__Strobilurus	g__Symmetrospora	g__Tausonia	g__Thermomyces	g__Torula	g__Toxicocladosporium	g__Trametes	g__Trechispora	g__Trichoderma	g__Trichomerium	g__Trichomonascus	g__Trichosporon	g__Trichothecium	g__Triticum	g__Tulasnellaceae_gen_Incertae_sedis	g__Tyromyces	g__Ustilaginoidea	g__Ustilago	g__Uwebraunia	g__Vacuiphoma	g__Vishniacozyma	g__Wallemia	g__Wickerhamomyces	g__Xeromyces	g__Xylodon	g__Zasmidium	g__Zymoseptoria	Unassigned
SRR11604871	0	0	0	0	0	0.622710622710623	0	0	0	0	0	0	0	0	0	0.0122100122100122	0	0	0	0	0	0	0	0	0	0	0	0	0	0	0	0	0	0.573870573870574	0	0	0	0	0	0	0	0	0	0	0	0	0	0	0	0	0	0	0.158730158730159	0	0	0	0	0	0	0	0	0	0	0	0	0	0	0	0	0	0	0	1.36752136752137	0	0	0	0	0	0	0	0	0	0	0	0	0	0	0	0	0	0	1.02564102564103	0.366300366300366	0	0	0	0	0	0	0	0.21978021978022	0	0	0	0	0	0	0	0.683760683760684	0	0	0	0	0.183150183150183	0	0	0	83.5286935286935	0	0	0	0	0	0.952380952380952	0.854700854700855	0	0	3.77289377289377	0	0	0	0	0	0	0	0	0	0	0	0	0	0	0	0	0	0	0	0	0	0	0	0	0	0	0	0	0	0	0	0	0	0	0	0	0	0	0	0	0	0	0	0	0	0	0	0	0	0	0	0	0	0	0	0	0.598290598290598	0	0	0	0	0	0	0	0	0	0	0	0	0	0	0	0	0	0	0	0	0	0.476190476190476	0	0	1.68498168498168	0	0	0	0	0	0	0	0.0244200244200244	0	0	0	0	0	0	0	0	0	0	0	0	0	0	0	0	2.89377289377289
SRR11604872	0	0	0	0	0	0	0	0	0.041385589537723	0	0	0	2.71655009725614	0	0	0	0	0	0	0	0	0	0	0	0	0	0	0	0	0	0	0	0	0	1.08678558126061	0	0	0.0902205851922361	0	0	0.906344410876133	1.6612175640442	0	0	0	0	0	0	0	0	0	0	0	0	0	0	0	0	0	0	0	0	0	0	0	0	0	0	0	0	0	0	2.27289657741174	0	0	0	0	0	0	0	0	0	0	0	0.770599677192402	0	0	0	0	0	0	0	0.851715432686339	0	0	0	0	0	0	0	0	0	0	0	0	0	0	0	0	0	0	0	0	0.837644332243513	0	0	0	76.1072714480818	0	0	0	0	0	0	2.51376070852129	0	0	0	0	0	0	0	0	0	0	0	0	0.0248313537226338	0	0	0	0	0	0	0	0.0835988908662004	0	0	0	0	0	0	0	0	0	0	0	0	0	0	0	0	0	0	0	0	0	0	0.411372760004966	0	0	0	0	0	0	0	0	0	0	0	0.235897860365021	0	0	0	0	0	0	0	0	0	0	0	0	0	0.206927947688615	0	0	0	0	0	0	0	0	0	0	0	0	0	0	0	0	0	0	0	0	0	0	0	0	0	0	0	0	0	0.568638000248314	0	0	0	0	0	0	0	0	0	8.61234118280015
SRR11604873	0	0	0	0.147182207306495	0	0.00426615093642013	0	0	0	0	0	0	0	0	0	0.64063366561909	0	0	0	0	0	0	0	0	0	0	0	0	0	0	0	0	0	0	0	0	0	0	0	0	0	3.78265383029252	0	0	0	0	0	0	0	0	0	0	0	0	0.360489754127501	0	0	0	0	0	0.374710257248901	0	0	0	0	0	0	0	0	0	0	0	3.93907936462792	0	0	0	0	0	0	0	0	0	0	0	0	0	0	0	0	0	0	0	0.00213307546821007	0	0	0	0	0	0	0	0	0	0	0	0	0	0	0	3.72079464171442	0	0	0	0	0	0	0	0	66.8285433938653	0	0	0	0	0	0	0.182022439953926	0	0	0	0	0	0	0	0	0	1.96953968231396	0.273033659930888	0	0	0	0	0	0	0	0	0	0	0	0	0	8.14123803700175	0	0	0	0	0.287965188208359	0	0	0	0	0	0	0	0	0	0	0	0	0	0	0	0	0	0	0	0	0	0	0	0	0	0	1.49955205415168	0	0	0.937131155700289	0	0	0	0	0	0	0	0	0	0	0	0	0	0	0	0	0	2.15440622289217	0	0	0	0	0	0.31427311898295	0	0	0	0	0	0	0	0	0	0	0	0	0	0	0	0	0	0.429459194266293	0.207619345572446	0	0	0	0	0	0	3.80327355981855
SRR11604876	0	0	0.160293107396382	0	0	0	0	0	0	0	0	0	3.56461338829097	0	0	0	0	0	0	0	0	0	0	0	2.83184489733608	0	0	0	0	0	0	0	0	8.96114800396916	0	0	0	0.999923669948859	0	0	0.0457980306846806	0.0152660102282269	0	0	0	0.320586214792764	0	0	0	0	0	0	0	0	0	0	0	0	0	0	0	0	0	0	0	1.90825127852836	0	0	0	0	0	0	7.29715288909244	0	0	0	0	0	0	0	0	0	0	2.05327837569651	0	0	0	0	0	0	0	0.480879322189146	2.43492863140218	0	0	0	0	0	0	0	0	0	0	0	0	0	0	1.58766506373559	19.1359438210824	0	0	0	0	2.1601404472941	0	0	0	12.2738722234944	0	0	0	0	0	3.84703457751317	10.1900618273414	0	0	0	0	0	0	0	0	0	3.4653843218075	0	0	0	0	0	0	0	0	0	0	0.0305320204564537	0	0	0	0	0	0	0.58010838867262	0	0	0	0	0	0	0	0	0	0	0	0	0	0	0	0	0	0.0305320204564537	0	0	0	0	0	0	0	0	0	0.0610640409129074	0.328219219906877	0	0	0	0	0	0	0	0	0	0	0	0	0	0	0	0	0	2.39676360583162	0	0	0.740401496069002	0	0	0	0.480879322189146	0	0	0	0	0	0	0	0	0	0	0.198458132966949	0	0.0152660102282269	0	0	0	0	0	0	0	0	0	0	0	0	0	0	11.4037096404855
SRR11604877	0	0	0	0	0	0	0	0	0.795228628230616	0	0	0	0.15462778882262	0	0	0.0220896841175171	0	0	0	0	0	0	0	0	0	0	0	0	0	0.485973050585377	0	0	0	4.21912966644577	0	0	0	0	0	0	0	8.96841175171195	0	0	0	0	0	0	0	0	0	0	0	0	0	0	0	0	0	0	0	0	0	0	0	0.949856417053236	0.662690523525513	0	0	0	0	0	0.662690523525513	0	0	0	0	0	0	0	0	0	0	1.28120167881599	0	0	0	0	0	1.63463662469627	0	0.0662690523525514	1.83344378175392	0	0	0	0	0	0	0	0	0	0	0	4.2633090346808	0	0	1.8113540976364	1.10448420587586	0	0	0	0	0	0	0	0	38.2151535233046	0	0	0	0	0	0	0.287165893527723	0	0	3.42390103821515	0	0	0	0	0	0	0.176717472940137	0	0	2.89374861939474	0	0	5.72122818643693	0	1.76717472940137	0	0	1.43582946763861	0	0	0	0	0	0	0	0.265076209410205	0	0	0	0	0	0	0	0	0	0	0	0	0	0	0	0	0	0	0	0	0	0	0	0	0	0	0.110448420587586	0	0	0	5.38988292467418	0	0	2.03225093881158	2.12060967528164	0	0	0	0	0	0	0	0.198807157057654	0	0	0.0441793682350342	0	0	0	0	0	0	0	0	0	0	0	0	0	0	0	0	0	0	0	0	0.684780207643031	0	0	0	0	0	0	0	0	0	0	0	0	0.220896841175171	6.09675281643472
SRR11604879	0	0	0	0	0	0	0	0	0.0237925291458482	0	0	0.0808945990958839	0	0	0	0.361646443016893	0.00951701165833928	0	0	0	0.0285510349750178	0	0	0	0	0	0	0	0	0	0	0.352129431358553	0	0	0	0	0	0	0	0	0.233166785629312	1.56078991196764	0	0	0	0	0	0	0	0	0	0	0	0	0	0	0.066619081608375	0	0	0	0	0.0904116107542232	0	0	0	0	0	0	0	0	0	0.0618605757792053	0	0	0	0	0	0	0	0	0.418748512966928	0	0	0	0	0	0	0	0	0	0	0	0	0	0	0	0	0	0	0	0	0	0	0	0	0	0	0	0	0	0	0	0	0	0	0	0	89.1030216512015	0	0	0	0	0	0	0	0	0	1.1753509398049	0	0	0	0	0	0	0	0	0	0	0	0	0	0	0	0	0	0.0808945990958839	0	0	0	0	0	0	0	0	0	0	0	0.0475850582916964	0	0	0	0	0	0	0	0	0	0	0	0	0	0	0	0	0.066619081608375	0	0	0	0	0	0	0	0	0	0.880323578396384	0	0.314061384725196	0	0	0.475850582916964	0	0	0	0	0	0	0	0	0	0	0.233166785629312	0	0	0	0	0	0	0	0.223649773970973	0	0	0	0	0.152272186533428	0	0	0	0	0	0	1.18962645729241	0	0	0	0	0	0	0	0	0	0	0	0.0475850582916964	0	2.72186533428503
SRR11604884	0	0	0	0	0	0	0	0	0.500933944642554	0	0	0	1.20563762947869	0	0	0.466972321276957	0	0	0	0	0	0	0	0	0.636780438104941	0	6.28290032263542	0	0	0	0	0	0	2.27542876549499	0	0	0	0	0	0	0	5.13669553404653	0	0	0	0	0	0	0	0	0	0	0	0	0	0	0	0	0	0	0	0	0	0	0	3.74426897605706	0	0	0	0	0	0	1.1207335710647	0	0	0	0	0	0	0	0	0	0	1.36695534046527	0	0	0	0	0	0	0	0	0	0	0	0	0	0	0	0	0	0	0	0	0	0	0	0	1.16318560027169	0	0	0	0	0	0	0	0	57.8790966208185	0	1.0782815418577	0	0	0	0	4.11784683307862	0	0	0	0	0	0	0	0	0	0	0	0	0	0	0	0	0	0	0	0	0.636780438104941	0	0	0	0	0	0	0	0	0	0	0.118865681779589	0	0	0	0	0	0	0	0	0	0	0	0	0	0	0.86602139582272	0.925454236712515	0	0.22075055187638	0	0	0	0	0	0	0	0	0	5.17065715741212	0	0	0	0	0	0	0.254712175241977	0	0	0	0	0	0	0	1.38393615214807	0	0	0	0	0	0	0	2.32637120054339	0	0	0	0	0	0	0	0	0	0	0.662251655629139	0	0	0	0	0	0	0	0	0	0	0	0	0	0	0	0.458481915435558
SRR11604886	0	0.18474328381187	0	0	0	0	0	0	3.48702948194904	0	0	0	0	0	0	0.330998383496267	0.388730659687476	0	0	0	0	0	0	0	0.738973135247479	0	0	0	0	0	0	0	0	2.71341698098684	0	0	0	0.0461858209529674	0	0	0	13.6055730890617	0	0	0	0	0	0	0	0	0	0	0	0.0423370025402202	0	0	0	0	1.93595566161189	0	0.381033022861981	0	0	0	0	4.29528134862597	0	0.619659764452313	0	0	0	0	0.00384881841274729	0	0	0.419521206989454	0	0	0	0	1.75891001462551	0	0	0	0	0	0	0	0	0	0	0	1.35478408128704	0	0	0	0	0	0	0	0	0	0.669694403818028	0	0	0	0	0	3.56015703179124	0	0	0	0	0.377184204449234	0.192440920637364	0	0	21.8189515818644	0	0	0	0	0	4.14132861211608	4.68401200831345	0	0	0	0	0	0	0	0	0	2.22846586098068	0.527288122546378	0	0	0	0	0	0	0	0	0	0.307905473019783	0	0	0	0	0	0	0	0	0	0	0.111615733969671	0	0	0	0	0	0	0	0	0	0	0	0	0	0	0.100069278731429	0	0	0	0	0	0	0	0	0	0	0	0	1.40481872065276	0	0	0	0	0	0	1.19313370795166	0	0	0	0	0	0	0	1.85897929335694	0	0	2.41320914479255	0	0	0	0	0	0	0	0	0	0	0	0	0	0	3.40620429528135	0	0	0	0	0	0	0	0	0	0	0.377184204449234	0	0	0	0	0	18.3203756446771
SRR11604887	0	0	0	0	0	0	0.520446096654275	0	2.0631970260223	0	0	0	0.50185873605948	0	0	1.98884758364312	0	0	0	0	0	0	0	0.204460966542751	0	1.37546468401487	0	0	0	0	0	0	0	1.43122676579926	0.260223048327138	0	0	0	0	0	0	1.98884758364312	0	0	0	0	0	0	0	0	0	0	0	0	0	0	0	0	0	0	0	0	0	0	0	2.13754646840149	0.371747211895911	0	0	0	0	0	0.0929368029739777	0	0	0.390334572490706	0	0	0	0	0	0	0	0.910780669144981	0	0.669144981412639	0	0	0	0	0	1.37546468401487	0.706319702602231	0	0	0	0	0	0	0	0	0	0	0	0	0	0	0	0.408921933085502	0	0	0	0	1.05947955390335	0	0	0	36.1524163568773	0	0	0	0	0	0.0185873605947955	0.929368029739777	0	0	3.60594795539033	0	0	0	0	0	0	0.353159851301115	0	0	0	0.669144981412639	0	0	0	0	0	0	0	0	1.74721189591078	0	10.3717472118959	0	0	0	0	0	0	1.28252788104089	0	0	0.130111524163569	0	0	0	0	0	0	0	0	0	0.408921933085502	0	0	0	0	0	0	0	0	0	0	0	0	0	0	4.77695167286245	0	0	0	0	0	0	0	0	0.353159851301115	0	0	0	0	0	0.0185873605947955	0	0	2.36059479553903	0	0	0	0	0	0	0	0	0	0.16728624535316	0	0	0	0	0.0371747211895911	0	0	0	0	0	0	0.148698884758364	0	0	0	0	0	0	0	0	0	18.0111524163569
SRR11604890	0	0	0	0	0	0	0	0	0	0	0	0	1.25075850453864	0	0	0	0	0	0	0	0	0	0	0	0.412378794070662	0	0	0	0	0	0	0	0	8.92372849871828	0	0	0	1.68914316850565	0	0	0	0.152320095107181	0	0	0	0.744263228938341	0	0	0	0	0	0	0	0	0	0	0	0	0	0	0	0	0	0	0	1.82907951604315	0	0	0	0	0	0	12.2425728473951	0	0	0	0	0	0	0	0.464390533863358	0	0	1.7708759024656	0	0	0	0	0	0	0	0.812373840571634	1.6594221743384	0	0	0	0	0	0	0	0	0	0	0	0	0	0	2.06313234511028	17.1539671335339	0.079255984446013	0	0	0	2.09161496452056	0	0	0	14.9063169496353	0	0	0	0	0	2.56343574692573	7.30888781563077	0	0	0.317023937784052	0	0	0	0	0	0	1.32258424044284	0	0	0	0	0	0	0	0	0	0	0.0643954873623856	0	0	0	0	0	0	0.500303401815457	0	0	0	0.0247674951393791	0	0	0	0	0	0	0	0	0	0	0	0	0	0	0	0	0	0	0	0	0	0	0	0	0.0904013572587336	0	0	0.163465467919902	0	0	0	0	0	0	0.132506098995678	0	0	0	0	0.14241309705143	0	0	2.0383648499709	0	0	0.767792349320751	0	0	0	0.939926440539436	0	0	0	0	0	0	0	0	0	0	3.02287278176122	0	0	0	0.0891629825017647	0	0	0	0	0	0	0	0	0	0	0	0	12.2661019677775
SRR11604892	0	0	0	0	0	0.0315888654695576	0	0	0.073525807558453	0	0	0	5.09561078160657	0	0	0.118185927705069	0	0	0	0	0	0	0	0	2.92088078471099	0	0	0	0	0	0	0	0	10.961880953548	0	0	0	1.22869793964348	0	0	0	0.337129443545796	0	0	0	0.170470946413302	0	0	0.0255978737425725	0	0	0	0	0	0	0.0539189255428656	0	0	0	0	0	0	0	0	0	3.71495950634228	0.0174283395694111	0	0	0	0	0	9.43308879194375	0	0	0	0	0	0	0	0	0	0	2.88057774945673	0	0	0	0	0	0	0	1.41224014073384	3.18230587825216	0	0	0	0	0	0	0	0	0	0	0	0	0	0	1.68782576017515	17.0579873535611	0	0	0	0	2.69649091275482	0	0	0	1.49230157563082	0	0	0	0	0	3.60385384158729	8.41734337641401	0	0	0.0855077910124231	0	0	0	0	0.0288656874118371	0	2.3849593429516	0	0	0	0	0	0.0190622464040434	0	0	0	0	0	0	0	0	0	0	0.0882309690701436	0.695499675941811	0	0	0	0	0	0	0	0	0	0	0	0	0	0.0942219607971287	0	0	0.00980344100779374	0.144328437059186	0	0	0	0	0	0	0	0	0	0	0.458038549308585	0	0	0	0	0	0	0	0	0	0	0	0	0	0	0	0	0	3.08427146817422	0	0.0326781366926458	1.50864064397715	0	0	0	0.809328518754527	0	0.0604545528813947	0.168292403967126	0	0	0	0.0457493913697041	0	0	0	1.54186341628134	0	0	0	0	0	0.0217854244617639	0	0	0	0	0	0	0	0	0	0	12.1045264665675
SRR11604904	0	0	0	0	0	0	0	0	0.0233377675091601	0	0	0	0	0	0	0	0	0	0	0	0	0	0	0	0	0	0	0	0	0	0	0	0	0	0	0	0	0	0	0	0	0.0163364372564121	0	0	0	0	0	0	0	0	0	0	0	0	0	0	0	0	0	0	0	0	0	0	0	0	0	0	0	0	0	0	0.0653457490256482	0	0	0	0	0	0	0	0	0.00700133025274802	0	0.0303390977619081	0	0	0	0	0	0	0	0	0	0	0	0	0	0	0	0	0.00466755350183201	0	0	0	0	0	0.00466755350183201	0	0.0350066512637401	0	0	0	0	0	0	0	0	99.6919414688791	0	0	0	0	0	0	0.0770146327802282	0	0	0	0	0	0	0	0	0	0.0350066512637401	0	0	0	0	0	0	0	0	0	0	0	0	0	0	0	0	0	0	0	0	0	0	0	0	0	0	0	0	0	0	0	0	0	0	0	0	0	0	0	0	0	0	0	0	0	0	0	0	0	0	0	0	0	0	0	0	0	0	0	0	0	0	0	0	0	0	0	0	0	0	0	0	0	0.00933510700366403	0	0	0	0	0	0	0	0	0	0	0	0	0	0	0	0	0	0	0	0	0	0	0	0	0	0
SRR11604905	0	0	0	0	0	0	0	0	0.43603828076335	0	0	0	0.0849425222266267	0	0	0.12741378333994	0.164222209638145	0	0	0	0	0	0	0	0	0	0	0	0	0	0	0	0	0	0	0	0	0	0	0	0	0.155727957415482	0	0	0	0	0	0	0	0	0	0	0	0	0	0	0	0	0	0	0.00707854351888555	0	0	0	0	0	0	0	0	0	0	0	0	0	0	0	0	0	0	0	0.18121071408347	0	0	0	0	0	0.00566283481510844	0	0.00424712611133133	0	0.148649413896597	0	0	0	0	0	0	0	0	0	0	0	0	0	0	0.632821790588369	0	0	0.400645563168922	0	0	0	0	0.356758593351832	0	0	0	95.2786114729033	0	0	0	0	0	0.30862449742341	0	0	0	0.121750948524832	0	0	0	0	0	0	0.109009570190838	0	0	0	0	0	0.0283141740755422	0	0	0	0	0.14723370519282	0	0	0	0	0	0	0	0	0	0	0	0	0	0	0	0	0	0	0	0	0.0622911829661929	0	0	0	0	0	0	0	0	0	0	0	0	0	0	0	0	0	0.867829435415369	0	0	0	0	0	0	0	0	0	0	0.0325613001868736	0	0	0	0	0	0	0	0	0	0.00707854351888555	0	0	0	0	0	0	0	0	0	0	0	0	0	0	0	0	0	0	0	0	0	0	0.050965513335976	0	0	0	0	0	0.280310323347868
SRR11604908	0	0	0	0	0	0.0702469179164764	0	0	0.484703733623687	0	0	0	0.0878086473955955	0	0	0	0	0	0	0	0	0	0	0	0	0	0	0	0	0	0	0.129956798145481	0	0.11941976045801	0	0	0	0.379333356748973	0	0	0	0.853500052685188	0	0	0	0	0	0	0	0	0	0	0	0	0	0	0	0	0.175617294791191	0	0	0	0	0	0	0.0105370376874715	0.098345685083067	0	0	0	0	0	0.0421481507498859	0	0	0	0	0	0	0	0	0	0	0	0	0	0	0	0	0	0	0	0	0	0	0	0	0	0	0.189666678374486	0	0	0	0	0	0	0	0.0140493835832953	0.0702469179164764	0	0	0	0	0	0	0	0	93.8463699905167	0	0	0	0	0	0	0.235327175020196	0	0	0	0	0	0	0	0	0	0.126444452249658	0	0	0	0	0	0	0	0	0.0772716097081241	0	0	0	0	0	0	0	0	0	0	0	0	0	0	0.291524709353377	0	0	0	0	0	0	0	0	0	0	0	0	0	0	0	0	0	0	0	0	0	0.161567911207896	0	0	0	2.18116680130659	0	0	0	0	0	0	0	0	0	0	0	0	0	0	0	0	0	0.0351234589582382	0	0	0	0	0	0	0	0	0	0	0	0	0	0	0	0	0	0	0	0	0	0	0	0	0	0	0	0	0	0	0	0.319623476519968
SRR11604870	0	0	0	0	0	0	0	0	0.00366932080871831	0	0	0	0	0	0	0	0	0	0	0	0.0366932080871831	0	0	0	0	0	0	0	0	0	0	0	0	0.244009833779767	0	0	0	0	0	0	0	0.0513704913220563	0	0	0	0	0	0	0	0	0	0	0	0	0	0	0	0	0	0	0	0	0	0	0	0.0366932080871831	0	0	0	0	0	0	0.00366932080871831	0	0	0	0	0	0	0	0.0110079624261549	0	0	0	0	0	0	0	0	0	0	0	0.0990716618353943	0	0	0	0	0	0	0	0	0	0	0.0128426228305141	0	0.0201812644479507	0	0	0	0	0	0	0	0	0	0	0	99.3193409899827	0	0	0	0	0	0	0	0	0	0	0	0	0	0	0	0	0	0	0	0	0	0	0	0	0	0	0	0.00917330202179576	0	0	0	0	0	0	0	0	0	0	0	0	0	0	0	0	0	0	0	0	0	0	0	0	0	0	0	0	0	0	0	0	0	0	0	0	0	0	0	0	0	0	0	0	0	0	0	0	0	0	0	0	0	0	0	0	0	0	0	0	0	0	0	0	0	0	0	0	0	0	0	0	0	0	0	0	0	0	0	0	0	0	0	0	0	0	0	0	0.15227681356181
SRR11604874	0	0	0	0	0.169078412858743	0	0	0	0	0	0	0	0	0	0	1.2494235963198	0	0	0	0	0	0	0	0	0	0	0.237148942710964	0	0	0	0	0	0	2.542763663512	0	0	0	3.46281372828879	0	0	0	6.52379174809512	0	0	0	0	0	0	0	0	0	0	0	0	0	0	0	0	0	0	0	0	0	0	0	0	0	0	0	0	0	0	0	0	0	0	0	0	0	0	0	0	0	0	0	0	0	0	0	0	0	0	0	0	0	0	0	0	0	0	0	0	0	0	0	0	0	0	6.57868733668562	0	0	0	0	0	0	0	2.8391998419007	65.9581476032586	0	0	0	0	0	0	0	0	0	0	0	0	0	0	0	0	0	0	0	0	0	0	0	0	0	0	0	0	0	0	0	0	0	0	0	0	0	0	0	0	0	0	0	0	0	0	0	0	0	0	0	0	0	0	0	0	0	0	0	0	0	0	0	0	0	0	3.56382161129532	0	0	0	0	0	0	0	0	0	0	0	0	0	0	4.67051667727981	0	0	0	0	0	0	0	0	0	0	0	1.1396324191388	0	0	0	0	0	0.0153707648053402	0	0	0	0	0	0	0	0	0	0	0	0	0	0	0	0	1.04960365385038
SRR11604878	0	0	0	0	0	0.0432783337841493	0	0.0270489586150933	0.135244793075467	0	0	0	0	0	0	0.140654584798485	0	0	0	0	0	0	0	0	0.286718961319989	0	0	0	0	0	0	0	0	0	0	0	0	0	0	0	0.113605626183392	2.9266973221531	0	0	0	0	0	0	0	0	0	0	0	0	0	0	0	0	0	0	0	0.232621044089803	0	0	0	0	0	0	0	0	0	0	0	0	0.265079794427915	0.0919664592913173	0	0	0	0	0	0	0	0	0	1.59588855829051	0	0	0	0	0	0	0	0	0	0	0	0	0	0	0	0	0	0	0	0.124425209629429	0	0	0	0.113605626183392	0	0	0	0	0	0	0	70.9494184473898	0	0	0	0	0	0	0	0	0	1.17392480389505	0	0	0	0	0	0	0	0	0	0	0	0.465242088179605	0	0	0.44360292128753	0	0	0	0	0	0	0	0	0	0	0	0	0	0	0.357046253719232	0	0	0	0	0	0	0	0	0	0	0	0	0	0	0	0	0	0	0	0	0	0	0	0	0	0	0.703272923992426	0	0	0	0	0	0	0	0	0	0	0	0	0	0	0	0	0	0	0	0	0	0	0	0	0	0	0	0	0	0	0	0	0	0	0	0	0	0	0	0.167703543413579	0	0	0	0	0	0	0	0	0	19.6429537462808
SRR11604882	0	0	0	0	0	0	0	0	5.87726879861711	0	0	0	0	0	0	2.35831584146191	0	0	0	0	0	0	0	0	0	0	0	0	0.17286084701815	0	0	0	0.259291270527226	0	0	0	0	0	0	0	0	9.48265217928139	0	0	0	0	0	0	0	0	0	0	0	0	0	0	0	0.0493888134337573	0	0	0	0	0	0	0	0	0	0	0	0	0	0	0	0	0	0.148166440301272	0	0	0	0	0	0	0	0.926040251882949	0	0	0	0.308680083960983	0	0	0	0	0	0	0	0	0	0	0	0	0.0987776268675145	0.469193727620694	0	0	0	0	0	0	0.0123472033584393	0	0	0	0	0	0	0	0	56.1674280775404	0	0	0	0	0	0	0	0	0	3.97579948141746	0	0	0	0	0	0	0	0	0	0	0	0	0.271638473885665	0	0	0	0	0	0	0	0	0	0	0	0	0	0	0	0	0.0493888134337573	0	0	0	0	0	0	0	0	0	0	0	0	0	0	0	0	0	0	0	0	0.296332880602543	0.814915421656995	0	0	0	0	11.0877886158785	0	4.82775651314977	0	0	0	0	0	0	0	0	0	0	0	0	0	0	0.197555253735029	0	0	0.283985677244104	0	0	0	0	0	0	0	0	0.17286084701815	0	0	1.02481787875046	0	0	0	0	0	0	0.197555253735029	0	0	0	0	0	0	0	0	0	0	0.469193727620694
SRR11604888	0	0	0	0	0	0.0329154894807582	0	0	0.0548591491345969	0	0.0658309789615163	0.101489425899004	0	0	0.0685739364182461	1.00392242916312	0	0	0	0	0	0	0	0	0.329154894807582	0	0.861288641413172	0	0	0	0	0	0	0.00822887237018954	0	0.0932605535288148	0	0	0	0.680253449269002	0	0.833859066845873	0	0	0	0	0	0	0	0.0932605535288148	0	0	0	0.0685739364182461	0	0	0	0	0	0	0	0	0	0.153605617576871	0	0	0	0.0685739364182461	0	0	0	0	0	0	0	0	0	0	0	0	0	0	0	0.334640809721041	0	0	0	0	0	0	0	0	0	0	0	0	0	0	0	0	0.0548591491345969	0	0	0	0	0	0	0	0.485503469841183	0	0	0	0	0	0	0	0	90.1774693474504	0	0	0	0	0	0	0	0	0	0.312697150067203	0.101489425899004	0	0	0.0384014043942178	0	0	0	0	0	0	0	0	0	0.0411443618509477	0	0	0	0.112461255725924	0	0	0.0329154894807582	0	0	0	0	0	0	0	0	0.293496447870094	0	0	0	0	0	0	0	0	0	0	0	0	0	0	0	0	0	0	0	0	0	0	1.17947170639383	0	0	0	0.414186575966207	0	0	0	0	0	0	0	0	0.200235894341279	0	0	0	0.288010532956634	0	0	0	0	0	0	0	0	0	0	0.150862660120142	0	0	0.326411937350852	0	0	0	0	0	0	0	0	0	0	0	0.0109718298269194	0.0795457662451655	0	0	0	0.0521161916778671	0	0	0.035658446937488	0	0	0.759799215514167
SRR11604889	0.138683330592556	0	0	0	0	0	0	0	0	0	0	0	1.49591624184619	0	0	4.46801512909061	0	0	0	0	0	0	0	0	0.571177986076851	0	0	0	0	0	0	0	0	8.07049279175574	0	0	0	0.332182206873869	0	0	0	1.1379707284986	0	0	0	0.753165597763526	0	0	0	0	0	0	0	0	0	0	0	0	0	0	0.0235706846461657	0	0	0	0	0.812914542564271	0	0	0.376034643424875	0.109082935920627	0	0	4.59792797237296	0	0	0	0	0	0	0	1.05519925450858	0	0	2.09285753439675	0	0	0	0	0	0	0	2.82957846845365	1.29419503371156	0	0.190209943539988	0	0	0	0	0	0.798662500685194	0	0	0	0	0	0	2.02214548045826	6.67598530943376	0	0	0	0.109082935920627	1.41753001151126	0.16499479252316	0.0328893274132544	0	40.0602971002576	0	0	0	0	0	2.75064408266184	1.82755029326317	0	0	0	0	0	0	0	0	0	1.64775530340405	0	0	0	0	0	0	0	0	0	0	0	0.329441429589432	0	0	0	0	0	0.57611138518884	0	0.227484514608343	0	0	0	0	0	0	0	0	0	0	0	0	0	0	0	0	0	0	0	0	0	0	0	0	0	0	0	0	0	1.41259661239928	0	0	0	0	0	0	0	0	0	0	0	0	0	0	1.47453817902757	0	0	0	0	0	0	0.509236419448556	0	0	0	0.379871731623088	0	0	0	0	0	0	0.0257633064737159	0	0	0	0	0	0	0	0	0	0	1.72285260099764	0	0	0	0	0	5.48539165707395
SRR11604891	0	0	0	0	0	0	0	0	0	0	0	0	6.33180407502361	0	0	0.0118067737147483	0	0	0	0	0	0	0	0	2.56375657805964	0	0	0	0	0	0	0	0	8.02523276211038	0	0	0	0	0	0	0	1.37464579678856	0	0	0	0.419983807853191	0	0	0	0	0	0	0	0	0	0	0	0	0	0	0	0	0	0	0.0118067737147483	0	0	0	0	0	0	0	9.94973687761436	0	0	0	0	0	0	0	0	0	0	3.54709216030225	0	0	0	0	0	0	0	0.0168668195924976	2.8437457832951	0	0	0	0.823100796113885	0	0	0	0	0	0	0	0	0	0	1.05248954257185	17.0877749291594	0	0	0	0	6.14626905950614	0	0	0	2.01221157738497	0.165294832006477	0	0	0	0	3.44083119686952	7.42477398461746	0	0	0	0	0	0	0	0	0	4.13574416408042	0	0	0	0	0	0	0	0	0	0	0	0	0	0	0	0	0	4.6063284307111	0	0	0	0	0	0	0	0	0	0	0	0	0	0	0	0	0	0	0	0	0	0	0	0	0	0	0	0	0	0	0	1.25657805964107	0	0	0	0	0	0	0	0	0	0	0	0.676359465659155	0	0	2.88928619619485	0	0	0	0	0	0	0.0134934556739981	0	0	0	0	0	0	0	0	0	0	0.349143165564701	0	0	0	0	0	0	0	0	0	0	0	0	0	0	0	0	12.823842936176
SRR11604894	0	0	0	0	0	0	0	0	0.507034686545113	0	0	0	2.6224774184883	0	0	0.463382693663745	0	0	0	0	0	0	0	0	1.87367784829254	0	0	0	0	0	0	0	0	7.47792216513885	0	0	0	1.76958463449851	0.261911957288204	0	0	0.406299318357342	0	0	0	0.218259964406837	0	0	0	0	0	0	0	0	0	0	0	0	0	0	0	0.0637990665189215	0	0	0	2.28333501225614	0	0	0	0	0	0	6.60152446190524	0	0	0	0.218259964406837	0	0	0	0	0	0	2.79708539001377	0	0	0	0	0	0	0	0.967059534602599	3.24032101003996	0	0	0	0	0	0	0	0	0	0	0	0	0	0	1.66549142070448	12.9847889594036	0	0	0	0	2.23296732816225	0	0	0	22.9575904099929	0	0	0	0	0	2.62583526409456	7.17571606057554	0	0	0.100735368187771	0	0	0.117524596219066	0	0.114166750612807	0	2.30683993149995	0	0	0	0	0	0	0	0	0	0	0.141029515462879	0	0	0	0.543970988213962	0	0	1.05436352036533	0	0.13767166985662	0	0	0	0	0	0	0	0	0	0	0.0335784560625902	0	0	0	0	0.0503676840938854	0	0	0	0	0	0	0	0	0	0	0.124240287431584	0	0	0.181323662737987	0	0	0	0	0	0	0	0	0	0	0	0	0	0	1.71585910479836	0	0	1.81659447298613	0	0	0	0.329068869413384	0	0	0	0	0	0	0.0134313824250361	0	0	0	0.228333501225614	0	0	0	0	0	0	0.0940196769752527	0	0	0	0	0	0	0	0	0	9.48255599207548
SRR11604895	0	0	0	0	0	0	0	0	4.26070449272305	0	0	0	0	0	0	0	0	0	0.796245517823244	0	0	0	0	0	0	0	0.15292132461506	0	0	0	0	1.38683821978486	0	1.75595865851086	0	0	0	0	0	0	0	3.25353300991352	0	0	0	0	0	0	0	0	0.232018561484919	0	0	0	0	0	0	0	0	0	0	0	0.722421430078043	0	0	0.242564859734233	0	0	0	0	0.142375026365746	0	1.71904661463826	0	0	0	0	0	0	0.590592701961611	1.37629192153554	0	0	0.928074245939675	0	0	0	0	0	0	0	0	0.991352035435562	0	0	0	0	0	0	0	0	0	0	0	0	0	0	0.690782535330099	2.43092174646699	0	0	0	0	1.29719468466568	0	0	0	49.831259228011	0	0	0	0	0	1.10208816705336	1.56085214089854	0	0	0.226745412360262	0	0	0	0	0	0	0	0	0	0	0	0	0	0	0	0	0	0.833157561695845	0	0	0.174013921113689	0	0	0	0	0	0	0	0.168740771989032	0	0	0	0	0	0	0	0	0	0	0	0	0	1.36047247416157	0	0	0	0	0	0	0.221472263235604	0	0	0	0	0	0	5.44716304577093	0	0	0	0	0	0	0	0	0	0	0	0	0	0.680236237080785	0.827884412571188	0	0	0	0	0	0.021092596498629	0.316388947479435	0	0	0	0	0	0	0	0.0474583421219152	0	0	0	0	0	0	0	0	0	0	0	0	0.142375026365746	0	0	0	0	0	0	14.0687618645855
SRR11604896	0	0	0	0	0	0	0	0	0.0633103727714749	0	0	0	0.868618314424635	0	0	4.32789708265802	0	0	0	0	0	0	0	0	0	0	0	0	0	0	0	0	0	0	0	0	0	0	0	0	0	4.89262560777958	1.09400324149109	0	0	0	0	0	0	0	0	0	0	0	0	0	0	0	0	0	0	0	0	0	0	0	0	0	0	0	0	0	3.17311588330632	0	0	0	0	0	0	0	0	0	0	3.13512965964344	0	0	0	0	0	0	0	0	1.373835089141	0	0	0	0	0	0	0	0	0	0	0	0	0.307688411669368	0	2.23485615883306	2.79198743922204	0	0	0	0	0	0	0	0	36.3730753646677	0	0	1.19529983792545	0	0.0291227714748784	2.32728930307942	0	0	0	0.115224878444084	0	0	0	0	0	0	0	1.02942666126418	0	0	0	0	0	0	0	0	0.165873176661264	0	0	0	0	0	0	0	0	0	0	0	0	0	0	0	0.269702188006483	0	0	0	0	0	0	0	0	0.0797710696920584	0	0	0	0	0.701478930307942	0.745796191247974	2.25258306320908	0	0	0	0.320350486223663	0	0	0	4.4773095623987	0	13.5952694489465	0	0	0	0	0	0	0	0	0	0.303889789303079	0	0	0	0	0	0	0	0	0	0	0	0	0	0	0	0	0	0	0	0.373531199351702	0	0	0	0	0	0	0	0	0	0	0	0	0	0	0	0	0	11.3819388168558
SRR11604900	0	0	0	0	0	0	0	0	3.77872227387435	0	0	0	0.19258865719219	0	0	0	0	0	0	0.278921503519724	0	0	0	0	0	0.969584274139992	0.132819763580821	0	0	0	0	0	0	0.710585735157391	0.31876743259397	0	0	0	0	0	0	3.73887634480011	0	0.146101739938903	0	0	0	0	0	0	0	1.50086332846328	0	0	0	0	0	0	0	0	0.418382255279586	0	0	0	0	0	0	0	0	0	0	0	0.292203479877806	0	0	0.478151148890955	0	0	0	0	0	0.418382255279586	0	1.22194182494355	0	0.816841546022048	0	0.551202018860406	0	0	0	0	0	0	0	0	0	0	0.351972373489175	0	0.225793598087395	0	0	0	0	0	0	0	3.39354495948997	0	0	0	0	0	0	0	0	24.1399920308142	0	0	0.152742728117944	0.0730508699694515	0	1.27506973037588	2.35755080355957	0	0	0.285562491698765	0	0	0	0	0	0.398459290742462	0	0	0	0	0	0	0.458228184353832	0	0	0	0	0	0	0	0	15.9317306415195	0.498074113428078	0	0	0	0	0	0	0	0	0	0	0	0	0	0	0	0	0	0	0	0	0	0	0	0	0	0	0	0	0	0	0	0	0	2.4106787089919	0	0	0.159383716296985	0	0	0	2.63647230707929	0	0	0	0	0	0	0	1.5207862930004	0	0	0	0	0	0.498074113428078	0.677380794262186	0	0	0	0	0	0	0	0	0	0	0	0	0	0	0	0	0	0.577765971576571	0	0	0	0	0	0	0	0	0	26.0127506973038
SRR11604902	0	0	0	0	0	0	0	0	0.0467196155643062	0	0	0	0	0	0	1.81539077621304	0	0	0	0	0	0	0	0	0	0	4.14469732363345	0	0	0	0	0	0	0	0	0	0	0.260295001001135	0	0	0	2.222518854702	0	0	0	0	0	0	0	0	0.106787692718414	0	0	0	0	0	0	0	0	0	0	0	0	0	0	0.113461923513315	0	0	0	0	0	0	0	0	0	0	0	0	0	0	0.14683307748782	0	0	0	0	0	0	0	0	0	0	0	0	0	0	0	0	0	0	0	0	0	0	0	0	0	0	0	0.447173463258359	0	0	0	0	0.213575385436828	0	0	0	84.2287926316492	0	0	0	0	0	0	0	2.66301808716545	0	0	0	0	0	0	0	0	0.166855769872522	0	0	0	0	0	0	0	0	0	0	0.0533938463592071	0	0	0	0	0	0	0	0	0	0	0	0.473870386437963	0	0	0	0	0	0	0	0	0	0	0	0	0	0	0	0	0	0	0	0	0	0	0.200226923847027	0	0	0	2.10905693118868	0	0	0	0	0	0	0	0	0	0	0	0	0	0	0	0	0	0	0	0	0	0	0	0	0	0	0	0	0	0	0.180204231462324	0.0667423079490089	0	0	0	0.0934392311286124	0	0	0	0	0	0	0	0	0	0	0.120136154308216	0	0	0.126810385103117
SRR11604906	0	0	0	0	0	0	0	0	0	0	0	0	0.384918739377243	0	0	1.51134760439463	0	0	0	0	0	0	0	0	0.893700218842689	0	0	0	0	0	0	0	0	0	0	0	0	0	0	0	0	0.120530110310046	0	0	0	0	0	0	0	0	0	0	0	0	0	0	0	0	0	0	0.314933514035926	0	0.131083437940879	0	0	0	0	0	0	0	0	0	1.04811206523067	0	0	0	0	0	0	0	0	0	0	0.894255657139048	0	0	0	0.0438796254124129	0	0	0	0	0	0.0727624168231151	0	0	0	0	0	0	0.406580832935269	0	0	0	0	0.313822637443206	0	0	1.32083226874327	0	0	0	0	0	0	0	0	86.0440573656672	0	0	0	0	0	2.29062753418723	0.799275708461547	0.0199957786689477	0	0.261055999289039	0	0	0	0	0	0	0	0	0	0	0	0	0	0	0	0	0	0.272720203512592	0	0	0	0	0	0	0	0	0	0	0	0	0	0	0	0	0	0	0.590986347326676	0	0	0	0	0	0.104422399715616	0	0	0	0	0	0	0	0	0	0	0	0	0	0.157744476166143	0	0.106088714604695	0	0	0	0	0	0	0	0	0	0	0	0	0	0	0	0.772614670236283	0	0	0	0	0	0	0	0	0	0	0	0	0	0	0	0	0	0	0	0	0	0.66541507903887	0	0	0	0	0	0	0	0	0	0.458236594496717
SRR11604907	0	0	0	0	0	0	0	0	0	0	0	0	0	0	0	0.51333238271781	0.313703122771995	0	0	0	0	0	0	0	0	0	0.156851561385997	0	0	0	0	0	0	0.0998146299729075	0	0	0	0	0	0	0	1.11222016255525	0	0	0	0	0	0	0	0	0	0	0	0	0	0	0	0	0	0	0	0.470554684157992	0	0	0	0.199629259945815	0	0	0	0	0	0	0.356480821331812	0	0	0	0	0	0	0	0	0	0	0.142592328532725	0	0	0	0	0	0	0	0.39925851989163	0	0	0	0.584628546984172	0	0	0	0	0	0	0	0	0	0	0	0.0998146299729075	0.5703693141309	0	0	0	0	0	0	0	0	82.7748467132468	0	0	0	0	0	0	0.370740054185085	0	0	3.93554826750321	0	0	0	0	0	0	0.28518465706545	0	0	0	0	0	0	0	0	0	0	1.63981177812634	0	0	0	0	0	0	0	0	0	0	0	0	0	0	0	0	0	0	0	0	0	0	0	0	0	0	0	0	0	0	0	0	0	0	0.85555397119635	0	0	0	3.15129046057322	0	0	0	0	0	0	0	0	0	0	0	0	0	0	0	0	0	0.0998146299729075	0	0	0	0	0	0	0.85555397119635	0	0	0	0	0	0	0	0	0	0	0	0	0	0.213888492799087	0	0	0	0	0	0	0	0	0	0	0.79851703978326
SRR11604910	0	0.276658447104108	0	0	0	0.0541288266073254	0	0	0.0180429422024418	0	0	1.60582185601732	0	0	0	0.890118481987129	0.0721717688097673	0	0	0	0	0	0	0	0	0	0	0	0	0	0	3.24772959643953	0	0	0	0	0	0	0	0	0	3.79503217658026	0	0	0	0	0	0	0	0	0	0	0	0	0	0	0	0	0	0	0	1.09460516028147	0	0	0	0	0	0	0	0	0	0	0	0	0	0	0	0	0	0	0	0	0	0	0	0	0	0	0	0	0	0	0	0	0	0	0	0	0	0	0	0	0	0	3.05527154628015	0	0.89613279605461	0	0	0	0	0	0	0	0	0	0	75.2270403560474	0	0	0	0	0	0	0	0	0	2.02682384074096	0	0	0	0	0	0	0	0	0	0	0	0	0	0	0	0	0	0	0	0	0	0	0	0	0	0	0	0.511216695735851	0	0.312744331508991	0	0	0	0	0	0	0	0	0	0	0	0	0	0	0	0	0	0	0	0	0	0	3.82510374691766	0	0	0	0.378901786251278	0	0	0	0	0	0	0	0	0	0	0	0	0	0	0	0	0	0	0	0	0.745774944367595	0	0	0	0	0	0	0	0	0	0	0	0	0	0	0	0	0	0	0	0	0	0	0	0	0	0	0	0	1.96668070006616
SRR11604911	0	0	0	0	0	0	0	0	1.20818641856652	0	0	0	0	0	0	0.00830939765176422	0	0	0	0	0	0	0.0221583937380379	0	0	0	0.222414877145556	0	0	0	0	0	0	0	0	0	0	0	0	0	0	0.665582751906314	0.0207734941294106	0	0	0	0	0	0.117439486811601	0	0	0	0	0	0	0	0.00775543780831328	0	0	0	0.0240972531901162	0	0	0	0.0130180563210973	0	0.0994357918994452	0	0	0.011079196869019	0	0	0	0	0	0	0	0.0362843697460371	0	0.0265900724856455	0	0	0	0.0124640964776463	0	0	0.0085863775734897	0.104698410412229	0	0	0	0	0	0	0	0.00664751812141138	0	0	0	0	0.0332375906070569	0	0	0	0	0.0551190044233694	0	0	0	0	0	0	0	0	0	0	0	95.7849195511817	0	0	0	0.0085863775734897	0.0454247071629778	0	0	0	0	0	0	0	0	0	0	0	0	0	0	0.0232663134249398	0	0	0.0318526909984295	0	0	0	0	0.0498563859105853	0	0	0.0614895426230553	0.286120259142415	0	0	0	0	0.00775543780831328	0	0	0	0	0	0	0.0470865866933306	0	0	0	0	0	0	0	0	0	0	0	0	0.00803241773003875	0	0	0	0	0	0	0	0	0	0.308278652880453	0	0.0218814138163125	0	0.0224353736597634	0	0	0.0625974623099571	0	0	0	0	0	0	0	0	0	0	0	0.00914033741694065	0	0	0	0	0	0	0	0	0	0.0930652536997593	0	0	0.0274210122508219	0	0	0	0.0063705381996859	0	0	0.0326836307636059	0.100820691508073	0	0	0	0	0	0	0.0074784578865878	0	0	0.249558909474652
SRR11604875	0	0	0.0615331030679476	0	0	0	0	0	0	0	0	0	3.41160421443706	0	0	0	0	0	0	0	0	0	0	0	2.28833483296085	0	0	0	0	0	0	0	0	11.8631178707224	0	0	0	1.24981859344614	0	0	0	0	0	0	0	0.429860970017125	0	0	0	0	0	0	0	0	0	0	0	0	0	0	0	0	0	0	0	3.85510695730415	0	0	0.0203175340318695	0	0	0	8.76962818912722	0	0	0.00783676312657824	0.0145125243084782	0	0	0	0	0	0	3.83333817084144	0	0	0	0.00841726409891736	0	0	0	1.29074391199605	2.45203610716048	0	0	0	0	0.00783676312657824	0	0	0.00290250486169564	0	0	0	0	0	0	1.7795257307056	17.3926798827388	0	0	0	0	3.78486633965112	0	0	0	0.0211882854903782	0	0	0	0	0	3.81766464458828	9.08135721127333	0	0	0	0	0	0	0	0	0	2.18500565988448	0	0	0	0	0	0	0	0	0	0	0	0	0	0	0	0	0	0.557571183931733	0	0	0	0	0	0	0	0	0	0	0	0	0	0	0	0	0	0.13322497315183	0	0	0	0	0	0	0	0	0	0	0.280962470612138	0	0	0.0301860505616347	0	0	0	0	0	0	0	0	0	0	0	0	0	0	2.55275302586132	0	0	2.15743186369837	0	0	0	0.585144980117842	0	0	0.255130177343047	0	0	0	0.0316373029924825	0	0	0	1.24488433518126	0	0	0	0	0	0.0081270136127478	0	0	0	0	0.0127710213914608	0	0	0	0	0	14.5209415725771
SRR11604880	0	0	0	0	0	0	0	0	0.41382553491653	0	0	0	0	0	0	0.465553726781096	0.0470256289677874	0	0	0	0	0	0	0	0	0	0	0	0	0	0	0	0	0	0	0	0	0.420879379261698	0	0	0.18810251587115	0.804138255349165	0	0	0	0	0.122266635316247	0	0	0	0	0	0	0	0	0	0	0	0	0	0	0	0	0	0	0.477310134023043	0	0	0	0	0	0	0.956971549494474	0	0	0	0	0	0	0	0	0	0	0.0117564072419469	0	0	0	0	0	0	0	0	0	0	0	0	0	0	0	0	0	0	0	0	0	0	0	0	1.38255349165295	0	0	0.771220315071714	0	0	0	0	0	90.2986127439455	0	0	0	0	0	0.246884552080884	0.665412649894192	0	0	0.0869974135904068	0	0	0	0	0	0.44909475664237	0.211615330355044	0	0	0	0	0	0	0	0	0	0	0	0	0	0	0.352692217258406	0	0	0	0	0	0	0	0	0	0	0	0	0.164589701387256	0.286856336703503	0	0	0	0	0	0	0	0	0	0	0	0	0	0	0	0	0	0	0	0.0352692217258406	0.253938396426052	0	0	0	0	0	0	0.0775922877968493	0	0	0	0	0	0	0	0	0	0	0	0	0	0	0	0	0	0	0	0	0	0	0	0	0	0	0	0	0	0	0	0	0	0	0	0	0	0	0	0	0	0	0.808840818245944
SRR11604881	0	0	0	0	0	4.83977691653275	0	0	0.0756215143208243	0.293033367993194	0	0	0.00945268929010303	0.160695717931752	0	1.70148407221855	0.321391435863503	1.03034313262123	0	0	0	0	0	0	0	0	0	0	0	0	0	0.860194725399376	0	0	0	0	0	0	0	0	0	1.97561206163153	0	0	11.3999432838643	0	0	0	0	0	0	0	0	0	0	0	0	0	0	0	0	0	0	0	0	0	0	0	0	0	0	0	0	0	0	0	0	0	0	0	1.62586255789772	0	0	0	0	0	0	0	0	0	0	0	0	0	0	0	0	0	0	0	0	0	0	0	0	0.189053785802061	0	0	0	0	0	0	0	0	0	0	0	52.935060024577	0	0	0	0	0	0	0	0	0	2.39153039039607	0	0	0	0	0	0	0	0	0	0	0	0	0	0	0	0	0	0	0	0	0	0	0	0	0	0	0	0	0	0	0	0	0	0	0.378107571604121	0	0	0.302486057283297	0.189053785802061	0	0	0	0	0	0	0	0	0	0	0	0	0	0.0567161357406182	0	0	0.3119387465734	4.3576897627375	0.122884960771339	0	0	0	0	0	0.576614046696285	0	0	0	0	0	0.9358162397202	0	0	0	0	0	0	0	0.255222610832782	0	0	0	0	0	0.576614046696285	0	0	0	0	0	0	0	0	0.0756215143208243	0	0.491539843085358	0	1.16268078268267	0.43482370734474	0	0	0.756215143208243	0	5.6054447490311	0	0	0	3.60147461952926
SRR11604883	0	0	0	0	0	0	0	0	0.623591678457266	0.170308651679505	0	0	0	0	0	0	0.72839700256773	0	0	0	0	0	0	0	0	0	0	0	0	0	0	0	0.154587853062936	0	0	0	0	0	0	0	0	0.600010480532411	0	0	0	0	0	0.159828119268459	0	0	0	0	0	0	0	0	0	0	0	0	0	0	0	0	0	0.020961064822093	0	0.186029450296075	0	0	0	0	0.0995650579049416	0	0.238432112351307	0	0	0	0	0	0	0	0	0	0	0	0	0	0	0	0	0.0288214641303778	0	0	0	0	0	0	0	0	0.0969449248021799	0	0	0	0	0	0	0.131006655138081	0.199130115809883	0	0	0	0	0.0131006655138081	0	0	0	88.9273175077294	0	0	0	0	0	0	0.0235811979248546	0	0.0838442592883718	0.408740764030813	0	0	0	0	0.157207986165697	0	0.0262013310276162	0	0	0	0	0	0	0	0	0	0	0	0	0	0	0	0	0	0.0104805324110465	0	0	0	0	0	0	0	0	0	0	0	0	0	0	0	0	0	0	0	0	0	0	0	0	0	0	0	0	0	0	0	0.377299166797673	0	0.0445422627469475	0	0	0	0	0	0	0	0	0	0.201750248912645	0	0	0	0.167688518576744	0	0.225331446837499	0	0	0	0	0	0.408740764030813	0	0	0	0	0	0	0	0	0	0	0	0	0	0	0	0	0	0	0	0	0	0	0	0	0	5.48655871718283
SRR11604885	0	0	0	0	0	0.0170842824601367	0	0	2.73917995444191	0	0	0	0.0341685649202733	0	0	0.279043280182232	1.42369020501139	0	0	0	0	0.301822323462415	0	0	0.0398633257403189	0	0	0	0	0	0	0	0	0.0911161731207289	0	0	0	0.0170842824601367	0	0	0	1.95899772209567	0	0	0	0.0341685649202733	0	0	0	0	0	0	0	0	0	0.0341685649202733	0	0.108200455580866	0	0.0911161731207289	0	0	0	0	0	0	0.227790432801822	0	0	0	0.0455580865603645	0	0.0284738041002278	0	0.0569476082004556	0	0	0	0	0	0.392938496583144	0.182232346241458	0	0	0	0	0	0	0	0	0	0	0	0	0	0	0	0	0	0	0.05125284738041	0	0	0	0	0	0	0	0.279043280182232	0	0.0455580865603645	0	0	0	0	0	0	86.5091116173121	0	0	0	0	0	0	0.108200455580866	0	0	0.398633257403189	0	0	0	0	0.0398633257403189	0	0	0	0	0	0	0	0.0626423690205011	0	0	0	0	0	0	0	0.125284738041002	0.324601366742597	0	0	0	0	0	0	0	0	0	0	0	0	0	0	0	0	0	0	0	0	0	0	0	0	0	0	0	0	0	0	0	0	0	0	1.91913439635535	0	0.227790432801822	0	0	0	0	0.165148063781321	0.0170842824601367	0	0	0	0	0	0.125284738041002	0.148063781321185	0	0.0911161731207289	0.05125284738041	0	0	0	0	0	0	0	0	0	0	0.170842824601367	0	0	0	0	0	0	0	0	0	0	0.392938496583144	0	0	0	0	0	0	0	0	0	0.643507972665148
SRR11604893	0	0	0	0	0	0	0	0	0	0	0	0	6.05120739310694	0	0	0	0	0	0	0	0	0	0	0	2.06348703990885	0	0	0	0	0	0	0	0	5.05427730480742	0	0	0	0	0	0	0	0.446244896667405	0	0	0	0.0158242871158654	0	0	0	0	0	0	0	0	0	0	0	0	0	0	0	0	0	0	0	5.35810361743204	0	0	0	0	0	0	4.98148558407444	0	0	0	0	0	0	0	0	1.05706237933981	0	0.617147197518752	0	0	0	0.0569674336171156	0	0	0	3.14903313605722	1.67737443428174	0	0	0	0	0	0	0	0.196221160236731	0	0	0	0	0	0	0	10.8839446782922	0	0	0	0	2.77874481754597	0	0	0	36.8357755483116	0	0	0	0	0	2.62683166123366	1.09504066841789	0	0	0	0	0	0	0	0	0	2.79456910466183	0	0	0	0	0	0	0	0	0	0	0.721587492483464	0	0	0	0	0	0	0	0	0	0	0	0	0	0	0	0	0	0	0	0	0	0	0	0	0	0	0	0	0	0	0	0	0	0	0	0.569674336171155	0	0	1.34506440484856	0	0	0	0	0	0	0	0	0	0	0	0	0	0	0	0	0	0.00316485742317309	0	0	0	0	0	0	0	0	0	0	0	0	0	1.13301895749596	0	0	0	0	0	0	0.037978289078077	1.28493211380827	0	0	0	0	0	0	0	0	0	7.16523720606387
SRR11604897	0	0	0	0	0	0	0.492520977745348	0	6.2933236045239	0	0	0	1.97008391098139	0	0	1.18569865012769	0	0	0	0	0	0	0	0	0	0	0.218898212331266	0	0	0	0	0	0	6.58518788763225	0	0	0	2.5538124771981	0	0	0	1.47756293323605	0	0	0	0	0	0	0	0	0	0.601970083910981	0	0	0	0.127690623859905	0	0	0	0	0	0	0	0	0	0	0.893834367019336	0	0	0	0	0	4.66982852973367	0	0	0	0	0	0.41955490696826	0	0	0	0	1.20394016782196	0	0	0	0.565487048522437	0	0	0	0	0	0	0	0	0	0	0	0	0	0	0	0	0	0	0	0	4.03137541043415	0	0	0	0	1.03976650857351	0	0	0	36.2458956585188	0	0	0	0	0.401313389273988	2.24370667639548	3.10105800802627	0	0	3.24699014958044	0	0	0	0	0	0	0	0	0	0	0	0	0	0	0	0	0	0	0	1.33163079168187	0	3.9948923750456	0	0	4.21379058737687	0	0	0	0	0	0	0	0	0.729660707770887	0	0	0	0	0	0	0	0	0	0	0	0	0	0	0	0	0	0	0	0	0	0	2.68150310105801	0	0	0	0	0	0	0	0	0	0	0	0	0	0	0	0	0	0.310105800802627	0	0	0	1.82415176942722	0	0	0	0	0	0	0.474279460051076	0	0	0	0	0	0	0	0	0	0	0	0	0	0	0	0	0	0	0	0.620211601605254	4.25027362276541
SRR11604898	0	0	0	0	0	0	0	0	0.470935869615402	0	0	0	0	0	0	0	0	0	0	0	0	0	0	0	0	0	0	0	0	0	0	0	0	0	0	0.0784893116025671	0	0	0	0	0	5.90054942518122	0	0	0	0	0	0	0	0	0	0.627914492820537	0	0	0	0	0	0	0	0	0	0	0	0	0	0	0	0	0	0	0	0	1.58363728704003	0	11.0808439909506	0	0	0	0	0	0	0	0	0.794127152684796	0	0	0	0	0	0	0	2.53936008125952	2.55321113624821	0	0	0	0	0	0	0	0.235467934807701	0	0	0	0	0	0	1.62980747033566	2.35929636640657	0	0	0	0	0	0	0	0	30.7724271665358	0	0	0	0	0.60021238284316	0	0	0	0	0	0	0	0	0	0	0	0	0	0	0	0	0	0	0	0	0	0	0	0.535574126229281	0	0	0	0	0	0	0	0	0	0	0	0	0	0	1.67136063530172	0	0	0	0	0	0	0	0	0	0	0	0	0	0	0	0	0	0	0	0	0.198531788171199	0	1.4266586638349	0	0.369361466365021	0	0.110808439909506	0	0	0	0	0	0	0	0	0	0	0	0	0	0	0	0	0	0	0	0	0	0	0	0	0	0	0	0	0	0	0	0	0	0	0	0.687935731104853	0	0	0	0	0	0	0	0	0	33.7734890807517
SRR11604899	0	0	0.0370046424005921	0	0	0	0	0	0	0	0	0	2.01170692323219	0	0	0	0.151382628002422	0	0	0	0	0	0	0	1.14714391441835	0	0	0	0	0	0	0	0	5.96447554329543	0	0	0.0235484088003768	0.851106775213618	0	0	0	0.117742044001884	0	0	0	0.235484088003768	0	0	0	0	0	0	0	0	0	0	0	0	0	0	0	0	0	0	0	3.06802126084909	0	0	0	0	0	0	5.937563076095	0	0	0	0	0	0	0	0	0	0	2.44903451523918	0	0	0	0	0	0	0	2.26401130323622	1.73585413442777	0	0	0	0	0	0	0	0	0	0	0	0	0	0	1.48018569602368	16.2887707730606	0	0	0	0	2.88299804884613	0	0	0	19.3803404427101	0	0	0	0	0	3.70719235685932	8.05691986812891	0	0	0.100921752001615	0	0	0	0	0	0	1.69212137522707	0	0	0	0	0	0	0	0	0	0	0	0	0	0	0.198479445603176	0	0	0.642535154410281	0	0	0	0	0	0	0	0	0	0	0	0	0	0	0	0	0	0.484424409607751	0	0	0	0	0	0	0	0	0	0	0	0	0	0.41377918320662	0	0.0235484088003768	0	0	0	0	0	0	0	0	0	0	0	0	2.57350467604118	0	0	1.64502455762632	0	0	0	0.524793110408397	0	0	0.121106102401938	0	0	0	0	0	0	0	0.756913140012111	0	0	0	0	0	0	0	0	0	0	0	0	0	0	0	0	13.0323622418085
SRR11604901	0	0	0	0	0	0	0	0	0.0491229506519025	0	0	0	0	0	0	0	0	0	0	0	0	0	0	0	0	0	0	0	0	0	0.0347954233784309	0	0	0	0	0	0	0	0	0	0	0.0416180554134174	0	0	0	0	0	0	0	0	0	0	0	0	0	0.177388432909648	0	0	0	0	0	0	0	0	0.0839183740303334	0	0	0	0	0	0.0388890025994228	0	0	0	0	0	0	0	0	0	0	0	0	0	0	0	0	0	0	0	0	0	0	0	0	0	0	0	0	0	0	0	0	0	0	0	0	0	0.82622073943686	0	0	0	0	0.178070696113147	0	0	0	97.0635391721418	0	0	0	0	0	0.180799748927141	0.00272905281399458	0	0	0	0	0	0	0	0	0	0	0	0	0	0	0	0	0	0	0	0	0.00614036883148781	0	0	0	0	0	0	0	0	0	0	0	0	0	0	0	0	0	0	0	0	0	0.0641327411288727	0	0	0	0	0	0.0191033696979621	0	0	0	0	0	0	0	0	0	0	0.415498290930675	0	0	0	0	0	0	0	0	0	0	0	0.236063068410531	0	0	0	0	0	0	0	0	0	0	0	0.0225146857154553	0	0	0	0	0	0	0	0.00614036883148781	0.154191483990694	0	0	0	0	0	0	0	0	0	0	0.0238792121224526	0	0	0.0279727913434445	0	0	0.347271970580811
SRR11604903	0	0.366434591425431	0	0	0	0.271161597654819	0	0	0	0	0	0	0	0	0	0	0	0	0	0	0	0	0	0	0	0	0	0	0	0	0	0.183217295712715	0	0.161231220227189	0	0	0	0.00732869182850861	0	0	0	0.615610113594723	0	0	0	0	0	0.205203371198241	0	0	0	0	0	0	0	0	0	0	0	0	0	0	0	0	0	0.00732869182850861	0	0	0	0	0	0	0.886771711249542	0.0219860754855258	0	0	0	0	0	0	0	0	0	0.26383290582631	0	0	0	0	0	0	0	0	0.0513008427995603	0	0	0	0	0	0	0	0	0.175888603884207	0	0	0	0	0	0	0	0	0	0.190545987541224	0	0	0	0	0	93.9098570905093	0	0	0	0	0	0	0	0	0	0.0146573836570172	0	0	0	0	0	0	0.183217295712715	0	0	0	0	0	0	0	0	0	0	0	0	0	0	0	0	0	0	0	0	0	0	0	0	0	0	0	0	0	0	0	0	0	0	0	0	0	0	0	0	0	0	0	0	0	1.1066324661048	0	0	0	0	0	0.0879443019421033	0	0	0	0	0	0	0	0	0	0	0	0	0	0	0	0	0	0	0	0	0	0	0	0	0	0	0.241846830340784	0	0	0	0	0	0	0	0	0	0	0	0	0	0	0	0	0	0	0	0	1.04800293147673
SRR11604909	0	0	0	0	0	0	0	0	0	0.708215297450425	0	0	0.240793201133144	0	0	1.38810198300283	0	0	0	0	0	0	0	0	0	0.481586402266289	1.35977337110482	0.0424929178470255	0.481586402266289	0	0	1.72804532577904	0	1.09065155807365	0	0	0	0	0	0	0	1.20396600566572	0	0	0	0	0	0	0	0	0	0	0	0	0	0	1.64305949008499	0	0	0	0	0	0	0	0.141643059490085	0	0	0	0	0	0	0	0.424929178470255	0	0	0	0	0	0	0	0	0	0.722379603399433	0	0	0	0.325779036827195	0	0	0	0	0.524079320113314	0	0	0	0	0	0	0	0	0	0	0	0.481586402266289	0	0	0.424929178470255	0	0	0	0	0	0	0.240793201133144	0	0	0	74.1218130311615	0	0	0	0	0	2.39376770538244	1.18980169971671	0	0	0.254957507082153	0	0.18413597733711	0	0	0	0	0	0	0.396600566572238	0	0	0	0	0	0	0	0	1.44475920679887	0.694050991501416	0	0	0	0	0	0	0	0	0	0	0	0	0	0	0	0	0	0	0	0	0	0	0	0	0	0	0	0.254957507082153	0	0	0	0	0	0.212464589235128	0	0	0	1.03399433427762	0	0	0	0	0	0.368271954674221	0	0	0	0	0	0	0	0	0.552407932011331	0	0.339943342776204	0.0991501416430595	0	0	0	0	0	0	0	0	0	0	0	0	0	0	0	0	0	0	0	0	0	0	0	0	0	0.722379603399433	0.198300283286119	0	0	0	0	1.88385269121813
