run	g__Acrocalymma	g__Alboefibula	g__Allium	g__Alternaria	g__Amyloporia	g__Antrodiella	g__Arabidopsis	g__Ascodesmidaceae_gen_Incertae_sedis	g__Aspergillus	g__Athelia	g__Aureobasidium	g__Auriporia	g__Basidiodendron	g__Bezerromyces	g__Bullera	g__Butyrea	g__Camptophora	g__Candida	g__Candolleomyces	g__Ceraceosorus	g__Cercozoa_gen_Incertae_sedis	g__Ceriporiopsis	g__Chlorococcum	g__Chrysothrix	g__Ciboria	g__Cladophialophora	g__Cladosporium	g__Conidiobolus	g__Coprinellus	g__Coprinopsis	g__Coriolopsis	g__Crepidotus	g__Cryptococcus	g__Cucurbitaceae_gen_Incertae_sedis	g__Curvibasidium	g__Curvularia	g__Cutaneotrichosporon	g__Cystobasidiomycetes_gen_Incertae_sedis	g__Cystobasidium	g__Cystofilobasidium	g__Dacryobolus	g__Daucus	g__Debaryomyces	g__Debaryomycetaceae_gen_Incertae_sedis	g__Didymella	g__Dioszegia	g__Ectophoma	g__Elmerina	g__Enterocarpus	g__Epicoccum	g__Erythrobasidium	g__Exidia	g__Exophiala	g__Fibricium	g__Filobasidium	g__Fomitopsis	g__Fusarium	g__Ganoderma	g__Gloeophyllum	g__Glycine	g__Golubevia	g__GS13_gen_Incertae_sedis	g__Hannaella	g__Hansfordia	g__Hericiaceae_gen_Incertae_sedis	g__Holtermannia	g__Hormonema	g__Humicola	g__Hyphoderma	g__Hyphodontia	g__Irpex	g__Irpicaceae_gen_Incertae_sedis	g__Kazachstania	g__Kneiffiella	g__Knufia	g__Lasiobolidium	g__Lasiobolus	g__Lentinula	g__Lentitheciaceae_gen_Incertae_sedis	g__Lenzites	g__Leptospora	g__Limtongozyma	g__Linnemannia	g__Lophiostoma	g__Lophodermium	g__Malassezia	g__Meiorganum	g__Meira	g__Meyerozyma	g__Moesziomyces	g__Mortierella	g__Mrakia	g__Mucor	g__Mucronella	g__Musa	g__Mycoaciella	g__Myxarium	g__Naganishia	g__Nakaseomyces	g__Neoascochyta	g__Neocucurbitaria	g__Neosetophoma	g__Neovaginatispora	g__Neurospora	g__Nigroporus	g__Nigrospora	g__Nothophoma	g__Odontoefibula	g__Oligophagozyma	g__Oliveonia	g__Omphalotaceae_gen_Incertae_sedis	g__Ophiognomonia	g__Ophiosphaerella	g__Pallidohirschioporus	g__Panellus	g__Papiliotrema	g__Penicillium	g__Peniophora	g__Peniophorella	g__Perenniporia	g__Periconia	g__Pezizales_gen_Incertae_sedis	g__Phaeosphaeria	g__Phanerochaete	g__Phlebia	g__Phlebiopsis	g__Pleurotaceae_gen_Incertae_sedis	g__Podosphaera	g__Polyporales_gen_Incertae_sedis	g__Porostereum	g__Powellomyces	g__Prunus	g__Pseudochaetosphaeronema	g__Pseudopithomyces	g__Pseudozyma	g__Puccinia	g__Raphanus	g__Resinicium	g__Resupinatus	g__Retiboletus	g__Rhizochaete	g__Rhizoctonia	g__Rhodosporidiobolus	g__Rhodotorula	g__Russula	g__Saccharomyces	g__Schizophyllum	g__Schizoporaceae_gen_Incertae_sedis	g__Septobasidium	g__Sertulicium	g__Sistotrema	g__Sistotremastrum	g__Spissiomyces	g__Sporobolomyces	g__Stagonosporopsis	g__Stemphylium	g__Stereaceae_gen_Incertae_sedis	g__Stereum	g__Sterigmatomyces	g__Streblotrichum	g__Suillus	g__Symmetrospora	g__Taphrina	g__Tetradesmus	g__Tilletia	g__Torula	g__Toxicocladosporium	g__Trametes	g__Tricellula	g__Trichomerium	g__Trichomonascus	g__Trichosporon	g__Triticum	g__Tulasnella	g__Udeniomyces	g__Ustilaginoidea	g__Vishniacozyma	g__Wallemia	g__Wickerhamomyces	g__Xenopyrenochaetopsis	g__Xylodon	g__Zasmidium	Unassigned
SRR12968645	0	0	0	0	0	0	0.282660542354916	0	0	0	0	0	0	0	0	0	0	0	0.185495980920413	0	0.326826252097871	0	0	0	0	0	0.63598622029856	0	0	0	0	0	0	0	0	0	0	0	0.565321084709831	0	0	0	0	1.08647645967671	6.58069075170038	0	0	0	1.07764331772812	0	0	0	0	0	0	0	0.768483349527427	0.273827400406325	0	0	0	0	0	0	0	0	0	0	0	0	0	0	0	0	0	0	1.18364102111121	0	0	0	0	0	0	0	0	77.8641462768307	0	0	0.123663987280276	0.856814769013338	0	0	1.8902923769985	0	0	0	0	0.777316491476018	0	0	0	0	0	1.00697818213939	0	0	0	0	0.0618319936401378	0	0.0706651355887289	0	0	0	0	0	0	0	0	0.23849483261196	0	0	0	0	0	0	0	0	0	0	0	0	0	0	0	0	0	0	0	0	0	0	0	1.27197244059712	0	0.900980478756294	0	0	0	0	0	0	0	0.415157671583782	0.609486794452787	0	0	0	0	0.0971645614345023	0.247327974560551	0	0	0	0	0	0	0	0	0	0	0	0	0	0	0	0	0	0	0	0	0	0.600653652504196
SRR12968648	0	0	0	0	0	0	0	0	0	0	0	0	0	0	0	0	0	0.218102508178844	0	0	0.654307524536532	0	0	0	0	0	0.218102508178844	0	0	0	0	0	0	0	0	0	0	0	0	0	0	0	0	0.599781897491821	0	0	0	0	1.90839694656489	0	0	0	0	0.218102508178844	0	0	0.327153762268266	0	0	0	0	0	0	0	0	0	0	0	0	0	0	0	0	0	0	1.19956379498364	1.30861504907306	0	0	0	0	0	0	0	0	78.3533260632497	0	0	0	0	0.54525627044711	0	2.29007633587786	0	0	0	0	0.490730643402399	0	0	0	0	0	3.38058887677208	0	0.599781897491821	0	0	0	0	0	0	0	0	0	0	0	0	0	0	0	0	0	0	0	0	0	0	0	0	0	0	0	0	0	0	0.218102508178844	0	0	0	0	0	0	3.65321701199564	0	1.14503816793893	0	0	0	0	0	0	0	0	0	0	0.109051254089422	0	0	0	0	0	0	0	0	0	0	0	0	0	0	0	0	0	0	0	0	0	0	0	0	0	2.56270447110142
SRR12968651	0	0	0	0.0561167227833895	0	0	0	0	0	0	0	0	0	0	0	0	0	0	0	0	0	0	0	0	0	0	0.869809203142537	0	0	0	0	0	0	0	0	0	0	0	0	0	0	0	0	0.308641975308642	0	0	0	0	0.140291806958474	0	0	0	0	0	0	0	0	0	0	0	0	0	0	0	0	0	0	0	0	0	0.252525252525253	0	0	0	0	0.561167227833894	0.336700336700337	0	0	0	0	0	0	0	0	93.0415263748597	0	0	0	0	0.252525252525253	0	1.62738496071829	0	0	0	0	0.140291806958474	0	0	0	0	0	0.617283950617284	0	0	0	0	0	0	0	0	0	0	0	0	0	0	0	0	0	0	0	0	0	0	0	0	0	0	0	0	0	0	0	0	0.420875420875421	0	0	0	0	0	0	0.364758698092031	0	0	0	0	0	0	0	0	0	0	0.196408529741863	0	0	0	0	0	0	0	0	0	0	0	0	0	0	0	0.280583613916947	0	0	0	0	0.0561167227833895	0	0	0	0	0	0	0.47699214365881
SRR12968653	0	0	0	0.522778192681105	0	0	1.25093353248693	0	0.392083644510829	0	0	0	0	0	0	0	0	0	0	0	0.840179238237491	0	0	0	0	0	1.56833457804332	0	0	0	0	0	0	0	0	0	0.0373412994772218	0	0	0	0	0	0	1.68035847647498	0	0	0	0	0.504107542942494	0.261389096340553	0	0	0	0	0	0	0	0	0	0	0	0	0	0	0	0	0	0	0	0	0	0	0	0	0	0	0.989544436146378	0	0	0	0	0	0	0	0	78.9395070948469	0	0	0	0	0	0	3.52875280059746	0	0	0	0	0.41075429424944	0	0	0	0	0	1.45631067961165	0	0	0	0	0	0	0	0	0	0	0	0	0.709484690067214	0	0	0	0	0	0.0746825989544436	0	0	0	0	0	0.989544436146378	0	0	0	0	0	0	0	0	0	0	0	0	0	0	3.02464525765497	0	0.373412994772218	0	0	0	0	0	0	0	0	0.746825989544436	0.149365197908887	0	0	0	0	0	0	0	0	0	0	0	0	0	0	0	0	0	0	0	0.298730395817774	0	0	0	0	0.20537714712472	0	1.04555638536221
SRR12968659	0	0	0	0	0	0	0	0	0	0	0	0	0	0	0	0	0	0	0	0	0	0	0	0	0	0	0.526662277814351	0	0	0	0	0	0	0	0	0	0	0	0	0	0	0	0	0	0	0	0	0	0	0.460829493087558	0	0	0	0	0.987491770901909	0	0	0	0	0	0	0	0	0	0	0.658327847267939	0	0	0	0	0	0	0	0	0	2.69914417379855	1.71165240289664	0	0	0	0	0	0	0	0	82.4884792626728	0	0	0	0	0.724160631994733	0	1.90915075707702	0	0	0	0	0.724160631994733	0	0	0	0	0	0	0	0	0	0	0	0	0	0	0	0	0	0	0	0	0	0	0	0	0	0	0	0	0	0	0	0	0	0	0	0	0	0	0	0	0	0	0	0	0	3.81830151415405	0	0	0	0	0	0	0	0	0	0	0.394996708360764	0	0	0	0	0	0	0	0	0	0	0	0	0	0	0	0	0	0	0.197498354180382	0	0	0	0	0	0	0	0	2.69914417379855
SRR12968662	0	0	0	0	0	0	0.0558587889814549	0	0	0	0	0	0	0	0	0	0	0.0702224775766861	0	0	0.132465128156022	0	0	0	0	0.00957579239682084	0.213859363528999	0	0	0	0	0	0	0	0	0.0175556193941715	0	0	0	0	0	0	0.11810143956079	0.165980401544895	0	0	0	0	0.234606913722111	0	0	0	0	0	0	0	0.0989498547671486	0	0	0	0	0	0	0	0	0	0	0	0	0	0	0	0	0	0	0.0925659931692681	0.419738900060647	0	0	0	0	0	0	0	0	95.4227712343196	0	0	0	0	0.057454754380925	0	0.815538319129241	0	0	0	0	0.188323917137476	0	0	0	0	0	0.306425356698267	0	0	0	0	0	0	0	0	0	0	0	0.0319193079894028	0	0.11650547416132	0	0	0	0	0	0	0	0	0	0	0	0	0	0.0446870311851639	0	0	0	0	0.285677806505155	0	0	0	0	0	0	0.472405758243161	0	0.156404609148074	0	0	0	0.0494749273835743	0	0	0	0	0.0989498547671486	0	0	0	0	0.0893740623703278	0	0	0	0	0	0	0	0	0	0	0	0	0	0	0	0	0	0	0	0	0	0	0.234606913722111
SRR12968677	0	0	0	0.133689839572192	0	0	0.108225108225108	0	0	0	0	0	0	0	0	0	0	0	0	0	0.133689839572192	0	0	0	0	0	0.190985485103132	0	0	0	0	0	0	0	0	0	0	0	0	0	0	0	0	0.12095747389865	0	0	0	0	0.0954927425515661	0	0	0	0	0	0	0	0.0954927425515661	0	0	0	0	0	0	0	0	0	0	0	0	0	0.108225108225108	0	0.0636618283677107	0	0	0	0	0	0	0	0	0	0	0	0	96.4731347084288	0	0	0	0	0	0	0.305576776165011	0	0	0	0	0.190985485103132	0	0	0	0	0	0.0954927425515661	0	0	0.210084033613445	0	0	0	0	0	0	0	0	0	0.241914947797301	0	0	0.0572956455309397	0	0	0	0	0	0	0	0	0	0	0	0	0	0	0	0	0.089126559714795	0	0	0	0	0	0.171886936592819	0.572956455309397	0	0.114591291061879	0.0445632798573975	0	0	0	0	0	0	0.0509294626941686	0	0.0318309141838554	0	0	0	0	0	0	0	0	0	0.114591291061879	0	0	0	0	0	0	0	0	0	0	0	0	0	0	0	0	0.184619302266361
SRR12968682	0	0	0.251499322886438	0	0	0	0	0	0	0	0	0	0	0	0	0	0	0	0	0	0.812536273940801	0	0	0	0	0	0.290191526407429	0	0	0	0	0	0	0	0	0	0	0	0	0	0	0	0.290191526407429	1.2381505126717	0	0	0	0	0.754497968659315	0	0	0	0	0	0	0	1.02534339330625	0	0	0	0	0	0	0	0	0	0	0	0	0	0	0	0	0	0	0.4062681369704	0.328883729928419	0	0	0	0	0	0	0.0967305088024763	0	76.8233700909267	0	0	1.27684271619269	0	1.68311085316309	0	3.01799187463726	0	0	0	0	2.08937899013349	0	0	0	0	0	2.16676339717547	0	0	0	0	0	0	0	0	0	0	0	0	0	0	0	0	0	0	0.328883729928419	0	0	0	0	0	0	0	0	0	0	0	0	0	0.986651189785258	0	0	0	0	0	0	3.38556780808667	0	1.54768814083962	0	0	0	0	0	0	0	0	0.73515186689882	0	0	0	0	0	0	0	0	0	0	0	0	0	0	0	0	0.116076610562972	0	0	0	0	0	0	0	0	0	0	0.348229831688915
SRR12968690	0	0	0	0.0218674830527006	0	0	0	0	0.393614694948611	0	0.0656024491581019	0.0656024491581019	0	0	0	0	0	1.02777170347693	0	0	0	0	0	0	0	0	0.612289525475618	0	0	0	0.0656024491581019	0	0	0	0	0.262409796632408	0.185873605947955	0	0	0.0437349661054013	0	0	0.0656024491581019	0.174939864421605	0	0	0	0	0	0	0	0	0	0	0.0437349661054013	0	0.470150885633064	0.295211021211459	0	0	0	0	0	0	0	0	0	0	0	0.0109337415263503	0.0656024491581019	0	0.262409796632408	0	0.0765361906844522	0.524819593264815	0.273343538158758	0	0	0	0	0	0	0	0	85.3597200962169	0	0	0	0	0	0	0.656024491581019	0	0	0	0	1.23551279247759	0	0.251476055106057	0	0	0	0.896566805160726	0	0.109337415263503	0	0	0	0	0	0	0	0	0	0	0	0	0.306144762737809	0.306144762737809	2.41635687732342	0	0.36081347036956	0	0	0.0218674830527006	0	0	0	0	0	0	0	0	0	0	0.0656024491581019	0	0	0	0	0	0	0.721626940739121	0	0	0.218674830527006	0	0	0.0765361906844522	0	0	0	0.196807347474306	0.196807347474306	0	0	0	0	0	0	0	0	0	0.0765361906844522	0	0	0	0	0	0.109337415263503	0	0	0	0	0	0	0.513885851738465	0	0	0	0	0.896566805160726
SRR12968691	0	0.243325003288176	0	1.96632908062607	0	0.0394581086413258	0.256477706168618	0	0.0328817572011048	0	0	0	0	0	0	0	0	0	0	0	0.190714191766408	0	0	0	0	0	0.802314875706958	0	0	0	0	0	0	0	0	0.335393923451269	0	0	0.124950677364198	0	0	0	0	0	0	0	0	0	0	0	0	0	0	0	0	0	0	0	0	0	0	0	0	0	0	0	0	0	0.0328817572011048	0.0526108115217677	0	0	0	0	0	0	0.322241220570827	0	0	0	0.0920689201630935	0	0	0	0	90.030251216625	0	0	0	0	0.131527028804419	1.13770879915823	0.716822306984085	0	0	0	0	0.302512166250164	0	0.828620281467842	0	0	0	0	0	0	0	0	0	0	0	0	0	0	0	0	0	0	0	0.177561488885966	0	0	0	0	0	0.131527028804419	0	0	0	0	0	0	0	0	0	0	0.0723398658424306	0	0	0	0	0.111797974483756	0	0.184137840326187	0	0	0.0131527028804419	0	0	0	0	0	0	0	0	0.388004734973037	0	0	0	0	0	0.0526108115217677	0	0	0	0	0	0.0394581086413258	0	0	0	0	0	0	0	0	0	0	0	0	0.0789162172826516	0	1.11140339339734
SRR12968696	0	0	0	0	0	0	0.0574382538770821	0	0.0255281128342587	0	0	0.0957304231284702	0	0	0	0	0	0.0319101410428234	0	0	0.248899100134023	0	0	0	0	0	0	0	0	0	0	0	0	0	0	0	0	0	0.140404620588423	0	0	0	0	0.682877018316421	0	0	0	0	0.134022592379858	0	0	0	0	0	0	0	0.255281128342587	0	0	0	0	0	0	0	0	0	0	0	0	0	0	0	0	0	0	0	0.319101410428234	0	0	0	0	0	0	0	0	94.3199948943774	0	0	0	0	0	0	0.542472397727998	0	0	0	0	0.874337864573361	0	0	0	0	0	0.548854425936563	0	0	0	0	0	0	0	0	0	0	0	0	0.446741974599528	0.261663156551152	0	0	0	0	0	0	0	0	0	0	0	0	0	0	0	0	0	0	0.159550705214117	0	0	0	0	0	0	0.638202820856468	0	0	0	0	0	0	0	0	0	0	0.172314761631246	0	0	0	0	0	0	0	0	0	0	0	0	0.019146084625694	0	0	0	0	0	0	0	0	0	0	0	0	0.0255281128342587	0	0
SRR12968698	0	0	0	0.483383685800604	0	0	0	0	0	0	0.302114803625378	0	0	0	0	0	0	0	0	0	0.483383685800604	0	0	0	0	0	0.483383685800604	0	0	0	0	0	0	0	0	0	0	0	0	0	0	0	0	0	0	0	0	0	0.725075528700906	0	0	0	0	0	0	0	0.241691842900302	0	0	0	0	0	0	0	0	0	0	0	0	0	0	0	0	0	0	0	0	0	0	0	0	0	0	0	0	92.3867069486405	0	0	0	0	0	0	0.241691842900302	0	0	0	0	0.966767371601208	0	0	0	0	0	0	0	0	0	0	0	0	0	0	0	0	0	0	0	0	0	0	0.483383685800604	0	0	0	0	0	0	0	0	0	0	0	0	0	0	1.45015105740181	0	0	0	0	0	0	0	1.45015105740181	0	0	0	0	0	0	0	0	0	0	0.0604229607250755	0	0	0	0	0	0	0	0	0	0	0	0	0	0	0	0	0	0	0	0	0	0	0.241691842900302	0	0	0	0	0
SRR12968701	0	0	0.156690692572861	0	0	0	0	0	0	0.689439047320589	0	0	0	0	0	0	0	0	0	0	0.908806016922595	0	0	0	0	0	0.0940144155437167	0	0.0940144155437167	0	0	0	0	0	0	0	0	0	0	0	0	0	0	0.5640864932623	0	0	0	0	0.125352554058289	0	0	0	0	0	0	0	0.501410216233156	0	0	0	0	0	0	0	0	0	0	0	0	0	0	0	0	0	0	0.219366969602006	3.79191476026324	0	0	0	0	0	0	0	0	83.7041679724224	0	0	0	0	0.595424631776872	0	2.00564086493262	0	0	0	0	0.438733939204011	0	0	0	0	0	0.783453462864306	0	0	0	0	0	0	0	0	0	0	0	0	0.470072077718584	0.344719523660295	0	0	0	0.219366969602006	0	0	0	0	0	0	0	0	0	0	0	0	0	0	0.532748354747728	0	0	0	0	0	0	0.532748354747728	0	2.47571294265121	0	0	0	0	0	0	0	0	0.407395800689439	0	0	0	0	0	0	0	0	0	0	0	0	0	0	0	0	0	0	0	0.344719523660295	0	0	0	0	0	0	0	0
SRR12968702	0	0	0	0	0	0	0.107338568442461	0	0.0395457883735382	0	0	0	0	0	0	0	0	0	0	0	0.231625331902152	0	0	0	0	0	0.0395457883735382	0	0	0	0	0	0	0	0	0	0	0	0	0	0	0	0	0.158183153494153	0	0	0	0	0.197728941867691	0	0	0	0	0	0	0	0.0621433817298458	0	0	0	0	0	0	0	0	0	0	0	0	0	0	0	0	0	0	0	0.0847409750861533	0	0	0	0	0	0	0	0	97.7458900627083	0	0	0	0	0.237274730241229	0	0.276820518614768	0	0	0	0	0.209027738545845	0	0	0	0	0	0.231625331902152	0	0	0	0	0	0	0	0	0	0	0	0	0	0	0	0	0	0	0	0	0	0	0	0	0	0	0	0	0	0	0	0	0	0	0	0	0	0	0	0.293768713631998	0	0	0	0	0	0	0	0	0	0	0	0	0	0	0	0	0	0	0.0169481950172307	0	0	0	0	0	0	0	0	0	0	0	0	0	0	0	0	0	0	0	0.0677927800689227
SRR12968706	0	0	0	0.262228946041351	0	0	0.100857286938981	0	0	0	0	0.0605143721633888	0.121028744326778	0	0	0.32274331820474	0	0.171457387796268	0	0.0806858295511851	0	0	0	0	0	0	1.43217347453354	0	0.544629349470499	0.262228946041351	0	0	0	0	0	0	0	0.0907715582450832	0.141200201714574	0	0	0	0	0.332829046898638	0.231971759959657	0	0	0	0.786686838124054	0	0	0	0.463943519919314	0	0.363086232980333	0	0.43368633383762	0.393343419062027	0	0	0	0	0	0	0	0	0	0	0	0	0.292486132123046	0.0403429147755925	0.0806858295511851	0	0.181543116490166	0	0.403429147755925	0	0	0	0	0	0	0	0	82.1684316691881	0	0	0	0	0.141200201714574	0	1.42208774583964	0.141200201714574	0	0.342914775592537	0	1.44225920322743	0	0	0.16137165910237	0	0	0.242057488653555	0	0	0	0	0	0	0	0	0.0605143721633888	0	0	0	0.393343419062027	0	0	0.423600605143722	0	0	0	0.151285930408472	0.0907715582450832	0	0	0	0	0.121028744326778	0	0	0	0	0	0	0.706001008572869	0	0.0907715582450832	0	0.16137165910237	0	0	0.534543620776601	0	0	0.0504286434694907	0	0	0.423600605143722	0	0.0403429147755925	0	0.242057488653555	0	0	0	0	0	0	0	0	0.27231467473525	0	0	0	0	0.504286434694907	0	0	0	0.221886031265759	0	0	0	0	0	0.0504286434694907	0	0	0.302571860816944	0	1.50277357539082
SRR12968709	0	0	0	0.313926940639269	0	0	0	0	0	0	0.0285388127853881	0	0	0	0	0	0	0	0	0	0.627853881278539	0	0	0	0	0	0.742009132420091	0	0	0	0	0	0	0	0	0	0.142694063926941	0	0	0	0	0	0	0.856164383561644	0	0	0	0	0	0	0	0	0	0	0	0	1.65525114155251	0	0	0	0	0	0	0	0	0	0	0	0	0	0	0	0	0	0	1.45547945205479	3.96689497716895	0	0	0	0	0	0	0	0	78.5958904109589	0	0	0.799086757990868	0	0	0	4.10958904109589	0	0	0	0	1.1986301369863	0	0	0	0	0	0	0	0	0	0.313926940639269	0	0	0	0	0	0	0	0	0.342465753424658	0	0	0	0	0	0	0	0	0	0	0	0	0	0	0	0	0	0	0	0	0	0	0	0	0	0	1.912100456621	0	1.56963470319635	0	0	0	0	0	0	0	0	0.45662100456621	0	0	0	0	0	0	0	0	0	0	0	0	0	0	0	0.713470319634703	0	0	0	0	0	0	0	0.199771689497717	0	0	0	0
SRR12968710	0	0	0	0	0	0	0.410353535353535	0	0	0	0	0	0	0	0	0	0	0	0	0	1.13636363636364	0	0	0	0	0	0.946969696969697	0	0	0	0	0	0	0	0	0	0	0	0	0	0	0	0	2.68308080808081	0	0	0	0	0.883838383838384	0	0	0	0	0	0	0	0.694444444444444	0	0	0	0	0	0	0	0	0	0	0	0	0	0	0	0	0	0	0.789141414141414	0.473484848484849	0	0	0	0	0	0	0	0	82.3863636363636	0	0	0	0	2.46212121212121	0	1.98863636363636	0	0	0	0	1.48358585858586	0	0	0	0	0	0.410353535353535	0	0	0	0	0	0	0	0	0	0	0	0	0.252525252525253	0	0	0	0	0	0	0	0	0	0	0	0	0	0	0	0	0	0	0	0	0	0	0	0	0	0	1.92550505050505	0	0	0	0	0	0	0	0	0	0	0	0	0	0	0	0	0	0	0	0	0	0	0	0	0	0	0	0	0	0	0	0	0	0	0	0	0.126262626262626	0	0.946969696969697
SRR12968646	0	0	0	0	0	0	0	0	0	0	0	0	0	0	0	0	0	0	0	0	0.496777658431794	0	0	0	0	0	0.57733619763695	0	0	0	0	0	0	0	0	0	0	0	0	0	0	0	0	0.617615467239527	0	0	0	0	0.241675617615467	0.120837808807734	0	0	0	0	0	0	0.335660580021482	0	0	0	0	0	0	0	0	0	0	0	0	0	0	0	0	0	0	0	1.00698174006445	0	0	0	0	0	0	0	0	89.6482277121375	0	0	0	0	0.281954887218045	0	1.49033297529538	0	0	0	0	0.322234156820623	0	0	0	0	0	0.389366272824919	0.456498388829216	0	0	0	0	0	0	0	0	0	0	0	0.416219119226638	0	0	0	0	0	0	0	0	0	0	0	0	0.120837808807734	0	0	0	0	0	0	0.443071965628357	0	0	0	0	0	0	0.819011815252417	0	0.093984962406015	0	0	0	0	0	0	0	0	0.456498388829216	0	0	0	0	0	0	0	0	0	0	0	0	0	0	0	0	0	0	0	0	0	0	0	0	0	0	0	1.66487647690655
SRR12968650	0	0	0	0.103013134174607	0	0	0	0	0	0	0	0	0	0	0	0	0	0.0257532835436518	0	0	0	0	0	0	0	0	0.334792686067474	0	0	0	0	0	0	0	0	0.0257532835436518	0	0	0	0	0	0	0	0.180272984805563	0	0	0	0	0	0	0	0	0	0	0	0	0	0	0	0	0	0	0	0	0	0	0	0	0	0.0515065670873036	0.0772598506309554	0	0	0	0	0	0.154519701261911	0	0	0	0	0	0	0	0	97.2443986608293	0	0	0	0	0	0	0.360545969611125	0	0	0	0	0.0772598506309554	0	0	0	0	0	0.180272984805563	0	0	0	0	0	0	0	0	0	0	0	0	0.0257532835436518	0	0	0	0	0	0	0	0	0	0	0	0	0	0	0	0	0.257532835436518	0	0	0.103013134174607	0	0	0	0	0	0	0.334792686067474	0	0.206026268349215	0	0	0	0.257532835436518	0	0	0	0	0	0	0	0	0	0	0	0	0	0	0	0	0	0	0	0	0	0	0	0	0	0	0	0	0	0	0	0	0
SRR12968656	0	0	0	0.072811999417504	0	0	0.684432794524538	0	0	0	0	0	0	0	0	0	0	0.18931119848551	0	0	0	0	0	0	0	0	1.41255278869958	0	0	0	0	0	0	0	0	0	0	0	0	0	0	0	0	1.35430318916557	0	0	0	0	0	0	0	0	0	0	0	0	0.742682394058541	0	0	0	0	0	0	0	0	0	0	0	0.160186398718509	0	0	0	0	0	0	0	0.36405999708752	0	0	0	0	0	0	0	0	86.7482161060143	0	0	1.04849279161206	0	1.26692878986457	0	0.961118392311053	0	0	0	0	0.597058395223533	0	0	0	0	0	0.567933595456531	0	0	0	0	0	0	0	0	0	0	0	0	0.859181593126547	0.422309596621523	0	0	0	0	0	0	0	0	0	0	0	0	0	0	0	0	0	0	0	0	0	0	0	0	0	1.28149118974807	0	0.698995194408038	0	0	0	0	0	0	0	0	0.436871996505024	0	0	0	0	0	0	0	0	0	0	0	0	0	0	0	0	0	0	0	0	0	0	0	0	0	0	0	0.131061598951507
SRR12968658	0	0	0	0.149681925907447	0	0	0.124734938256206	0	0	0	0.112261444430585	0	0	0	0	0	0	0.0997879506049645	0	0	0.261943370338032	0	0	0	0	0	0.523886740676063	0	0	0	0	0	0.112261444430585	0	0	0.0873144567793439	0.0249469876512411	0	0	0	0	0	0	0	0.124734938256206	0	0	0	0.361731320942996	2.90632406136959	0	0.112261444430585	0	0	1.84607708619184	0	0.311837345640514	0	0	0	0	0	0	0	0	0	0.22452288886117	0	0	0	0	0	0	0	0	0.760883123362854	0.324310839466134	0	0	0	0	0	0	0	0	39.9650742172883	0	0	0	0	0.735936135711613	0	0.611201197455407	0	0	0	0	3.26805538231259	0	0	0	0	0	0	0	0	0	0	0	0	0	0	0	0	0	0.174628913558688	0.424098790071099	0	0.0997879506049645	0.324310839466134	0	0	0	0	0	0.0997879506049645	0	0	0	0	0	0	0	0	0	0	0	0	0.311837345640514	0	0	0	0	39.2041910939254	0	0.498939753024822	0.0374204814768617	0	0	0	0	0	0	0.0498939753024822	0	0	0	0.0748409629537233	0	0	0	0	0	0	0	0	0	0	0	0.187102407384308	0.137208432081826	0	0	0	0	0	0	0	0	0	0.124734938256206	0	5.20144692528377
SRR12968666	0	0	0	0	0	0	0.0740411668887902	0	0	0	0.014808233377758	0	0	0	0	0	0	0	0	0	0	0	0	0	0	0	0.508416012636359	0	0	0	0	0	0	0	0	0.0740411668887902	0	0	0	0	0	0	0	0.0641690113036181	0	0	0	0	0.0641690113036181	0	0	0	0	0	0	0	0.113529789229478	0	0	0	0	0	0	0	0	0	0	0	0	0	0	0	0	0	0	0.0345525445481021	0.231995656251543	0	0	0	0	0	0	0	0	97.3197097586258	0	0	0	0	0	0.014808233377758	0.22212350066637	0	0	0	0	0.12340194481465	0	0	0	0	0	0.143146255984994	0	0	0	0	0	0	0	0	0	0	0	0	0.0542968557184461	0	0	0	0	0	0	0	0	0	0	0	0	0.0246803889629301	0	0.276420356384817	0	0	0	0	0	0	0	0	0	0	0	0.0789772446813762	0	0.0542968557184461	0	0	0	0	0	0.014808233377758	0	0.0296164667555161	0.0740411668887902	0	0	0	0	0	0	0	0	0	0	0	0	0	0	0	0	0	0	0	0	0	0.389950145614295	0	0	0	0	0	0
SRR12968668	0	0	0	0	0	0	0.813008130081301	0	0	0	0.312695434646654	0	0	0	0	0	0	0	0	0	1.12570356472795	0	0	0	0	0	0	0	0.125078173858662	0	0	0	0	0	0	0	0	0	0	0	0	0	0	1.12570356472795	0	0	0	0	0.687929956222639	0	0	0	0	0	0	0	0.437773608505316	0	0	0	0	0	0	0	0	0	0	0	0	0.187617260787992	0.625390869293308	0	0	0	0	0.813008130081301	1.06316447779862	0	0	0	0	0	0	0	0	75.2970606629143	0	0	0	0	0.938086303939963	0	2.93933708567855	0	0	0	0	1.93871169480926	0	0	0	0	0	2.06378986866792	0	0	0	0	0	0	0	0	0	0	0	0	0.75046904315197	0	0	0	0	0	0	0	0	0.375234521575985	0	0	0	0	0	0	0	0	0	0	0	0	0	0	0	0	0	4.94058786741714	0	1.00062539086929	0	0	0	0.687929956222639	0	0	0	0	0.562851782363977	0	0.312695434646654	0	0	0	0	0	0	0	0	0	0	0	0	0	0	0	0	0	0	0.312695434646654	0	0	0	0	0	0	0.562851782363977
SRR12968670	0	0	0	0	0	0	0.374064837905237	0	0	0	0.124688279301746	0	0.374064837905237	0	0	0	0	0	0	0	1.27805486284289	0	0	0	0	0	0.966334164588529	0.280548628428928	0	0	0	0	0	0	0	0.0311720698254364	0	0	0.249376558603491	0	0	0	0	0.935162094763092	0	0	0.561097256857855	0	0.561097256857855	0	0.623441396508728	0	0	0	0	0	0	0	0	0	0	0	0	0	0.218204488778055	0	0	0	0.187032418952618	0	0	0	0	0	0	0.966334164588529	0.249376558603491	0	0	0	0	0	0	0	0	77.0573566084788	0	0	0	0	0.374064837905237	1.55860349127182	2.58728179551122	0	0.529925187032419	0	0	0.935162094763092	0	0	0	0	0	0.592269326683292	0	0	0	0	0	0	0	0	0	0	0	0	0.716957605985037	0	0	0	0.124688279301746	0	0	0	0	0.155860349127182	0	0	0	0.218204488778055	0	0	0	0	0	0	0.748129675810474	0	0	0	0	0	0	2.96134663341646	0	1.68329177057357	0.155860349127182	0	0	0.685785536159601	0	0	0	0.405236907730673	0.187032418952618	0	0	0	0	0	0	0	0	0	0	0	0	0	0	0	0	0	0	0	0	0	0	0	0	0	0	0	0.3428927680798
SRR12968672	0	0	0	0	0	0	0	0	0	0	0	0	0	0	0	0	0	0.225952227243383	0	0	0	0	0	0	0	0	0.225952227243383	0	0	0	0	0	0	0	0	0	0	0	0	0	0	0	0	0.677856681730148	0	0	0	0	0	0.193673337637185	0	0	0	0	0	0	0.0645577792123951	0	0	0	0	0	0	0	0	0	0	0	0	0	0	0	0	0	0	0	0.742414460942544	0	0	0	0	0	0	0	0	92.3499031633312	0	0	0	0	0.516462233699161	0	0.742414460942544	0	0	0	0	0.451904454486766	0	0	0	0	0	1.3557133634603	0	0	0	0	0	0	0	0	0	0	0	0	0.322788896061975	0	0	0	0	0	0	0	0	0	0	0	0	0	0	0	0	0	0	0	0	0	0	0	0	0	0	1.2911555842479	0	0.290510006455778	0	0	0	0	0	0	0	0	0	0	0	0	0	0	0	0	0	0	0	0	0	0	0	0	0	0	0	0	0	0	0	0	0	0	0	0	0.548741123305358
SRR12968674	0	0	0	0.285442435775452	0	0	0.761179828734539	0	0	0	0.285442435775452	0	0	0	0	0	0	0	0	0	0.570884871550904	0	0	0	0	0	0.761179828734539	0	0	0	0	0	0	0	0	0	0	0	0	0	0	0	0	0.761179828734539	0	0	0	0	0.380589914367269	0	0	0	0	0	0	0	0	0	0	0	0	0	0	0	0	0	0	0	0	0	0	0	0	0	0	0.190294957183635	0	0	0	0	0	0	0	0	0	84.7764034253092	0	0	0	0	1.61750713606089	0	3.90104662226451	0	0	0	0	0.951474785918173	0	0	0	0	0	2.09324452901998	0	0	0	0	0	0	0	0	0	0	0	0	0	0	0	0	0	0	0	0	0	0	0	0	0	0	0	0	0	0	0	0	0.380589914367269	0	0	0	0	0	0	1.61750713606089	0	0	0.380589914367269	0	0	0	0	0	0	0	0	0	0	0	0	0.285442435775452	0	0	0	0	0	0	0	0	0	0	0	0	0	0	0	0	0	0	0	0	0	0	0
SRR12968680	0	0	0	0	0	0	0	0	0	0	0	0	0	0	0	0	0	0.3125	0	0	0	0	0	0	0	0	0.234375	0	0	0	0	0	0	0	0	0	0	0	0	0	0	0	0	0	0	0	0	0	0.625	0	0	0	0	0	0	0	0	0	0	0	0	0	0	0	0	0	0	0	0	0	0	0	0	0	0	0	1.40625	0	0	0	0	0	0	0	0	90.390625	0	0	0	0	0	0	1.71875	0	0	0	0	2.03125	0	0	0	0	0	0	0	0	0	0	0	0	0	0	0	0	0	0	0.3125	0	0	0	0	0	0	0	0	0	0	0	0	0	0	0	0	0	0	0	0	0	0	0	0	0	0	0.703125	0	0.9375	0	0	0	0	0	0	0	0.15625	0.46875	0	0	0	0	0	0	0	0	0	0	0	0	0	0	0	0	0	0	0	0	0	0	0.234375	0	0	0	0	0.46875
SRR12968683	0	0	0	0	0	0	1.05820105820106	0	0	0	0	0	0	0	0	0	0	0	0	0	0	0	0	0	0	0	0.564373897707231	0	0	0	0	0	0	0	0	0	0	0	0	0	0	0	0	1.37566137566138	0	0	0	0	0	0	0	0	0	0	0	0	0.317460317460317	0	0	0	0	0	0	0	0	0	0	0	0	0	0	0	0	0	0	0.776014109347443	1.69312169312169	0	0	0	0	0	0	0	0	87.7601410934744	0	0	0	0	1.41093474426808	0	2.61022927689594	0	0	0	0	0	0	0	0	0	0	1.62257495590829	0	0	0	0	0	0	0	0	0	0	0	0	0	0	0	0	0	0	0	0	0	0	0	0	0	0	0	0	0	0	0	0	0.423280423280423	0	0	0	0	0	0	0.388007054673721	0	0	0	0	0	0	0	0	0	0	0	0	0	0	0	0	0	0	0	0	0	0	0	0	0	0	0	0	0	0	0	0	0	0	0	0	0	0	0
SRR12968687	0	0	0	0.096961861667744	0	0	0.183150183150183	0	0	0	0	0	0	0	0	0	0	0.398620986856281	0	0	1.14199525964232	0	0	0	0	0	0.301659125188537	0	0	0	0	0	0	0	0	0	0	0	0	0	0	0	0	0.474035768153415	0	0	0	0	0	0	0	0	0	0	0	0	0	0	0	0	0	0	0	0	0	0	0	0	0	0	0	0	0	0	0	0	0.732600732600733	0	0	0	0	0	0	0	0	90.6270200387847	0	0	0	0	0	0	1.27127774186598	0	0	0	0	0.743374272786037	0	0	0	0	0	0.344753285929757	0	0	0	0	0	0	0	0	0	0	0.118508942038354	0	0.269338504632622	0.0861883214824391	0	0	0	0	0	0	0	0	0	0	0	0	0	0	0	0	0	0	0	0	0	0	0	0	0	1.43288084464555	0	0.861883214824391	0	0	0	0	0.495582848524025	0	0	0.301659125188537	0	0	0	0	0	0	0	0	0	0	0	0	0	0	0	0	0	0	0	0	0	0	0	0	0	0	0	0	0.118508942038354
SRR12968688	0	0	0	0	0	0	0	0	0	0	0	0	0	0	0	0	0	0	0	0	0.549450549450549	0	0	0	0	0	0.929839391377853	0	0	0	0	0	0	0	0	0	0	0	0	0	0	0	0	0	0	0	0	0	0.183150183150183	0	0	0	0	0	0	0	1.0989010989011	0	0	0	0	0	0	0	0	0	0	0	0	0	0	0	0	0	0	0.718512256973795	0	0	0	0	0	0	0	0	0	92.3217807833192	0	0	0	0	0.436742744435052	0	0.859397013243167	0	0	0	0	0.309946463792618	0	0	0	0	0	0.74668920822767	0	0	0	0	0	0	0	0	0	0	0	0	0.239504085657932	0	0	0	0	0	0	0	0	0	0	0	0	0	0	0	0	0	0	0	0	0	0	0	0	0	0	0.774866159481544	0	0	0	0	0	0	0	0	0	0	0.112707805015497	0	0	0	0	0	0	0	0	0	0	0	0	0	0	0	0	0	0	0	0	0	0	0	0	0	0	0	0.718512256973795
SRR12968693	0	0	0	0.353148911124191	0	0	0	0	0	0	0	0	0	0	0	0	0	0	0	0	0.64743967039435	0	0.323719835197175	0	0	0	1.76574455562095	0	0.323719835197175	0	0	0	0	0	0	0	0	0	0	0	0	0	0	0.441436138905238	0	0	0	0	0.441436138905238	0.441436138905238	0	0	0	0	0	0	0	0	0	0	0	0	0	0	0	0	0	0	0	0	0	0	0	0	0	0.441436138905238	2.0306062389641	0	0	0	0	0	0	0	0	84.2848734549735	0	0	0	0	0.264861683343143	0	2.61918775750441	0	0	0	0	0.941730429664508	0	0	0	0	0	0.529723366686286	0	0	0	0	0.206003531489111	0	0	0	0	0	0	0	0	0	0	0.117716303708064	0	0	0	0	0	0	0	0	0	0.353148911124191	0	0	0	0	0	0	0.382577987051207	0	0	0	0	0	0	1.35373749264273	0	0.353148911124191	0	0	0	0	0	0	0	0	0	0	0	0	0	0.559152442613302	0	0	0	0	0	0	0	0	0	0	0	0	0	0	0	0	0	0	0	0	0	0	0.824014125956445
SRR12968697	0	0	0	0	0	0	1.56494522691706	0	0	0	0	0	0	0	0	0	0	0.0782472613458529	0	0	0.860719874804382	0	0	0	0	0	1.3302034428795	0	0	0	0	0	0	0	0	0	0	0	0	0	0	0	0	2.97339593114241	0	0	0	0	0.860719874804382	0	0	0	0	0	0	0	0.625978090766823	0	0	0	0	0	0	0	0	0	0	0	0	0	0	0	0	0	0	0	2.660406885759	0	0	0	0	0	0	0	0	76.3693270735524	0	0	0	0	0	0	5.16431924882629	0	0	0	0	2.11267605633803	0	0	0	0	0	0	0	0	0	0	0	0	0	0	0	0	0	0	0.54773082942097	0	0	0	0	0	0	0	0	0	0	0	0	0	0	0	0	0	0	0	1.25195618153365	0	0	0	0	0	0	1.4866979655712	0	0	0	0	0	0	0	0	0	0	0	0	0	0	0	0	0	0	0	0	0	0	0	0	0	0	0	0.312989045383412	0	0	0	0	0	0	0	0	0	0	1.79968701095462
SRR12968699	0	0	0	0	0	0	0	0	0	0	0	0	0	0	0	0	0	0	0	0	0	0	0	0	0	0	0.501635768811341	0	0	0	0	0	0	0	0	0	0	0	0	0	0	0	0	1.02508178844057	0	0	0	0	0.174482006543075	0.218102508178844	0	0	0	0	0.283533260632497	0	0.0872410032715376	0	0	0	0	0	0	0	0	0	0	0	0	0	0	0	0	0	0	0.436205016357688	0	0	0	0	0	0	0	0	0	93.0643402399128	0	0	0	0	0	0	2.31188658669575	0	0	0	0	0.850599781897492	0	0	0	0	0	0.19629225736096	0	0	0	0	0	0	0	0	0	0	0	0	0.109051254089422	0	0	0	0	0	0	0	0	0	0	0	0	0	0	0	0	0	0	0	0.19629225736096	0	0	0	0	0	0	0.19629225736096	0	0	0	0	0	0	0	0	0	0	0	0	0	0	0	0	0	0	0	0	0	0	0	0	0	0	0	0	0	0	0	0	0	0	0	0	0.0872410032715376	0	0.261723009814613
SRR12968700	0	0	0	0	0	0	0	0	0	0	0	0	0	0	0	0	0	0	0	0	1.20481927710843	0	0	0	0	0	0.552208835341365	0	0	0	0	0	0	0	0	0	0	0	0	0	0	0	0	1.02074966532798	0	0	0	0	0.234270414993307	0	0	0	0	0	0	0	0	0	0	0	0	0	0	0	0	0	0	0	0	0	0	0	0	0	0	0.401606425702811	0.133868808567604	0	0	0	0	0	0.284471218206158	0	0.200803212851406	88.0856760374833	0	0	0.0167336010709505	0	1.53949129852744	0	1.13788487282463	0	0	0	0	1.23828647925033	0	0	0	0	0	0.736278447121821	0	0	0	0	0	0	0	0	0	0	0	0	0	0	0	0.401606425702811	0	0	0	0	0	0	0	0	0	0	0	0	0	0	0	0	0	0	0	0	0	0	0	0.669344042838019	0	1.7904953145917	0	0	0	0	0	0	0	0	0	0	0	0	0	0	0	0	0.217536813922356	0	0	0	0	0	0	0	0	0	0	0	0	0	0	0	0	0	0	0	0.133868808567604
SRR12968703	0	0	0	0.107238605898123	0	0	0.375335120643432	0	0.107238605898123	0	0.142984807864164	0	0	0	0	0	0	0.0357462019660411	0	0	0.411081322609473	0	0	0	0	0	2.35924932975871	0	0	0	0	0	0	0	0	0	0	0	0	0	0	0	0	1.05451295799821	0	0	0	0	0.0893655049151028	0	0	0	0	0	0.0893655049151028	0	0.0536193029490617	0	0	0	0	0	0	0	0	0	0	0.303842716711349	0	0	0	0	0	0	0	0.178731009830206	0	0	0	0	0	0	0	0	0	88.0250223413762	0	0	0	0	0	0	1.80518319928508	0	0	0	0	0	0	0	0	0	0	0.125111706881144	0	0	0	0	0	0	0	0	0	0	0	0	0	0	0	0	0	0	0	0	0	0	0	0	0	0	0	0	0	0	0.107238605898123	0	0	0	0	0.178731009830206	0	0	0	2.34137622877569	0	0.697050938337802	0	0	0	0	0	0	0	0	0.196604110813226	0	0	0	0	0	0	0	0	0	0	0	0	0	0	0	0	0	0	0	0	0	0	0.196604110813226	0	0	0	0	1.01876675603217
SRR12968704	0	0	0	0.0760456273764259	0.17743979721166	0	1.01394169835234	0	0	0	0.55766793409379	0	0	0	0	0	0	0	0	0	0.73510773130545	0	0	0.253485424588086	0	0	0.380228136882129	0	0	0	0	0	0	0	0	0	0	0	0	0	0.126742712294043	0	0	1.92648922686946	0	0	0	0	0.430925221799747	0	0	0	0	0	0	0	0.73510773130545	0	0	0	0	0	0	0	0	0	0	0	0	0	0.152091254752852	0	0	0	0	0	1.1660329531052	0	0	0	0	0	0	0	0	79.7972116603295	0	0.17743979721166	0.0506970849176172	0	0.17743979721166	0	4.48669201520913	0	0	0	0	0.456273764258555	0	0	0	0	0	0	0	0	0	0	0	0	0.0760456273764259	0	0	0.253485424588086	0	0	0	0	0	0	0	0	0.152091254752852	0	0	0	0	0	0	0	0	0	0	0	0	0	0	0	0	0	0	0	0	4.20785804816223	0	0.101394169835234	0.152091254752852	0	0	0.380228136882129	0	0	0	0.583016476552598	0	0	0	0	0	0.278833967046895	0	0	0	0	0	0	0	0	0	0	0	0	0	0	0	0	0	0	0.228136882129278	0	0	0	0.709759188846641
SRR12968707	0	0	0	0	0	0	0	0	0	0	0	0	0	0	0	0	0	0	0	0	1.28913443830571	0	0	0	0	0	0.859422958870473	0	0	0	0	0	0	0	0	0	0	0	0	0	0	0	0	1.78023327194598	0	0	0	0	1.16635972989564	0	0	0	0	0	0	0	1.84162062615101	0	0	0	0	0	0	0	0	0	0	0	0	0	0	0	0	0	0	0.368324125230203	3.19214241866176	0	0	0	0	0	0	0	0	75.8747697974217	0	0	0	0	0	0	4.41988950276243	0	0	0	0	0.859422958870473	0	0	0	0	0	1.22774708410068	0	0	0	0	0	0	0	0	0	0	0	0	0.552486187845304	0	0	0	0	0	0	0	0	0	0	0	0	0	0	0	0	0	0	0	0.245549416820135	0	0	0	0	0	0	3.74462860650706	0	0	0	0	0	0	0	0	0	0.49109883364027	0.675260896255371	0	0	0	0	0	0	0	0	0	0.429711479435236	0	0	0.49109883364027	0	0	0	0	0	0	0	0	0	0	0	0	0	0	0.49109883364027
SRR12968708	0	0	0	0.03146385589554	0	0	0.196649099347125	0	0	0	0	0	0	0	0	0	0	0.133721387556045	0	0	0	0	0.23597891921655	0	0	0	0.53488555022418	0	0	0	0	0	0	0	0	0	0	0	0	0	0	0	0	0.401164162668135	0	0	0	0	0.259576811138205	0	0	0	0	0	0	0	0.196649099347125	0	0	0	0	0	0	0	0	0	0	0	0	0	0	0	0	0	0	0	0.95964760481397	0	0	0	0	0	0	0	0	90.694564618894	0	0	0	0	0.61354518996303	0	2.00582081334067	0	0	0	0	0.574215370093605	0	0	0	0	0	0.33037048690317	0	0.165185243451585	0	0	0	0	0	0	0	0	0	0	0.401164162668135	0.102257531660505	0	0	0	0	0	0	0	0	0	0	0	0	0.086525603712735	0	0.14158735152993	0	0	0	0	0	0	0	0	0	0	0.26744277511209	0	0.448359946511445	0	0	0	0.29890663100763	0	0	0	0	0.306772594981515	0	0	0	0	0	0	0	0	0	0	0	0	0	0	0	0	0	0	0	0	0	0	0	0	0	0.17305120742547	0	0.44049398253756
SRR12968652	0	0	0	0.161440769175576	0	0	0	0	0	0	0	0	0	0	0	0	0	0	0	0	0.0896893162086532	0	0	0	0	0	0.369519982779651	0	0	0	0	0.0861017435603071	0.0502260170768458	0	0	0	0.186553777713999	0	0	0	0	0	0.0789265982636148	0.254717658032575	0	0	0	0	0.0215254358900768	0	0	0	0	0	0.107627179450384	0	0.340819401592882	0.0179378632417306	0	0	0	0	0	0	0	0	0	0	0	0.0430508717801535	0	0	0	0	0	0.208079213604075	0	0	0	0	0	0	0	0	0	94.9056468393485	0.0466384444284997	0	0	0	0.344406974241228	0	0.638587931405611	0	0	0	0	0.0896893162086532	0	0	0	0	0	0.771328119394418	0	0	0	0	0	0	0	0	0	0	0	0	0.258305230680921	0	0	0	0	0	0	0	0	0	0	0	0	0	0	0	0	0	0	0	0.0932768888569994	0	0	0	0	0	0	0.552486187845304	0	0	0	0	0	0	0	0	0	0	0	0	0	0	0	0	0	0	0	0.0466384444284997	0	0	0.0322881538351152	0	0	0	0	0	0	0	0	0	0	0	0	0	0.0322881538351152	0	0.172203487120614
SRR12968655	0	0	0	0.0183688464364438	0	0	0	0	0	0	0	0	0	0	0	0	0	0	0.0489835904971834	0	0	0	0	0	0	0	0.137766348273328	0	0	0	0	0	0	0	0	0	0	0	0	0	0	0	0	0.14695077149155	0	0	0	0	0.0214303208425178	0	0	0	0	0	0	0	0.00612294881214793	0	0	0	0	0	0	0	0	0	0	0	0	0.0244917952485917	0	0	0	0	0	0.0428606416850355	0.091844232182219	0	0	0	0	0	0	0	0	98.1202547146706	0	0	0	0	0.0306147440607397	0.272471222140583	0	0	0	0	0	0.247979426891991	0	0.101028655400441	0	0	0	0.104090129806515	0	0	0	0	0	0	0	0	0	0	0	0	0	0	0	0.0704139113397012	0	0	0	0	0	0	0	0	0	0	0	0	0	0	0	0	0.0244917952485917	0	0	0	0	0	0	0.107151604212589	0	0.0612294881214793	0	0	0	0	0	0	0	0	0	0	0	0	0	0	0	0.0826598089639971	0	0	0	0	0	0	0	0	0	0	0	0	0	0	0	0	0	0	0.0673524369336272	0	0.171442566740142
SRR12968657	0	0	0	0	0	0	0.479603668177506	0	0.0843259196795615	0	0.12121850953937	0	0.26351849899863	0.158111099399178	0	0	0.0790555496995889	0.0210814799198904	0	0	0	0	0	0	0.0579740697796985	0	1.04353325603457	0	0	0	0	0	0.226625909138822	0	0	0	0	0	0	0	0	0	0.0527036997997259	0.56919995783704	0	0	0	0	0.100137029619479	0	0	0	0	0	0.0421629598397808	0.0843259196795615	0	0	0.0685148097396437	0	0	0	0	0	0	0.0210814799198904	0.126488879519342	0	0.0210814799198904	0.115948139559397	0.184462949299041	0	0	0	0	0.627174027616739	0	0	0.110677769579424	0	0	0	0	0	0	89.3960156002951	0	0	0	0	0.168651839359123	0	0.706229577316328	0	0	0.0843259196795615	0	0.0158111099399178	0	0	0	0	0	0.258248129018657	0	0	0	0	0	0	0	0	0	0	0	0	0	0.100137029619479	0.642985137556657	0	0	0	0	0	0	0	0.0737851797196163	0	0	0.247707389058712	0	0	0	0	0	0	0	0	0	0	0	0	0	1.97638874248972	0.0790555496995889	0	0.137029619479287	0	0	0	0	0.205544429218931	0	0	0.189733319279013	0	0	0.0210814799198904	0	0	0	0	0	0	0	0	0	0	0	0	0.0474333298197533	0	0	0	0	0	0.0474333298197533	0	0	0.026351849899863	0.0632444397596711	0	0.85379993675556
SRR12968663	0	0	0	0	0	0	0	0	0	0	0	0	0	0	0	0	0	0	0	0	0.197461212976023	0	0	0	0	0	0.319699106723084	0	0	0	0	0	0	0	0	0	0	0	0	0	0	0	0	0.188058298072402	0	0	0	0	0.0846262341325811	0	0	0	0	0	0	0	0.103432063939821	0	0	0	0	0	0	0.0188058298072402	0	0	0	0	0	0	0.141043723554302	0	0	0	0	0.441937000470146	0.112834978843441	0	0	0	0	0	0	0	0	96.1542078044194	0	0	0	0	0.0658204043253409	0	0.235072872590503	0	0	0	0	0.103432063939821	0	0	0	0	0.103432063939821	0.366713681241185	0	0	0	0	0	0	0	0	0	0	0	0.0564174894217207	0.122237893747062	0	0	0	0	0	0	0	0	0	0	0	0	0	0	0	0	0	0	0	0	0	0	0	0	0.0376116596144805	0	0.169252468265162	0	0.263281617301363	0.0658204043253409	0	0	0	0	0	0	0	0.112834978843441	0	0	0	0	0	0	0	0	0	0	0	0	0	0	0	0	0	0	0	0	0	0	0	0	0	0	0	0.535966149506347
SRR12968665	0	0	0.158730158730159	0	0	0	0	0	0	0	0	0	0	0	0	0	0	0	0	0	0.857142857142857	0	0	0	0	0	0.761904761904762	0	0	0	0	0	0	0	0	0	0	0	0	0	0	0	0	0	0	0	0	0	1.26984126984127	0.0317460317460317	0	0	0	0	0	0	1.61904761904762	0	0	0	0	0	0	0	0	0	0	0	0	0	0	0	0	0	0	2.06349206349206	0.349206349206349	0	0	0	0	0	0.634920634920635	0	0	80.4761904761905	0	0	0	0	2.50793650793651	0	1.52380952380952	0	0	0	0	1.17460317460317	0	0	0	0	0	0	0	0	0	0	0	0	0	0	0	0	0	0	0	0.53968253968254	0	0.412698412698413	0	0	0	0	0	0	0	0	0	0	0	0	0	0	0	0	0.349206349206349	0	0	0	0	0	0	2.57142857142857	0	0.507936507936508	0	0	0	0	0	0	0	0	0.476190476190476	0	0	0	0	0	0	0	0	0	0	0	0	0	0	0	0.73015873015873	0	0	0	0	0	0	0	0	0	0	0	0.984126984126984
SRR12968667	0	0	0	0.378787878787879	0	0	0	0	0	0	0	0	0	0	0	0	0	0	0	0	0	0	0	0	0	0	0.946969696969697	0	0	0	0	0	0	0	1.42045454545455	0.568181818181818	0	0	0	0	0	0	0	0.852272727272727	0	0	0	0	0.473484848484849	0	0	0	0	0	0	0	0	0	0	0	0	0	0	0	0	0	0	0	0	0	0	0	0	0	0	0	0.473484848484849	0	0	0	0	0	0	0	0	83.2386363636364	0	0	0	0	0	0	1.98863636363636	0	0	0	0	1.23106060606061	0	0	0	0	0	1.60984848484848	0	0	0	0	0	0	0	0	0	0	0	0	0	0	0	0	0	0	0	0	0	0	0	0	0	0	0	0	0	0	0	0	0	0	0	0	0	0	0	6.06060606060606	0	0	0	0	0	0	0	0	0	0	0.189393939393939	0	0	0	0	0	0	0	0	0	0	0	0	0	0	0	0	0	0	0	0	0	0	0	0	0	0	0	0.568181818181818
SRR12968675	0	0	0.0650477016478751	0.0361376120265973	0	0	0	0	0	0	0.079502746458514	0	0	0	0	0	0	0.0650477016478751	0	0	0.224053194564903	0	0	0	0	0	0.816710031801099	0	0.13009540329575	0	0	0	0	0	0	0	0	0	0.0867302688638335	0	0	0.0505926568372362	0	0.961260479907488	0.13009540329575	0	0	0	0.426423821913848	0.0505926568372362	0	0	0	0	0	0	0.650477016478751	0	0	0	0	0	0.0361376120265973	0	0	0	0	0	0.0650477016478751	0	0.101185313674472	0.151777970511709	0	0.231280716970223	0	0	0.332466030644695	0	0	0	0	0	0	0	0	88.8840705406187	0	0	0	0	0.383058687481931	0	0.961260479907488	0	0	0	0	0.411968777103209	0.238508239375542	0.079502746458514	0	0.0578201792425557	0	0.274645851402139	0	0	0	0	0	0	0	0	0	0	0	0	0.101185313674472	0.411968777103209	0	0	0	0	0	0	0	0.13009540329575	0	0.187915582538306	0	0	0	0	0	0	0	0	0	0.0505926568372362	0	0	0	0.0144550448106389	0	1.38768430182134	0	0	0.231280716970223	0.0722752240531946	0	0	0	0	0.209598149754264	0.40474125469789	0	0	0.166233015322347	0	0.13009540329575	0	0	0	0	0	0	0.108412836079792	0	0	0	0	0	0	0	0	0	0	0	0	0	0	0.144550448106389	0.108412836079792	0.159005492917028
SRR12968676	0	0	0	0.0114613180515759	0	0	0.916905444126074	0	0	0	0	0	0	0	0	0	0	0.126074498567335	0	0	0	0	0	0	0	0	0.893982808022923	0	0	0	0	0	0	0	0	0.343839541547278	0.320916905444126	0	0.389684813753582	0	0	0	0	0.710601719197708	0	0	0	0	0.297994269340974	0	0	0	0	0	0	0	0.859598853868195	0	0	0.664756446991404	0	0	0	0	0	0	0	0	0	0	0	0	0	0	0	0.424068767908309	0.802292263610315	0	0	0	0	0	0	0	0	81.352435530086	0	0	0	0	0.401146131805158	0	0.469914040114613	0	0	0	0	0.905444126074499	0	0	0	0	0	2.02865329512894	0	0	0	0	0	0	0	0.0916905444126075	0	0	0	0	0.412607449856734	0.343839541547278	0	0.114613180515759	0	0	0	0	0	0	0	0	0	0	0	0	0	0	0	0	0.595988538681948	0	0	0	0	0	0	3.88538681948424	0	0.848137535816619	0	0	0	0	0	0.171919770773639	0	0	0	0	0	0	0	0	0	0	0	0	0	0	0	0	0.458452722063037	0	0	0	0	0	0	0	0	0	0	0	0.194842406876791	0	0.962750716332378
SRR12968678	0	0	0	0.169395821569735	0	0	0	0	0	0	0	0	0	0	0	0	0	0	0	0	0	0	0	0	0	0	0.62111801242236	0	0	0	0	0	0	0	0	0	0	0	0	0	0	0	0	0	0	0	0	0	1.07284020327499	0	0	0	0	0	0	0	1.07284020327499	0	0	0	0	0	0	0	0	0	0	0	0	0	0	0	0	0	0	0.395256916996047	1.12930547713156	0	0	0	0	0	0	0	0	90.4573687182383	0	0	0	0	0.338791643139469	0	0.677583286278938	0	0	0	0	0	0	0	0	0	0	0	0	0	0	0	0	0	0	0	0	0	0	0	0	0	0	0.564652738565782	0	0	0	0	0	0	0	0	0	0	0	0	0	0.903444381705251	0	0	0	0	0	0	0	0	0	1.35516657255788	0	0	0	0	0	0	0	0	0	0	0.338791643139469	0	0.225861095426313	0	0	0	0	0	0	0	0	0	0	0	0	0	0.677583286278938	0	0	0	0	0	0	0	0	0	0	0	0
SRR12968679	0	0	0	0.286096907718529	0	0	0	0.0608716824933041	0	0	0	0	0	0	0	0	0	0	0	0	0.547845142439737	0	0	0	0	0	0.389578767957146	0	0	0	0	0	0	0	0	0	0.0243486729973216	0	0.237399561723886	0	0	0	0.0243486729973216	0.0547845142439737	0	0	0	0.127830533235939	0	0	0	0	0	0	0	0	0.15217920623326	0.0669588507426345	0	0.15217920623326	0.0243486729973216	0	0	0	0	0	0	0	0	0.15217920623326	0.395665936206477	0	0	0	0.0243486729973216	0.316532748965181	0.718285853420989	0	0	0	0.15217920623326	0	0	0	0	88.6048210372535	0	0	0	0	0	0	1.40613586559533	0	0	0	0	0.620891161431702	0	0	0.231312393474556	0	0	0.693937180423667	0	0.310445580715851	0	0	0	0	0	0	0	0	0	0	0	0	0	0	0	0	0	0.170440710981252	0	0	0	0	0	0.0365230094959825	0	0	0	0	0	0	0.0547845142439737	0	0	0	0	0	0	1.32700267835403	0	0.353055758461164	0.541757974190407	0	0	0.15217920623326	0	0	0	0	0.547845142439737	0	0.0365230094959825	0	0	0	0	0	0	0	0	0	0	0.0304358412466521	0	0	0	0	0.663501339177015	0	0	0	0	0	0	0	0.0913075237399562	0	0.219138056975895
SRR12968681	0	0	0	0.821484992101106	0	0	0	0	0.821484992101106	0	0	0	0	0	0	0	0	0	0	0	0.726698262243286	0	0	0	0	0	0.600315955766193	0	0	0	0	0	0	0	0	0.0631911532385466	0	0	0	0	0	0	0	0.442338072669826	0	0.221169036334913	0	0	0.221169036334913	0	0	0	0	0	0.157977883096367	0	1.01105845181675	0	0	0	0	0	0	0	0	0	0	0	0	0	0.126382306477093	0	0	0	0	0.442338072669826	0	0	0	0	0	0	0	0	0	87.9620853080569	0	0	0	0	0.315955766192733	0	0.505529225908373	0	0	0	0	0.726698262243286	0	0.157977883096367	0	0	0	0.821484992101106	0	0	0	0	0	0.0947867298578199	0	0	0	0	0	0	0	0	0	0.157977883096367	0	0	0	0	0	0	0	0	0	0	0	0	0	0	0	0	0	0	0	0	0	0	0	2.68562401263823	0	0	0	0	0	0	0	0	0	0	0	0	0	0	0	0	0	0	0	0	0	0	0	0	0	0	0	0	0	0	0	0	0	0	0	0	0	0	0.916271721958926
SRR12968685	0	0	0	0	0	0	0.302092811646952	0	0	0	0	0	0	0	0	0	0	0	0	0	0.45859872611465	0	0	0	0	0	0.37852593266606	0	0	0	0	0	0	0	0	0	0	0	0	0	0	0	0	1.86351228389445	0	0	0	0	0	0	0	0	0	0	0	0	0.509554140127389	0	0	0	0	0	0	0	0	0	0	0	0	0	0	0	0	0	0	0	0.589626933575978	0	0	0	0	0	0	0	0	87.3266606005459	0	0	0.0145586897179254	0	0	0	1.51410373066424	0	0	0	0	1.94722474977252	0	0	0	0	0	1.17561419472247	0	0	0	0	0	0	0	0	0	0	0	0	0.429481346678799	0	0	0	0	0	0	0	0	0	0	0	0	0	0	0	0	0	0	0	0.855323020928117	0	0	0	0	0	0.101910828025478	0.582347588717016	0	0.669699727024568	0.094631483166515	0	0	0.181983621474067	0	0	0	0	0.469517743403094	0	0	0	0	0	0	0	0	0	0	0	0	0.0582347588717015	0	0	0	0	0	0	0	0	0	0	0	0	0	0	0.476797088262056
SRR12968686	0	0	0	0.0520291363163372	0	0.225459590704128	0	0	0.572320499479709	0	0	0	0	0	0.156087408949011	0	0	0.251474158862296	0	0	0	0	0	0	0	0	0.303503295178633	0	0	0	0	0	1.51751647589317	0	0	0	0	0	0.216788067984738	0.234131113423517	0	0	0.0693721817551162	0.0867152271938953	0.0693721817551162	0	0	0	0	0.424904613250087	0	0	0	0	0.104058272632674	0	0.0780437044745057	0	0	0.104058272632674	0	0	0	0.017343045438779	0	0	0.0520291363163372	0	0	0	0	0	0	0	0	0	0.0953867499132848	0	0	0.0867152271938953	0	0	0	0	0	84.0964273326396	0	0	3.35587929240375	0	0	0	0.329517863336802	0	0	0	0	0.156087408949011	0	0	0	0	0	0.130072840790843	0	0	0	0	0	0	0	0	0	0	0	0	5.05549774540409	0.156087408949011	0	0	0	0	0.0867152271938953	0	0	0	0	0	0	0	0	0	0	0.0780437044745057	0	0	0	0	0	0	0	0	0	0.242802636142907	0	0.121401318071453	0.156087408949011	0	0.112729795352064	0	0	0	0	0	0	0	0	0	0	0	0	0	0	0	0.017343045438779	0	0	0.121401318071453	0	0	0	0	0	0	0.633021158515435	0	0	0.0953867499132848	0	0	0	0	0.338189386056191
SRR12968692	0	0	0.292772186642269	0.329368709972553	0	0	0	0	0	0	0	0	0	0	0	0	0	0	0	0	0.329368709972553	0	0	0	0	0	1.26258005489478	0	0	0	0	0	0	1.33577310155535	0	0	0	0	0.0182982616651418	0	0	0	0	1.39066788655078	0.420860018298262	0	0	0	0.219579139981702	0.146386093321135	0	0	0	0	0.219579139981702	0	0.548947849954254	0	0	0	0	0.0731930466605673	0	0	0	0	0	0	0	0	0	0	0	0	0	0.80512351326624	0.237877401646844	0	0	0	0	0.109789569990851	0	0	0	86.1116193961574	0	0	0.567246111619396	0	1.15279048490393	0	0.420860018298262	0	0	0	0	0.237877401646844	0	0	0	0	0	0	0	0.0731930466605673	0	0	0	0	0	0	0	0	0	0.219579139981702	0.969807868252516	0.0365965233302836	0	0	0	0	0	0	0	0	0	0	0	0	0	0.146386093321135	0	0	0	0	0.384263494967978	0	0	0	0	0	0	0.786825251601098	0	0.658737419945105	0	0	0	0	0	0	0	0.0548947849954254	0.182982616651418	0	0	0	0	0	0	0	0	0	0	0	0	0	0	0	0	0	0	0	0	0	0	0.146386093321135	0	0	0	0	0.109789569990851
SRR12968695	0.0290993743634512	0	0	0.0872981230903535	0	0.101847810272079	0	0	0	0	0	0	0	0	0	0	0	0.0436490615451768	0.0581987487269024	0	0.974829041175615	0.174596246180707	0	0	0	0	1.09122653862942	0	0	0	0	0	0	0	0	0	0	0	0	0	0	0	0	0.72748435908628	0	0	0	0	0	0	0	0	0	0	0	0	0.261894369271061	0	0	0	0	0	0	0	0	0	0	0	0	0	0.320093117997963	0	0	0	0	0	0.189145933362433	1.1930743489015	0	0	0	0	0	0	0	85.5085115670013	0	0	0	0	0.290993743634512	0	1.06212716426597	0	0	0.145496871817256	0.13094718463553	0.829332169358359	0	0	0	0.261894369271061	0	0	0	0	0	0	0	0	0	0	0	0	0	0	0	0.101847810272079	0	0	0	0	0	0.072748435908628	0	0	0	0	0	0.160046558998982	0	0	0	0	0	0	0.392841553906591	0.320093117997963	0	0	0	0.0581987487269024	0	2.24065182598574	0	1.16397497453805	0.320093117997963	0	0	0	0	0	0	0	0.13094718463553	0	0	0	0	0	0	0	0	0	0	0	0	0	0	0.13094718463553	0	0	0	0	0	0	0	0.552888112905573	0	0	0.392841553906591	0	0.480139676996945
