run	total_reads	g__Acer	g__Achillea	g__Acremonium	g__Agaricus	g__Allium	g__Allovahlkampfia	g__Alnus	g__Alternaria	g__Amaranthus	g__Amyloporia	g__Amyloxenasma	g__Antarctomyces	g__Anthracocystis	g__Apatococcus	g__Apiotrichum	g__Apium	g__Arachis	g__Armillaria	g__Arthrocatena	g__Ascotricha	g__Aspergillus	g__Athelia	g__Atheliaceae_gen_Incertae_sedis	g__Aureobasidium	g__Auxenochlorella	g__Baeospora	g__Barnettozyma	g__Bartalinia	g__Begerowomyces	g__Bensingtonia	g__Betamyces	g__Betula	g__Bipolaris	g__Bjerkandera	g__Blakeslea	g__Blastobotrys	g__Blumeria	g__Botryobasidium	g__Botrytis	g__Brassica	g__Buckleyzyma	g__Bullera	g__Butlerelfia	g__Byssomerulius	g__Cabalodontia	g__Cadophora	g__Camellia	g__Candida	g__Candolleomyces	g__Cantharellales_gen_Incertae_sedis	g__Capsicum	g__Castanea	g__Cecidophyopsis	g__Ceratobasidiaceae_gen_Incertae_sedis	g__Ceratobasidium	g__Cercozoa_gen_Incertae_sedis	g__Cerrena	g__Chaetothyriales_gen_Incertae_sedis	g__Chelidonium	g__Chlamydomonas	g__Citrus	g__Cladophialophora	g__Cladosporium	g__Claviceps	g__Clavulinaceae_gen_Incertae_sedis	g__Clinopodium	g__Clitocybe	g__Coelastrella	g__Colacogloea	g__Colletotrichum	g__Colpoda	g__Coniosporium	g__Coprinellus	g__Coprinopsis	g__Coriolopsis	g__Crepidotus	g__Cryptococcus	g__Cryptomarasmius	g__Cucumis	g__Cucurbita	g__Cucurbitaceae_gen_Incertae_sedis	g__Curcuma	g__Curvibasidium	g__Cutaneotrichosporon	g__Cyberlindnera	g__Cymbopogon	g__Cyphellophora	g__Cystobasidiomycetes_gen_Incertae_sedis	g__Cystobasidium	g__Cystofilobasidium	g__Cytospora	g__Daedaleopsis	g__Daucus	g__Debaryomyces	g__Delonix	g__Deschampsia	g__Devriesia	g__Dianthus	g__Diaporthe	g__Diatrype	g__Didymella	g__Dinophyta_gen_Incertae_sedis	g__Dioszegia	g__Diplodia	g__Diplosphaera	g__Dipodascaceae_gen_Incertae_sedis	g__Dissoconium	g__Dothiora	g__Drepanopeziza	g__Echinochloa	g__Elymus	g__Entoloma	g__Entyloma	g__Epicoccum	g__Epistylis	g__Erythrobasidium	g__Euglenozoa_gen_Incertae_sedis	g__Eukaryota_gen_Incertae_sedis	g__Exidia	g__Exobasidium	g__Exophiala	g__Extremus	g__Fagus	g__Fibulomyces	g__Filobasidium	g__Flammulina	g__Flavoplaca	g__Fomes	g__Fomitopsis	g__Fonsecazyma	g__Fraxinus	g__Fusariella	g__Fusarium	g__Fuscoporia	g__Fusicolla	g__Ganoderma	g__Genolevuria	g__Geotrichum	g__Gjaerumia	g__Glarea	g__Gloeocystidiellum	g__Glycine	g__Gnomoniopsis	g__Golovinomyces	g__Golubevia	g__GS13_gen_Incertae_sedis	g__Gyoerffyella	g__Hannaella	g__Hanseniaspora	g__Hericiaceae_gen_Incertae_sedis	g__Heterobasidion	g__Heterocephalacria	g__Hispidella	g__Hohenbuehelia	g__Hordeum	g__Hormiactis	g__Hormonema	g__Hoya	g__Humicolopsis	g__Humulus	g__Hyaloperonospora	g__Hyalorbilia	g__Hygrophorus	g__Hymenochaetopsis	g__Hymenoscyphus	g__Hyphoderma	g__Hyphodontia	g__Hypholoma	g__Hyphopichia	g__Ichthyosporea_gen_Incertae_sedis	g__Imleria	g__Infundichalara	g__Inocybe	g__Iodophanus	g__Ipomoea	g__Irpex	g__Itersonilia	g__Juglans	g__Kiflimonium	g__Klebsormidium	g__Kneiffiella	g__Knufia	g__Kodamaea	g__Kondoa	g__Krasilnikovozyma	g__Kurtzmaniella	g__Lactuca	g__Lamarckia	g__Lapidomyces	g__Lasiodiplodia	g__Lecania	g__Lecanicillium	g__Lentinula	g__Lentitheciaceae_gen_Incertae_sedis	g__Lenzites	g__Leptobacillium	g__Leptospora	g__Leucosporidium	g__Lichtheimia	g__Limtongozyma	g__Linnemannia	g__Linum	g__Lolium	g__Lophodermium	g__Lyomyces	g__Malassezia	g__Malus	g__Marquandomyces	g__Meira	g__Melampsoridium	g__Melanoleuca	g__Melanospora	g__Melissa	g__Metschnikowia	g__Meyerozyma	g__Microascus	g__Microdochium	g__Microsporomycetaceae_gen_Incertae_sedis	g__Microthyriales_gen_Incertae_sedis	g__Mollisia	g__Mrakia	g__Mucor	g__Musa	g__Mycena	g__Mycoarthris	g__Mycorrhaphium	g__Naevala	g__Naganishia	g__Nakaseomyces	g__Nakazawaea	g__Neoascochyta	g__Neocucurbitaria	g__Neodevriesia	g__Neopestalotiopsis	g__Neophaeococcomyces	g__Neosetophoma	g__Neptunomyces	g__Neurospora	g__Niesslia	g__Nigrospora	g__Oidiodendron	g__Oligophagozyma	g__Oliveonia	g__Omphalotaceae_gen_Incertae_sedis	g__Ophiosphaerella	g__Origanum	g__Oxyporus	g__Paecilomyces	g__Panellus	g__Papiliotrema	g__Paradevriesia	g__Paraphaeosphaeria	g__Paraphoma	g__Parapyrenochaeta	g__Parastagonospora	g__Parathyridaria	g__Paraxerochrysium	g__Pascua	g__Paxillus	g__Penicillium	g__Penidiella	g__Peniophora	g__Peniophorella	g__Periconia	g__Peroneutypa	g__Peronospora	g__Petroselinum	g__Peziza	g__Pezizella	g__Phaeoclavulina	g__Phaeococcomyces	g__Phaeophleospora	g__Phaeosphaeria	g__Phaeotheca	g__Phallus	g__Phanerochaete	g__Phialocephala	g__Phialophora	g__Phlebia	g__Phyllosticta	g__Physisporinus	g__Pichia	g__Piskurozyma	g__Pisum	g__Platanus	g__Plectosphaerella	g__Pleurotus	g__Poa	g__Polyphialocladium	g__Postia	g__Poteriospumella	g__Pringsheimia	g__Prototheca	g__Prunus	g__Pseudeurotiaceae_gen_Incertae_sedis	g__Pseudocamarosporium	g__Pseudocercospora	g__Pseudogymnoascus	g__Pseudohyphozyma	g__Pseudomerulius	g__Pseudomicrostroma	g__Pseudopithomyces	g__Pseudoridolfia	g__Pseudoveronaea	g__Pseudozyma	g__Psilolechia	g__Pterula	g__Puccinia	g__Pyrenopeziza	g__Pyrenophora	g__Pyrus	g__Pythium	g__Pyxidiophora	g__Quercus	g__Rachicladosporium	g__Ramularia	g__Raphanus	g__Resinicium	g__Rhizoctonia	g__Rhizosphaera	g__Rhodocollybia	g__Rhodotorula	g__Robinia	g__Rozellomycota_gen_Incertae_sedis	g__Rumex	g__Saccharomyces	g__Saccharomycopsis	g__Saccothecium	g__Salicaceae_gen_Incertae_sedis	g__Sampaiozyma	g__Samsoniella	g__Sarocladium	g__Scenedesmus	g__Schizophyllum	g__Sclerostagonospora	g__Scolecobasidium	g__Scopuloides	g__Septobasidium	g__Septoria	g__Septoriella	g__Serendipitaceae_gen_Incertae_sedis	g__Sesamum	g__Setaria	g__Setophoma	g__Sistotrema	g__Sistotremastrum	g__Skeletocutis	g__Solanum	g__Spinacia	g__Spizellomycetales_gen_Incertae_sedis	g__Sporobolomyces	g__Starmera	g__Starmerella	g__Steccherinum	g__Stemphylium	g__Stereaceae_gen_Incertae_sedis	g__Stereum	g__Sterigmatomyces	g__Stichococcus	g__Strobilurus	g__Styphnolobium	g__Subplenodomus	g__Symmetrospora	g__Synurophyceae_gen_Incertae_sedis	g__Talaromyces	g__Taphrina	g__Tausonia	g__Tetracladium	g__Teunia	g__Thamnidium	g__Thelephora	g__Thelonectria	g__Thymus	g__Thyridium	g__Tilletiopsis	g__Tinctoporellus	g__Torula	g__Trametes	g__Trebouxia	g__Trechispora	g__Tremella	g__Trentepohliaceae_gen_Incertae_sedis	g__Tricellula	g__Trichoderma	g__Tricholoma	g__Trichomerium	g__Trichosporiella	g__Trichosporon	g__Trifolium	g__Trigonella	g__Trimmatostroma	g__Triticum	g__Tritirachium	g__Tubaria	g__Tulasnella	g__Typhula	g__Udeniomyces	g__Uncobasidium	g__Undaria	g__Urtica	g__Uzbekistanica	g__Valerianella	g__Venturia	g__Veronica	g__Verrucaria	g__Viridiplantae_gen_Incertae_sedis	g__Vishniacozyma	g__Vorticellidae_gen_Incertae_sedis	g__Vuilleminia	g__Wallemia	g__Wickerhamiella	g__Wickerhamomyces	g__Xenasmatella	g__Xenopolyscytalum	g__Xerocomellus	g__Xylodon	g__Yamadamyces	g__Yamadazyma	g__Yarrowia	g__Yunzhangia	g__Zea	g__Zingiber	g__Zygosaccharomyces	g__Zymoseptoria	Unassigned
SRR26973708	48289	0	0	0	0	22	0	0	200	0	0	0	0	0	0	0	0	0	0	0	0	18	0	0	0	0	0	0	0	0	0	0	342	0	0	0	0	0	0	0	0	0	0	0	0	0	41	0	207	0	0	0	0	0	0	0	142	0	0	0	0	0	0	166	0	0	0	0	0	0	0	0	64	0	0	0	0	0	0	0	28	0	0	0	0	0	0	0	0	0	0	0	0	0	14	0	0	0	0	0	0	0	0	30	0	0	102	24	0	0	0	0	0	0	0	0	0	0	9	0	0	0	0	0	0	0	0	0	0	0	0	0	0	0	0	0	0	0	839	0	0	0	0	0	0	0	0	0	0	0	0	0	0	0	0	0	0	15	0	0	0	0	0	0	0	0	0	0	0	0	0	0	0	0	0	0	0	52	0	0	0	0	0	0	0	0	0	0	0	0	0	0	0	0	233	0	0	0	0	0	0	81	0	0	0	0	35	0	0	0	0	0	0	0	0	0	0	0	0	0	0	0	0	0	0	0	0	0	0	0	134	0	0	0	0	0	0	0	0	0	0	0	0	0	25	0	0	0	936	0	50	0	0	0	0	0	0	0	0	0	88	0	0	0	0	0	0	0	0	0	0	0	0	0	0	0	0	0	0	0	0	0	0	0	0	0	0	0	0	0	0	0	0	548	486	0	0	0	0	0	2824	0	0	0	0	0	0	0	0	0	0	0	0	0	0	0	0	0	0	0	0	23	53	0	0	0	0	0	0	0	0	0	0	0	0	0	0	0	0	0	0	0	0	0	0	0	0	0	0	0	0	46	0	0	0	0	0	13	0	0	0	0	0	0	10	0	0	0	0	0	0	0	0	0	0	0	0	0	0	0	0	0	0	0	405	0	25	0	27932	0	0	0	0	0	0	0	0	0	0	0	28	0	0	0	0	0	0	0	0	0	0	0	0	0	0	0	0	0	0	0	0	0	0	0	0	11999
SRR26973709	45205	0	0	0	0	0	0	0	553	0	0	0	0	0	0	0	0	0	0	0	0	0	0	30	0	0	39	0	0	0	0	0	251	0	0	0	0	0	0	0	0	0	0	0	0	0	0	0	312	0	0	0	0	0	0	0	190	0	0	0	0	0	0	73	0	0	0	0	0	0	0	0	0	0	0	0	0	0	0	185	79	0	0	0	41	0	0	0	0	0	0	0	0	0	0	0	0	0	0	0	0	0	0	0	0	0	0	0	0	0	164	0	0	0	0	0	0	0	0	0	0	0	0	0	0	0	0	0	0	41	26	0	0	0	0	0	0	0	202	0	0	0	0	0	0	0	0	0	0	0	0	0	0	0	0	0	0	8	0	0	0	0	0	0	0	0	0	0	0	0	0	0	0	0	0	0	0	0	0	0	0	0	0	0	0	0	0	0	0	0	0	0	0	0	219	0	0	0	0	0	0	46	0	0	0	0	91	0	0	0	0	0	0	84	0	52	0	0	0	0	0	0	0	0	51	0	0	0	0	0	99	0	0	0	0	0	0	0	0	0	0	0	0	0	0	0	0	0	1171	0	0	0	0	0	0	0	0	0	0	0	12	0	0	0	0	0	0	0	0	0	0	0	0	0	0	0	0	0	0	0	0	0	0	0	0	0	0	55	0	0	0	0	0	0	214	0	0	0	0	0	0	20	0	0	0	0	0	0	0	0	0	0	0	0	0	0	0	0	0	0	0	0	68	0	0	0	10	0	0	0	0	0	0	0	0	0	0	0	0	0	0	0	0	0	0	0	0	0	20	0	0	0	0	0	0	0	0	0	0	0	0	0	0	0	0	0	0	0	0	0	0	0	0	0	0	0	0	0	0	0	20	0	0	0	443	0	0	0	29877	0	0	0	61	0	0	0	0	0	0	0	0	0	0	0	0	0	0	0	0	0	0	0	0	0	0	0	6	0	0	0	0	0	0	0	0	10392
SRR26973714	43845	0	0	0	0	45	0	0	310	0	0	0	0	0	0	0	0	0	0	0	0	0	0	18	0	0	0	0	0	0	0	0	136	0	0	0	0	0	0	0	78	0	0	0	0	0	0	0	85	0	0	0	0	0	0	0	125	0	0	0	0	0	0	135	0	0	0	29	0	0	0	5	0	0	0	0	0	0	0	10	34	0	0	0	0	0	0	0	14	0	0	0	0	0	2	0	0	0	0	0	0	32	0	0	0	0	0	0	0	0	0	0	0	0	0	0	0	0	0	0	0	0	0	0	0	0	0	0	0	0	0	0	0	0	0	0	0	0	554	0	0	0	0	0	0	0	0	0	0	0	0	0	0	0	0	0	0	0	0	0	0	0	0	65	0	0	0	0	0	0	0	0	0	0	0	0	10	0	29	0	0	0	0	0	0	0	0	0	0	0	0	0	0	0	165	0	0	0	0	0	0	0	0	0	0	0	45	2	0	0	0	0	0	0	0	0	0	0	0	0	0	0	0	0	0	0	0	0	0	0	148	0	0	0	0	0	0	0	0	0	0	0	0	0	0	0	0	0	1351	0	5	0	0	0	0	0	0	0	0	0	29	0	41	0	0	0	0	0	0	0	0	0	0	0	0	0	0	0	0	0	0	0	0	0	0	0	0	285	0	0	32	0	0	27	389	0	0	0	0	0	0	0	0	0	0	0	0	0	0	0	0	0	0	0	43	0	0	0	0	0	0	0	32	0	0	0	0	0	0	0	0	0	0	0	0	0	0	0	0	0	0	0	0	0	0	0	0	0	33	0	0	20	0	0	0	0	0	12	0	0	0	0	0	37	15	0	0	0	0	0	0	0	0	0	0	0	0	0	0	0	0	30	0	0	295	0	0	0	27032	0	0	0	0	0	0	0	0	0	0	0	0	0	0	0	0	45	0	0	0	0	0	0	0	0	0	0	0	0	0	34	0	0	0	0	0	11982
SRR26973715	35166	0	0	0	0	0	0	0	113	0	0	0	0	0	0	95	0	0	0	0	0	0	32	0	0	0	0	0	0	0	0	0	227	0	0	0	0	0	0	0	30	0	13	0	0	0	0	0	236	0	0	0	0	0	0	0	210	0	0	0	0	0	22	68	0	0	0	0	0	0	0	0	0	0	0	0	0	0	0	13	109	0	0	0	444	0	0	0	0	0	16	0	0	0	0	0	0	0	0	0	0	0	0	0	0	0	0	0	0	0	0	0	0	0	0	0	0	0	0	0	0	0	0	0	0	12	0	0	0	0	0	0	0	0	0	0	0	0	79	0	0	0	0	0	0	0	0	0	0	0	0	0	0	0	0	0	0	0	0	0	0	0	0	0	0	0	0	0	0	0	147	0	0	0	0	0	0	9	0	0	0	0	0	0	0	0	0	0	0	0	0	0	0	0	90	0	0	0	0	0	0	0	0	0	0	0	170	0	0	0	0	0	0	0	0	14	0	0	0	0	0	0	0	0	32	0	0	0	171	0	27	0	0	0	0	0	0	0	0	0	0	0	0	0	0	0	0	0	1081	0	0	0	0	0	0	0	0	0	0	0	24	0	0	0	0	0	0	0	0	0	23	0	0	0	0	0	0	0	0	0	0	0	45	0	0	0	0	0	0	0	0	0	31	98	129	0	0	0	0	0	0	0	0	0	0	0	0	0	0	0	0	0	0	0	27	0	0	0	0	0	0	0	97	0	0	0	0	0	0	0	0	0	0	0	0	0	0	0	0	0	0	0	0	0	0	0	0	0	0	0	0	0	0	0	0	0	0	0	0	0	0	0	0	0	0	0	0	0	0	0	0	0	0	0	0	0	0	0	0	0	0	0	0	0	146	0	8	0	22969	0	0	0	0	0	0	0	0	0	0	0	0	0	0	0	0	14	0	0	0	0	0	0	0	0	0	0	0	0	0	0	0	0	0	0	0	8095
SRR26973716	36001	0	0	0	0	34	0	0	222	0	0	0	0	0	0	0	0	0	0	0	0	0	0	36	0	0	10	0	0	0	0	0	365	0	0	0	0	0	0	0	0	0	0	0	0	0	0	0	94	0	0	0	0	0	0	0	97	0	0	0	0	0	0	151	0	0	0	0	0	0	0	0	0	0	0	0	0	0	0	71	114	0	0	0	39	0	0	0	0	17	0	0	0	0	49	0	0	0	0	0	0	0	0	0	0	0	0	0	0	0	0	0	0	0	0	0	0	0	0	0	0	0	0	0	0	0	0	0	0	0	0	0	0	0	0	0	0	0	7	0	0	0	0	0	0	0	0	0	0	0	0	0	0	0	0	0	0	0	0	0	0	0	0	0	0	0	0	0	0	0	0	0	0	0	0	0	0	0	0	0	0	25	0	0	0	0	0	0	0	0	0	0	0	0	43	0	0	0	0	0	0	0	0	0	0	0	828	0	0	0	0	0	0	0	0	183	0	0	0	0	0	0	0	0	28	0	0	0	0	0	52	30	0	0	0	0	0	0	0	0	0	0	0	0	0	0	0	0	767	0	0	0	0	0	0	0	0	0	0	0	27	0	0	0	0	0	0	0	0	0	0	0	0	0	0	0	0	10	0	0	0	0	31	0	0	0	0	0	0	0	0	0	0	172	322	0	31	0	0	0	0	0	0	0	0	0	0	0	0	0	0	0	0	0	0	0	0	99	0	0	0	0	26	0	0	0	54	0	0	0	0	0	0	0	78	0	0	0	0	0	0	0	0	0	0	0	0	0	0	0	0	0	0	0	0	0	0	0	0	0	0	0	0	32	0	0	0	0	0	0	0	0	0	0	0	0	0	0	0	0	0	0	0	0	268	0	26	0	24919	59	0	0	0	0	0	0	0	0	0	0	23	0	0	0	0	0	0	0	0	0	0	0	0	0	0	0	0	0	0	0	0	0	0	0	0	6562
SRR26973722	38526	0	0	0	0	0	0	0	233	0	0	0	0	0	6	0	0	0	0	0	0	39	0	0	0	0	0	0	0	0	13	0	1	0	0	0	0	0	0	0	0	0	0	0	0	0	13	0	103	0	0	0	0	0	0	0	277	0	0	0	0	0	0	1549	0	0	0	0	0	0	0	0	0	0	0	23	0	0	0	0	17	0	0	0	0	0	0	0	0	0	0	0	0	0	21	0	0	0	0	0	0	0	0	0	29	0	0	0	0	0	0	0	0	0	0	0	0	0	0	0	0	13	0	20	0	28	0	0	0	0	0	0	0	0	0	0	0	0	34	0	0	0	0	0	0	0	0	0	0	0	0	0	0	0	0	0	0	0	0	0	0	0	0	0	0	0	0	0	0	0	26	0	0	0	0	0	0	0	0	0	0	0	0	0	0	0	0	0	0	0	0	0	0	0	145	0	0	0	0	0	0	0	0	0	0	0	157	0	0	0	0	0	0	0	0	29	0	0	0	0	0	0	0	0	0	0	0	0	21	0	52	0	0	0	0	0	0	0	0	0	0	0	0	0	0	0	0	0	1049	0	0	0	0	0	0	0	0	0	0	0	50	0	0	0	0	0	0	0	0	0	0	0	0	11	0	0	0	0	0	0	0	0	0	0	0	0	0	0	233	0	0	0	0	268	82	10	0	0	0	0	0	5	0	0	0	0	0	0	0	0	0	0	0	0	53	0	0	0	0	0	0	0	0	0	0	0	6704	0	0	0	0	0	0	0	0	0	0	0	0	0	0	0	0	0	0	0	0	0	0	0	0	24	0	0	0	0	0	0	16	0	0	0	6	0	0	0	0	0	0	0	0	0	0	0	0	0	0	0	0	0	0	0	0	0	251	0	0	0	21735	0	0	54	0	0	0	0	0	0	0	0	0	0	0	0	0	0	0	0	0	0	0	0	12	0	0	0	0	0	8	0	0	0	0	0	0	5106
SRR26973726	55792	0	0	0	0	0	0	0	554	0	0	0	0	0	0	0	0	0	0	0	0	0	0	0	44	0	0	0	0	0	0	0	3	0	0	0	0	0	0	0	0	0	0	0	0	0	0	0	194	0	0	0	0	0	0	0	331	0	0	0	0	0	0	0	0	0	0	0	0	0	0	0	0	0	0	0	0	0	0	40	21	0	0	0	0	0	0	0	0	0	0	0	0	0	99	0	0	0	0	0	0	0	0	0	0	0	0	0	0	0	0	0	0	0	0	0	0	0	0	0	0	0	0	0	0	0	0	0	0	0	0	0	0	0	0	0	0	0	43	0	0	0	0	0	0	0	0	0	0	0	0	0	0	0	0	0	0	0	0	0	0	0	0	0	0	0	0	0	0	0	0	0	0	0	0	0	0	0	0	0	0	0	0	0	0	0	0	0	0	0	0	0	0	0	374	0	0	0	0	0	0	0	0	0	0	0	59	0	0	0	0	0	0	0	0	43	0	0	0	0	0	0	0	0	34	0	0	0	0	0	167	0	0	0	0	0	0	0	0	0	0	0	0	0	0	0	0	0	1749	17	10	0	0	0	0	0	0	0	0	0	0	0	0	0	0	0	0	0	0	0	0	0	0	0	0	0	0	0	0	0	0	0	0	0	0	0	0	0	0	0	0	0	0	0	810	0	0	0	0	0	0	0	0	0	0	0	0	0	0	0	0	0	0	0	24	0	0	0	0	0	0	0	23	0	0	0	30	0	0	0	0	0	0	0	0	0	0	0	0	0	0	0	0	0	0	0	0	0	0	0	0	0	0	0	0	0	0	0	0	0	0	0	0	0	0	0	0	0	0	0	0	0	0	0	0	0	0	0	46	0	0	0	0	0	449	0	0	0	41424	0	0	0	0	0	0	0	0	0	0	0	48	0	0	0	0	0	0	0	0	0	0	0	0	0	0	0	0	0	0	0	0	0	0	0	0	9156
SRR26973727	43559	0	0	0	0	8	0	0	308	0	0	0	0	0	0	0	0	0	0	0	0	0	0	0	0	0	0	0	0	0	0	0	0	0	0	0	0	0	0	0	0	0	0	0	0	0	0	0	55	0	0	0	0	0	0	0	206	0	0	0	0	0	0	0	0	0	0	0	0	0	0	0	0	0	0	0	0	0	0	0	79	0	0	0	0	0	0	0	0	0	0	0	0	0	35	0	0	0	0	0	0	0	0	6	0	0	0	0	0	0	0	0	0	0	0	0	0	0	0	0	0	0	0	0	0	0	0	0	9	0	0	0	0	0	0	0	0	0	43	0	0	0	0	0	0	0	0	0	0	0	0	0	0	0	0	0	0	0	0	0	0	0	0	0	0	0	0	0	0	0	0	0	0	0	0	0	0	13	0	0	0	0	0	0	0	0	0	0	0	0	0	0	0	0	271	0	0	0	0	0	0	0	0	0	0	0	29	0	0	0	0	0	0	0	0	0	0	0	0	0	0	0	0	0	0	0	0	0	0	0	28	0	0	0	0	0	0	0	0	0	0	0	0	0	0	0	0	0	1132	0	0	0	0	0	0	0	0	0	0	0	19	0	0	0	0	0	0	0	0	0	0	0	0	10	0	0	0	0	0	0	0	0	0	0	0	0	0	0	0	0	0	0	0	0	527	0	0	0	0	0	0	0	0	0	0	0	0	0	0	0	0	0	0	0	0	0	0	0	0	0	0	0	0	0	0	0	11	0	0	0	0	0	0	0	0	0	0	0	0	0	0	0	0	0	0	0	0	0	0	0	0	0	0	0	0	0	0	0	0	0	0	0	0	0	0	26	0	0	0	0	0	0	0	0	0	0	0	0	0	0	0	0	0	0	642	0	0	0	35087	0	0	0	0	0	0	0	0	0	0	0	0	0	0	0	0	0	0	0	0	0	0	0	0	0	10	0	0	0	0	0	0	0	0	0	0	5005
SRR26973733	54649	0	0	4	0	0	0	0	681	0	0	0	0	0	0	0	0	0	0	0	0	0	0	0	0	0	0	0	0	0	0	0	131	0	0	0	0	0	0	0	0	0	0	0	0	0	0	0	104	0	0	0	0	0	0	0	319	0	0	0	0	0	0	49	0	0	0	0	0	0	0	0	0	0	0	0	0	0	0	0	66	0	0	0	0	0	0	0	24	0	17	0	0	0	35	0	0	0	0	0	0	0	0	0	0	0	0	0	0	0	0	0	0	0	0	0	0	0	0	0	0	0	0	0	0	0	0	0	0	44	0	0	0	0	0	0	0	0	22	0	0	0	0	0	0	0	0	0	0	0	0	0	0	0	0	0	0	0	0	0	0	0	0	0	0	0	0	0	0	0	0	0	0	0	0	0	0	0	0	0	0	0	0	0	0	0	0	0	0	0	0	0	0	0	496	0	0	0	0	0	0	0	0	0	0	0	47	0	0	0	0	0	0	0	0	38	0	0	0	0	0	0	0	0	0	0	0	0	0	0	332	13	0	0	0	0	0	0	0	0	0	0	0	0	0	0	0	0	1136	0	0	0	0	0	0	0	0	0	0	0	16	0	0	0	0	0	0	0	0	0	0	0	0	0	0	0	0	0	0	0	0	0	0	0	0	0	0	0	0	0	0	0	0	0	387	0	0	0	0	0	0	0	0	0	0	0	0	0	0	0	0	0	0	0	62	0	0	32	0	0	0	0	0	0	0	0	0	0	0	0	0	0	0	0	0	0	0	0	0	0	0	0	0	0	0	0	0	0	0	0	0	0	0	0	0	0	0	0	0	0	0	0	0	0	0	0	0	0	0	0	0	0	0	0	0	0	0	0	20	0	0	0	0	0	199	55	0	0	38957	0	0	0	0	0	0	0	0	0	0	0	21	0	0	0	0	0	0	0	0	0	0	0	0	0	0	0	0	0	0	0	0	384	0	0	0	10958
SRR26973741	88711	0	0	0	0	482	0	0	0	0	0	0	0	0	0	0	0	0	0	0	0	0	0	0	0	0	0	0	0	0	0	0	0	0	0	0	0	0	0	286	0	0	0	0	0	0	0	0	35609	0	0	0	0	0	873	32	0	0	0	0	0	1260	0	1083	0	0	0	0	0	0	0	0	0	0	0	0	0	0	0	0	1034	0	0	0	0	0	0	0	0	0	0	0	0	0	1544	0	0	0	0	0	0	0	602	461	564	0	166	0	0	0	0	0	0	0	0	0	0	0	5	0	0	0	0	0	0	0	0	0	0	0	0	0	0	0	0	0	0	0	1735	0	0	0	0	0	0	0	0	0	0	0	0	0	0	0	0	0	0	0	0	0	0	0	0	0	0	0	0	0	0	0	0	0	0	0	0	0	0	0	0	0	0	0	0	0	0	0	0	0	0	0	0	0	0	0	0	0	0	0	0	0	0	0	0	0	0	0	677	0	0	0	0	0	0	0	0	7161	0	0	0	0	0	0	0	0	0	0	0	0	401	0	0	0	0	0	0	0	0	0	0	0	0	0	0	0	0	0	0	0	554	0	0	0	0	0	0	0	0	0	0	0	0	0	0	0	0	0	0	0	0	0	0	0	0	0	0	0	0	0	0	0	0	0	0	0	0	0	0	0	0	0	0	0	0	2336	0	0	0	0	0	0	0	64	0	0	0	0	0	0	0	0	0	0	0	0	0	0	0	0	0	0	0	0	7684	0	0	0	1174	0	0	0	0	0	0	0	0	0	0	0	0	0	0	0	0	0	0	0	0	0	0	0	0	1044	0	0	0	0	0	0	0	0	0	0	0	0	0	0	1043	0	0	0	0	0	0	0	0	0	0	0	0	0	0	0	0	0	0	0	0	0	43	0	0	0	2706	0	0	0	0	0	0	0	0	0	295	654	0	0	0	0	0	0	0	0	0	0	0	0	0	0	0	1492	0	0	0	0	0	15647
SRR26973742	96289	0	0	0	7	8	0	0	483	0	0	0	0	0	0	0	0	0	0	0	0	0	0	0	0	0	0	0	0	0	0	0	0	0	0	0	0	0	0	0	0	0	0	0	0	0	0	0	10145	0	0	0	0	0	0	0	530	0	0	0	0	0	0	20	0	0	0	0	0	0	0	0	0	0	0	0	0	0	0	59	48	0	0	0	0	0	0	0	0	0	14	0	0	12	69	0	0	0	0	0	0	0	0	0	0	0	0	0	0	0	0	0	0	0	0	0	0	0	0	0	0	0	0	0	0	0	0	0	0	0	0	0	0	0	0	0	0	0	33	0	0	0	0	0	0	0	0	0	0	0	0	0	0	0	0	0	0	0	0	0	0	0	0	0	0	0	0	0	0	0	0	0	0	0	0	0	0	0	0	0	0	0	0	0	0	0	0	0	0	0	0	0	0	0	473	0	0	0	0	0	0	0	0	0	0	0	113	0	0	0	0	0	0	0	0	459	0	0	0	0	0	0	0	0	0	0	0	0	0	0	227	0	0	0	0	0	0	0	0	0	0	0	0	0	0	0	0	0	4616	0	107	0	0	0	0	0	0	0	0	0	29	0	0	0	0	0	0	0	0	0	0	0	0	0	0	0	0	0	0	0	0	0	0	0	0	0	0	0	0	0	0	0	0	0	676	0	0	0	0	0	0	0	0	0	0	0	0	0	0	0	0	0	0	0	0	0	0	0	0	0	0	0	0	0	0	0	0	0	0	0	0	0	22	0	0	0	0	0	0	0	0	0	0	0	0	0	0	0	0	0	0	0	0	0	0	0	0	0	0	0	0	0	0	0	0	0	0	4	0	0	0	0	0	0	0	0	0	0	0	0	0	0	0	0	1020	0	0	0	69624	0	0	0	0	0	0	0	0	0	0	0	0	0	0	0	0	0	0	0	0	0	0	0	0	0	0	0	13	0	0	0	0	0	0	0	0	7478
SRR26973749	61169	0	0	0	0	0	0	0	365	0	0	0	0	0	0	88	0	0	0	0	0	0	0	43	0	0	68	0	0	0	0	0	2126	0	0	0	0	0	0	0	0	0	0	0	0	0	0	0	143	0	0	0	0	0	0	0	292	0	0	0	0	0	0	525	0	0	0	0	0	0	0	0	0	0	0	0	0	0	0	81	381	0	0	0	0	0	0	0	0	0	0	0	0	0	370	0	0	0	0	0	0	0	0	0	0	0	0	90	0	33	0	0	0	0	0	0	0	0	0	0	0	0	0	0	0	0	0	0	0	0	0	0	0	0	0	0	61	0	210	0	0	0	0	0	0	0	0	0	0	0	0	0	0	0	0	0	0	0	0	0	0	0	0	0	0	0	0	0	0	0	0	70	0	0	0	0	0	127	0	0	0	0	0	0	0	0	239	0	0	0	0	0	0	0	146	0	0	0	0	0	0	0	0	0	0	0	0	0	0	0	0	0	0	0	0	252	0	0	0	0	0	0	0	0	0	0	0	0	0	0	420	0	0	0	0	0	0	0	0	0	0	0	0	0	0	0	0	0	1498	0	0	0	0	0	0	0	0	0	0	0	109	0	145	0	0	0	0	0	0	0	0	0	0	0	0	0	0	0	0	0	0	0	0	0	0	0	0	155	0	0	0	0	0	0	0	0	0	87	0	0	0	0	0	0	0	0	0	0	0	0	0	0	0	0	41	0	0	0	0	0	0	48	87	0	0	0	0	0	0	0	0	0	0	0	90	0	0	0	0	0	0	0	0	0	0	0	0	0	0	0	0	103	0	0	0	0	0	0	0	0	0	0	0	0	0	0	0	0	0	0	0	0	0	0	12	0	0	0	0	0	0	0	0	0	873	0	0	0	42679	0	0	0	0	0	0	0	0	0	0	0	0	0	0	0	0	0	0	88	0	0	0	0	0	0	0	0	0	0	0	0	0	0	0	0	0	9024
SRR26973752	83086	0	0	0	0	31	16	0	332	0	50	0	0	0	0	0	0	0	0	62	0	0	0	0	36	0	164	0	0	0	0	0	511	0	0	0	0	0	0	0	46	0	0	0	0	0	0	0	184	0	0	0	0	0	0	0	132	0	0	0	0	0	0	123	0	0	0	0	0	0	0	0	0	0	0	0	0	0	0	285	111	0	0	0	0	274	0	0	0	0	0	0	12	0	108	0	0	0	0	0	0	0	0	33	0	0	0	0	0	0	0	0	0	0	0	0	0	0	50217	0	0	0	0	0	0	0	0	0	0	0	0	0	0	0	0	0	0	0	113	0	0	0	0	0	0	0	0	0	0	0	0	0	0	0	0	0	0	0	0	0	0	0	0	0	0	0	0	0	0	0	0	0	0	0	0	0	0	15	0	0	0	0	0	0	0	0	0	0	0	0	0	0	0	0	144	0	0	0	0	0	0	0	0	0	0	0	648	0	0	0	0	0	0	0	0	24	0	0	0	0	0	0	0	1	0	0	0	0	61	0	240	0	0	0	0	0	0	0	0	0	0	0	0	0	0	0	0	0	938	0	0	0	0	0	0	0	0	0	0	0	27	0	0	25	0	0	0	0	0	0	0	0	0	0	0	0	0	0	0	0	0	0	0	0	0	0	0	100	0	0	0	12	0	0	0	0	0	0	0	0	0	0	0	0	0	0	0	0	0	0	0	0	0	0	0	0	0	0	0	0	0	0	232	0	0	0	0	0	0	0	0	0	0	0	0	0	0	0	0	0	0	0	0	0	0	0	0	0	0	0	0	0	0	0	0	36	0	0	0	0	0	0	0	0	90	0	0	0	0	0	0	0	0	0	0	0	0	0	0	0	0	0	0	0	217	0	0	0	17442	0	0	0	0	0	0	0	0	0	0	0	52	0	0	0	0	0	0	11	0	0	0	0	0	0	0	0	0	0	0	58	0	0	0	0	0	9873
SRR26973753	58695	0	0	0	0	61	0	0	434	0	99	0	0	0	0	0	0	0	0	0	0	0	0	55	40	0	302	0	0	0	0	0	772	0	0	0	0	53	0	101	0	0	0	0	0	0	0	0	483	0	0	0	0	0	0	0	144	0	0	0	0	0	0	665	0	0	0	69	0	0	0	0	0	0	0	0	0	0	0	469	466	0	0	0	0	0	0	0	0	0	0	0	0	0	223	0	0	0	0	0	0	0	0	29	0	0	0	0	0	0	0	0	0	0	0	0	0	0	0	0	4	0	0	0	0	0	0	0	20	0	0	0	0	0	0	0	0	0	262	0	0	0	0	0	0	0	0	0	0	56	0	0	0	0	0	0	0	0	0	199	0	0	0	0	0	0	0	0	0	0	0	294	0	0	0	0	0	0	0	0	0	49	0	0	0	0	0	0	0	0	0	0	0	0	78	0	0	0	0	0	0	0	0	0	0	0	662	0	0	0	0	0	0	0	0	39	0	0	0	0	0	0	0	0	0	0	0	0	0	0	332	0	0	0	0	0	0	0	0	0	0	0	0	0	0	0	0	0	1271	0	0	0	0	0	0	0	0	0	0	0	205	0	0	0	0	0	20	0	0	0	0	0	0	0	0	0	0	0	0	0	0	0	0	0	0	0	0	0	0	0	0	0	0	0	0	0	0	0	0	0	0	0	0	0	0	0	0	0	16	0	0	0	0	0	0	0	0	0	0	0	0	0	0	0	0	0	0	0	0	0	0	0	0	0	0	0	0	0	0	0	0	0	0	0	0	0	0	0	751	0	20	0	0	1697	0	0	0	0	0	0	0	0	0	77	0	0	0	0	0	0	0	0	0	0	0	0	0	0	0	0	0	0	0	0	237	0	0	0	38562	0	0	0	0	0	0	0	0	0	0	0	981	0	0	0	0	0	0	0	0	0	0	0	0	0	0	0	0	0	0	24	0	0	0	0	0	8374
SRR26973759	30223	0	0	0	0	0	0	0	167	0	0	0	0	0	0	0	0	0	0	0	0	45	0	8	0	0	56	0	0	0	0	0	2112	0	57	0	0	0	0	0	0	0	0	0	0	0	0	0	57	0	0	0	0	0	0	0	89	0	0	0	0	0	0	120	0	0	0	0	0	0	0	0	0	0	0	0	0	0	26	0	137	0	0	0	9	0	0	0	0	0	0	0	0	0	184	0	0	0	0	0	0	28	0	0	0	0	0	0	0	0	0	0	0	0	0	0	0	0	7	0	0	0	0	0	0	0	0	0	109	0	0	0	0	0	0	0	0	0	281	0	0	0	0	0	0	0	0	0	0	0	0	0	0	0	0	0	0	0	0	0	0	0	0	0	0	0	0	0	0	0	0	0	0	0	0	0	0	0	0	0	0	0	0	0	0	0	0	0	0	0	0	0	0	0	112	0	0	0	0	0	0	0	0	0	0	0	388	0	0	0	0	0	0	0	0	21	0	0	0	0	0	0	0	0	0	0	0	0	27	0	42	0	0	0	0	0	0	0	0	0	0	0	0	0	0	0	0	0	926	0	0	0	0	0	0	0	0	0	0	0	69	0	0	0	0	0	0	0	0	0	0	0	0	0	0	0	0	0	0	0	0	0	0	0	0	0	0	0	0	0	0	0	0	0	0	0	0	0	0	0	0	0	0	0	0	0	0	0	0	0	0	0	0	0	0	0	0	0	0	0	0	0	56	0	0	0	0	0	0	0	0	0	0	0	0	0	0	0	0	0	0	0	0	0	0	0	0	0	0	0	0	13	0	0	0	0	0	0	0	0	0	0	0	0	0	0	34	0	0	0	0	0	0	0	6	0	0	0	0	0	0	0	0	0	167	0	0	0	20095	0	0	0	0	0	0	0	0	0	0	0	0	0	0	0	0	0	0	0	0	0	0	0	16	0	0	0	0	0	0	189	0	0	0	0	0	4570
SRR26973763	69823	0	0	0	0	0	0	0	934	0	0	0	0	0	0	0	0	0	0	0	0	40	0	0	36	0	0	0	0	0	0	0	210	0	0	0	0	0	0	0	27	0	0	0	0	0	0	0	241	0	0	0	0	0	0	0	284	0	0	0	0	0	0	2253	0	0	0	0	0	0	0	0	0	0	0	0	222	0	0	107	34	0	0	0	0	0	0	0	0	0	0	0	0	0	107	0	0	0	0	0	0	0	0	0	0	0	0	0	0	0	0	0	0	0	0	0	0	0	0	0	0	0	0	0	0	0	0	0	0	0	0	0	0	0	0	0	0	0	12	0	0	0	0	0	0	0	0	0	0	0	0	0	0	0	0	0	0	0	0	0	0	0	0	0	0	0	0	0	0	0	0	0	0	0	0	0	0	15	0	0	0	0	0	0	0	0	0	0	0	0	0	0	0	0	367	0	0	0	0	0	0	0	0	0	0	0	9796	0	0	0	0	0	0	0	0	23	0	0	0	0	0	0	0	0	0	0	0	0	0	0	296	0	0	0	0	0	0	0	0	0	0	0	0	0	0	0	0	0	1915	0	0	0	0	0	0	0	0	0	0	0	2079	0	0	0	0	0	0	0	0	0	0	0	0	0	0	0	0	0	0	0	0	0	0	0	0	0	0	0	0	0	0	30	0	51	210	0	0	0	0	0	0	0	0	0	0	0	0	0	0	0	0	0	0	0	29	0	0	0	0	0	0	0	45	0	0	0	0	0	0	0	0	0	25	0	0	0	0	0	0	0	0	0	0	0	0	0	0	0	0	0	0	0	0	0	0	0	0	0	0	0	0	0	0	0	0	0	0	0	0	0	0	0	0	0	0	0	0	0	0	0	0	0	0	0	712	0	60	0	40070	0	0	0	0	0	0	0	0	0	0	0	0	0	0	0	0	0	0	40	0	0	0	0	0	0	0	0	18	0	0	33	0	0	0	0	0	9502
SRR26973764	114641	0	0	0	0	39	0	0	1091	0	0	0	0	0	0	0	0	0	0	0	0	101	0	93	0	0	0	0	0	0	0	0	1	0	70	0	0	0	0	0	0	80	16	0	0	0	0	0	681	0	0	0	0	0	0	0	552	0	0	0	0	0	0	141	0	0	0	0	0	0	0	0	0	0	0	0	0	0	0	117	151	0	0	0	0	0	0	0	0	0	0	0	0	0	202	0	0	0	0	0	0	0	0	0	153	0	0	0	0	0	0	0	0	0	0	0	0	0	50	0	0	0	0	0	0	0	0	0	0	0	0	0	0	0	0	0	0	0	13	0	0	0	0	0	0	0	0	0	0	0	0	0	0	0	0	0	0	0	0	0	0	0	0	0	0	0	0	0	75	0	0	0	0	0	0	0	0	41	0	0	0	0	0	0	0	0	0	0	0	0	0	0	0	0	580	0	0	0	0	0	0	0	0	0	0	0	0	0	0	0	0	0	0	0	0	146	0	0	0	0	0	0	0	0	0	0	0	0	0	0	613	0	0	0	0	0	0	0	0	0	0	0	0	0	0	0	0	0	3125	0	0	0	0	0	0	0	0	0	0	0	3584	0	0	0	0	0	0	0	0	0	0	0	0	0	0	0	0	0	0	0	0	0	37	0	0	0	0	0	0	0	0	0	0	0	1228	0	0	0	0	0	0	0	0	0	0	0	0	0	0	0	0	0	0	0	0	0	0	0	0	0	0	0	181	0	0	0	82	0	0	0	0	0	0	0	0	0	0	0	0	0	0	0	0	0	0	0	0	0	0	0	0	0	0	0	0	0	0	0	0	0	0	0	0	0	0	47	0	0	0	0	0	0	0	0	0	0	0	0	64	0	0	0	0	0	2116	0	0	0	74063	0	0	0	0	0	0	0	0	0	0	0	0	0	0	0	0	0	0	0	0	0	0	0	0	0	0	0	0	0	0	0	0	0	0	0	0	25108
SRR26973770	80675	0	0	0	0	0	0	0	530	0	0	0	0	0	0	0	0	0	0	0	0	47	0	0	49	0	11	0	0	0	0	0	239	0	0	0	0	0	0	0	26	0	0	0	0	0	0	0	254	0	0	0	0	0	0	0	749	0	0	0	0	0	0	245	0	0	0	0	0	0	0	0	0	0	0	0	0	0	0	83	170	0	0	0	0	0	0	0	0	0	0	0	0	32	63	0	0	0	0	0	0	0	0	0	47	0	0	0	0	0	0	0	0	0	0	0	0	0	0	0	0	0	0	0	0	0	0	0	0	0	0	0	0	0	0	0	0	0	17	0	0	0	25	0	0	0	0	0	0	0	130	0	0	0	0	0	0	0	0	0	0	0	0	0	0	0	0	0	0	0	0	0	0	0	0	0	0	0	0	0	0	0	0	47	0	0	0	0	0	0	0	0	0	67	531	0	0	0	0	0	0	0	0	0	0	0	196	0	0	0	0	0	0	0	0	177	0	0	0	0	11	0	0	0	57	0	0	0	0	0	268	0	0	0	0	0	0	0	0	0	0	0	0	0	0	0	0	0	1446	0	0	0	0	0	0	0	0	0	0	0	48	0	0	0	0	0	0	0	0	0	0	0	0	0	0	0	0	0	0	0	0	0	0	0	0	0	0	0	0	0	0	0	0	161	614	0	0	0	0	0	0	0	0	0	0	0	0	0	0	0	0	0	0	0	0	0	0	0	0	0	0	0	0	0	0	0	263	0	0	0	0	0	0	0	0	0	0	0	0	0	0	0	0	0	0	0	0	0	0	0	0	0	0	0	0	0	0	0	0	0	0	0	0	0	0	0	0	0	0	0	0	0	0	0	0	0	0	0	0	0	0	0	0	0	1119	0	0	0	53048	0	0	0	31	0	0	0	0	0	0	0	36	0	0	0	36	0	0	53	0	0	0	0	34	0	0	0	0	0	0	0	0	0	0	0	0	19715
SRR26973771	98817	0	0	0	0	0	0	0	1172	0	0	0	0	0	0	0	0	0	16	0	0	0	0	35	0	0	0	0	0	0	0	0	253	0	0	0	0	0	0	0	0	0	0	0	0	0	0	0	203	0	0	0	0	0	0	0	635	0	0	0	0	0	0	145	0	0	0	0	0	0	0	0	0	0	0	0	0	0	0	53	121	0	0	0	0	0	0	0	0	0	0	0	0	0	0	0	0	0	0	0	0	0	0	8	0	0	0	0	0	0	0	0	0	0	0	0	0	0	0	0	0	0	0	0	0	0	0	0	0	0	0	0	0	0	0	0	0	0	23	0	0	0	0	0	0	0	0	0	0	0	0	0	0	0	0	0	0	0	0	0	0	0	0	0	0	0	0	0	0	0	0	0	0	0	0	0	0	54	0	0	0	0	14	0	0	0	0	0	0	0	0	0	0	0	525	0	0	0	0	0	0	0	0	0	0	0	149	0	0	0	0	0	0	0	0	73	0	0	0	0	0	0	0	0	38	0	0	0	0	0	178	0	0	0	0	0	0	0	0	0	0	0	0	0	0	0	0	0	2614	0	0	0	0	0	0	0	0	0	0	27	50	0	27	0	0	0	0	0	0	0	0	0	0	0	0	0	0	0	0	0	0	0	0	0	0	0	0	0	0	0	0	0	0	33	880	0	0	0	0	0	0	0	0	0	0	0	0	0	0	0	0	0	0	0	0	0	0	0	0	0	0	0	22	0	0	0	141	0	0	0	0	0	0	0	0	0	0	0	0	0	0	0	0	0	0	21	0	0	0	0	0	91	0	0	0	0	0	0	0	0	0	0	0	0	0	0	0	0	0	0	0	0	0	0	0	0	0	0	0	0	33	0	0	0	822	0	0	0	56681	0	0	0	0	0	0	0	0	0	0	0	0	0	0	0	0	0	0	0	0	0	0	0	0	0	0	0	0	0	0	0	0	0	0	0	0	33680
SRR26973772	124303	0	0	0	0	53	0	0	1636	0	0	0	0	0	0	0	0	0	0	0	0	152	0	65	0	0	599	0	0	0	0	0	251	0	0	0	0	0	0	0	0	0	0	0	0	0	0	0	542	0	0	0	0	0	0	0	887	0	0	0	0	0	0	0	0	0	0	0	0	0	0	0	0	0	0	0	0	0	0	443	478	0	0	0	0	0	0	0	0	0	0	0	0	14	188	0	0	0	0	0	0	0	0	0	0	0	0	0	0	0	0	0	0	0	0	0	0	0	0	0	0	32	0	0	0	0	0	0	0	0	0	0	0	0	0	0	0	0	0	0	0	0	0	0	0	0	0	0	0	0	0	0	0	0	0	0	0	0	0	0	0	0	0	0	0	0	0	0	0	0	0	0	0	0	0	0	0	0	0	0	0	0	0	0	0	0	0	0	0	0	0	0	0	0	523	0	0	0	0	0	0	0	0	0	0	0	58	0	0	0	0	0	0	0	0	238	0	0	0	0	0	0	0	0	0	0	0	0	0	0	750	0	0	0	0	0	0	0	0	0	0	0	0	0	0	0	0	0	2576	0	0	0	0	0	0	0	0	0	0	0	0	0	0	0	0	0	0	0	0	0	0	0	0	0	0	0	0	0	0	0	0	0	0	0	0	0	0	0	0	0	0	0	0	0	1223	0	0	0	0	0	0	0	0	0	0	0	0	0	0	0	0	0	0	0	0	0	0	0	0	0	0	0	0	0	0	0	262	0	0	0	0	0	0	0	0	0	0	0	0	0	0	0	0	0	0	0	0	0	0	0	0	0	0	0	0	0	0	0	0	0	0	0	0	0	0	0	0	0	0	0	0	0	0	0	0	0	0	0	0	0	0	0	0	0	2596	0	0	0	89837	0	0	0	0	0	121	0	0	0	0	0	0	0	0	0	0	0	0	50	0	0	0	0	0	0	0	0	0	0	0	3	0	0	0	0	0	20726
SRR26973776	129652	0	0	0	0	218	0	0	0	0	0	0	0	0	0	0	0	0	0	0	0	4077	0	0	0	0	0	0	0	0	0	0	0	0	0	0	0	0	0	0	0	0	0	0	0	0	0	0	4189	0	0	0	0	0	0	0	1104	0	0	0	0	0	0	52892	0	0	0	0	0	0	0	0	0	0	0	0	0	1191	0	3298	9062	0	0	0	0	0	0	0	0	0	0	0	0	0	5387	0	0	0	0	0	0	0	0	0	0	0	0	0	0	0	0	0	0	0	0	0	0	0	0	0	0	0	0	0	0	0	0	0	0	0	0	0	0	0	0	0	0	0	2042	0	0	0	0	0	0	0	0	0	0	0	0	0	0	0	0	0	0	0	0	0	0	0	0	0	0	0	0	0	0	0	0	0	0	0	0	0	0	0	0	0	0	0	0	0	0	0	0	0	0	0	0	0	0	0	0	0	0	0	0	0	0	0	0	0	0	0	8266	0	0	0	0	0	0	0	0	10829	0	0	0	0	0	0	0	0	0	0	0	0	280	0	0	0	0	0	0	0	0	0	0	0	0	0	0	0	0	0	0	0	0	0	0	0	0	0	0	0	0	0	0	0	7918	0	0	0	0	0	0	0	0	0	0	0	0	0	0	0	0	0	0	0	0	0	0	0	0	0	0	0	0	0	0	0	0	11316	0	0	0	0	0	0	0	0	0	0	0	0	0	0	0	0	0	0	0	0	102	0	0	0	0	0	0	0	688	0	0	0	877	0	0	0	0	0	0	0	0	0	0	0	0	0	0	0	0	0	0	0	0	0	963	0	0	0	0	0	0	0	0	0	0	0	0	0	0	0	0	0	0	0	0	0	0	0	0	0	0	0	0	0	1278	0	0	0	0	0	0	0	0	0	0	0	0	0	0	0	0	0	0	0	0	0	0	0	1289	0	0	0	0	0	0	0	0	0	0	0	0	0	0	0	0	1227	0	0	0	0	0	1159
SRR26973780	179534	0	0	0	0	60	0	0	879	0	0	0	0	0	0	140	0	0	0	0	0	0	0	0	0	0	0	0	0	0	0	0	240	0	0	0	0	0	0	1414	0	0	0	0	0	0	0	0	727	0	0	0	0	0	0	0	963	0	0	0	0	0	0	175	0	0	0	0	0	0	0	0	0	0	0	0	0	0	0	205	145	62	0	0	543	0	0	0	0	0	0	0	0	0	53	0	0	0	0	0	0	0	0	0	50	0	1405	0	0	0	0	0	0	0	0	0	0	0	87	0	0	0	0	0	0	0	0	0	0	20	0	0	0	0	0	0	0	0	16768	0	0	0	0	0	0	0	0	0	0	0	0	0	0	0	0	0	0	0	0	0	0	0	0	0	0	0	0	0	0	0	36	0	0	0	0	0	0	0	0	0	0	0	0	0	0	0	0	0	0	0	0	0	0	0	933	22	0	0	0	0	0	0	0	0	0	0	493	0	0	0	0	0	0	0	0	297	0	0	0	0	0	0	0	0	0	0	0	0	0	0	591	0	0	0	0	0	0	0	0	0	0	0	0	0	0	0	0	0	3900	0	0	0	0	0	0	0	0	0	0	0	250	0	0	0	0	0	0	0	0	0	0	0	0	0	0	0	0	0	0	0	0	0	0	0	0	0	0	67	0	0	0	0	0	297	1059	0	0	0	0	0	0	0	0	0	57	0	0	0	0	0	0	67	0	0	0	0	0	0	0	0	0	0	175	0	0	0	40	0	0	0	0	0	31	0	0	0	0	0	0	0	0	0	0	0	0	0	0	0	83	0	0	1908	0	0	0	0	0	0	0	0	0	0	0	0	0	0	0	0	0	0	0	0	0	0	0	0	0	0	0	68	116	0	0	0	1669	0	64	0	122725	0	0	0	0	0	0	0	0	0	0	0	161	0	0	0	0	0	0	0	0	0	0	0	0	0	0	0	0	0	0	0	0	0	0	0	0	20489
SRR26973784	83864	0	0	0	0	0	0	0	451	0	0	0	0	0	0	0	0	0	0	0	0	739	0	0	41	0	0	0	0	0	0	0	68	0	0	0	0	0	0	0	0	0	0	0	0	0	0	0	219	0	0	0	0	0	0	0	447	0	0	0	0	0	0	78	0	0	0	0	0	0	0	0	0	0	0	0	0	0	0	81	208	0	18	0	138	0	0	0	0	0	0	0	0	0	100	0	0	0	0	0	0	66	0	0	0	0	271	0	0	0	0	0	0	0	0	0	0	0	0	24	0	0	0	0	0	0	0	0	0	28	0	0	0	0	0	0	0	0	5192	0	0	0	0	0	0	0	0	0	0	0	0	0	0	0	0	0	0	0	0	0	0	0	0	0	0	0	0	0	0	0	0	0	0	0	0	0	0	0	0	0	0	0	0	0	0	0	0	0	0	0	0	0	0	0	335	0	0	0	0	0	0	0	0	0	0	0	23	0	0	0	0	0	0	0	0	129	0	0	0	0	0	0	0	0	0	0	0	0	0	0	151	105	0	0	0	0	0	0	0	0	0	0	0	0	0	0	0	0	1791	0	0	0	0	0	0	0	0	0	0	0	79	0	0	0	0	0	0	0	0	0	0	0	0	88	0	0	0	0	0	0	0	0	0	0	0	0	0	141	0	0	0	0	0	25	221	0	0	0	0	0	0	0	0	0	0	0	0	0	0	0	0	0	0	0	63	0	0	0	0	0	0	0	15	0	0	0	0	0	0	0	0	0	0	0	0	0	0	0	0	0	0	0	0	23	0	0	0	0	0	0	0	64	0	0	0	0	0	0	0	0	0	0	0	0	0	0	0	0	0	0	0	0	0	0	0	0	0	0	0	0	0	0	0	0	644	0	0	0	60808	0	0	0	0	0	0	0	0	0	0	0	0	0	0	0	0	0	0	0	0	0	47	0	0	0	0	0	0	0	19	0	0	0	0	0	0	10924
SRR26973788	61425	0	0	0	0	0	0	0	307	0	0	0	0	0	0	19	0	0	0	0	0	0	0	0	20	0	0	0	0	0	0	0	143	0	0	0	0	0	0	31	0	0	0	0	0	0	0	0	264	0	0	0	0	0	0	0	150	0	0	0	0	0	0	190	0	0	0	0	0	0	0	0	0	0	0	0	0	0	0	0	101	16	0	0	50	0	333	0	0	0	0	0	0	0	45	0	0	0	0	0	0	0	0	0	19	0	568	0	0	0	0	0	0	0	0	0	0	0	7	0	0	0	0	0	0	0	0	0	0	0	0	0	0	0	0	0	0	0	9086	0	0	0	0	0	0	0	0	0	0	0	0	0	0	0	0	0	0	0	0	0	0	0	0	0	0	0	0	0	167	0	6	0	0	0	0	0	0	0	0	0	0	0	0	0	0	0	0	0	0	0	0	0	0	0	241	0	0	0	0	0	0	0	0	0	0	0	46	0	0	0	0	0	0	0	0	19	0	0	0	0	0	0	0	0	0	0	0	0	0	0	164	0	0	0	0	0	0	0	9	0	0	0	0	0	0	0	0	0	1188	0	32	0	0	0	0	0	0	0	0	0	214	0	0	0	0	0	0	0	0	0	0	0	0	0	17	0	0	0	0	0	0	0	18	0	0	0	0	0	0	0	15	0	0	7	427	0	0	0	0	0	0	0	0	0	0	0	0	0	0	0	0	0	0	0	0	0	0	0	0	0	0	34	516	0	0	0	0	0	0	0	0	0	0	0	51	0	0	0	0	0	0	0	0	0	0	0	0	0	80	0	0	65	0	3	0	0	0	23	0	0	0	0	0	0	0	0	0	0	0	0	0	0	0	0	0	0	0	42	0	0	0	0	0	0	493	0	0	0	35560	0	0	0	0	0	0	0	0	21	0	0	13	0	0	0	0	0	0	0	0	0	0	0	0	0	0	0	0	0	0	0	0	0	0	0	0	10605
SRR26973789	88571	0	0	0	0	274	0	0	709	0	0	0	0	0	0	0	0	0	0	0	0	107	0	0	0	0	0	0	0	0	0	0	1	0	0	0	0	0	0	0	41	0	49	0	1041	0	0	0	108	0	0	0	0	0	0	0	589	0	0	0	0	0	0	196	0	0	0	0	0	0	0	0	0	0	0	0	0	0	0	145	57	0	0	0	0	0	0	0	0	0	0	0	0	0	148	0	0	0	0	0	0	0	0	0	16	0	0	0	0	0	0	0	0	0	0	0	0	0	49	0	0	0	0	0	0	24	0	0	0	0	0	0	0	0	0	0	0	0	73	0	0	0	0	0	0	0	0	0	0	0	0	0	0	0	0	0	0	0	0	0	0	0	0	0	0	0	0	0	0	0	0	0	0	0	0	0	0	0	0	0	0	31	0	0	0	0	0	0	0	0	0	0	0	0	512	0	0	0	0	0	0	0	0	0	0	0	60	0	0	0	0	0	0	0	0	52	0	0	0	0	0	0	0	0	0	0	0	0	41	0	214	0	0	0	0	0	0	0	0	0	0	0	0	0	0	0	0	0	1639	0	0	0	0	0	0	0	0	0	0	0	0	0	0	0	0	0	0	0	0	0	0	0	0	12	0	0	0	0	0	0	0	0	0	0	0	0	0	0	0	0	0	0	0	0	899	0	0	0	0	0	0	0	0	0	0	0	0	0	0	0	0	0	0	0	0	0	0	0	0	0	0	0	0	0	0	0	826	0	0	0	0	0	5	0	0	0	0	18	0	0	0	0	0	0	0	0	0	0	0	0	0	54	0	0	0	0	0	0	0	0	0	0	0	43	0	0	0	0	0	0	0	0	0	0	0	0	0	0	0	0	0	0	0	0	1592	0	0	0	68588	0	0	0	0	0	0	0	0	0	0	0	0	0	0	0	0	0	0	63	0	0	91	0	0	0	0	0	0	0	0	0	0	0	0	0	0	10204
SRR26973790	44476	0	0	0	0	0	0	0	488	0	0	0	0	0	0	0	0	0	0	0	0	0	0	17	0	0	0	0	0	0	0	0	282	0	0	0	0	0	0	0	0	65	0	0	0	0	0	0	94	0	0	0	0	0	0	0	233	0	0	0	0	0	0	50	0	0	0	0	0	0	0	0	0	0	0	0	0	0	0	91	41	0	0	0	0	0	0	0	0	0	0	0	0	0	41	0	0	0	0	0	0	0	0	0	12	0	0	0	0	0	0	0	0	0	0	0	0	0	0	0	0	23	0	0	0	0	0	0	0	21	0	0	0	0	0	0	0	0	24	0	0	0	0	0	0	0	0	0	0	0	0	0	0	0	0	0	0	0	0	0	0	0	0	0	0	0	0	0	0	0	0	0	0	0	0	0	0	0	0	0	0	0	0	0	0	0	0	0	0	0	0	0	0	0	263	0	0	0	0	0	0	0	0	0	0	0	20	0	0	0	0	0	0	0	0	104	0	0	0	0	0	0	0	0	0	0	0	0	0	0	180	3	0	0	0	0	0	0	0	0	0	0	0	0	0	0	0	0	1308	0	0	0	0	0	0	0	0	0	0	0	41	0	37	0	0	0	0	0	0	0	0	0	0	0	0	0	0	0	0	0	0	0	7	0	0	0	0	0	0	0	0	0	0	0	560	0	0	0	0	0	0	0	0	0	0	0	0	0	0	0	0	0	0	0	69	0	0	0	0	0	0	0	4	0	0	0	2581	0	0	0	0	0	0	0	0	0	0	0	0	0	0	0	0	0	0	0	22	0	36	0	0	0	0	0	0	0	0	0	0	0	0	0	0	0	0	0	0	0	0	0	0	0	0	0	0	0	0	0	0	0	0	0	0	0	425	0	0	0	26429	0	0	0	0	0	0	0	0	0	0	0	0	0	0	0	0	0	0	12	0	0	6	0	0	0	0	0	0	0	0	0	0	0	0	0	0	10887
SRR26973791	66907	0	0	0	0	0	0	0	0	0	0	0	0	0	0	0	0	0	0	0	0	0	0	0	0	0	0	0	0	0	0	0	0	0	0	0	0	0	0	0	0	0	0	0	0	0	0	0	3665	0	0	0	0	0	0	0	0	0	0	0	0	0	0	5643	0	0	0	0	0	0	0	0	0	0	0	0	0	450	0	226	6031	0	0	0	0	0	0	0	0	0	0	0	0	0	4588	0	0	0	0	0	0	0	0	0	0	0	0	0	0	0	0	0	0	0	0	0	0	0	0	0	0	1329	0	0	0	0	0	0	0	0	0	0	0	0	0	0	0	0	554	0	0	0	0	28	0	0	0	0	0	0	0	0	0	0	0	0	0	0	0	0	0	0	0	0	0	0	0	0	0	0	0	0	0	0	0	0	0	988	0	0	0	0	0	0	0	0	1222	0	0	0	0	0	0	0	0	0	0	0	680	0	0	0	0	0	0	0	12605	0	0	0	0	0	0	0	0	13657	0	0	0	0	0	0	0	562	0	0	0	0	608	0	0	0	0	0	0	0	0	0	0	0	0	0	0	0	0	0	0	0	620	0	0	0	0	0	0	0	0	0	0	0	446	0	0	0	0	0	0	0	0	0	0	0	0	0	0	0	0	0	0	0	0	0	5	0	0	0	0	0	0	0	0	0	0	1011	0	0	0	0	0	0	0	0	0	0	0	0	0	0	0	0	0	0	0	0	0	0	0	0	0	0	0	0	0	0	0	0	5253	0	0	0	0	0	0	0	533	0	0	0	0	0	0	0	0	0	0	0	0	0	265	0	0	1244	0	0	0	0	0	0	0	0	0	0	0	0	0	0	0	0	0	0	0	0	0	0	0	0	0	0	0	0	0	0	0	0	0	0	0	0	0	0	0	0	2222	0	0	0	0	0	0	0	0	0	0	0	0	0	0	0	0	0	0	0	0	0	0	0	0	0	0	0	0	0	0	0	0	2472
SRR26973694	70847	0	0	0	0	19	0	0	884	0	0	0	0	0	0	0	0	0	0	0	0	0	0	0	0	0	6200	0	0	0	0	0	468	0	0	68	0	0	0	0	0	0	114	0	0	0	0	0	102	0	0	0	0	0	0	0	589	0	0	0	0	0	0	253	0	0	0	0	0	0	0	0	0	0	0	0	0	0	0	0	1169	0	0	0	0	0	0	0	0	0	0	0	0	0	521	0	0	0	0	0	0	0	0	0	0	0	0	0	0	0	0	0	0	0	0	0	0	0	17	0	0	0	72	0	0	0	0	0	0	0	0	0	0	0	0	0	0	0	154	0	0	0	0	0	0	0	0	0	0	0	0	0	0	0	0	36	0	0	0	0	0	0	0	0	0	0	0	0	0	0	0	0	0	0	0	0	0	0	0	0	0	0	0	0	0	0	0	0	0	0	0	0	0	0	356	0	0	0	0	0	0	0	0	0	0	0	709	0	0	0	0	0	0	0	0	237	0	0	0	0	0	0	0	0	0	0	0	0	0	0	504	78	0	0	0	0	0	0	0	0	0	0	0	0	0	0	0	0	2734	0	0	0	0	0	0	0	0	0	0	0	38	0	0	0	0	0	0	0	0	0	0	0	0	0	0	0	0	0	0	0	0	0	158	0	0	0	0	0	0	0	0	0	0	0	0	0	0	0	0	0	0	0	0	0	0	0	0	0	0	0	0	0	0	0	0	0	0	0	0	0	0	0	0	0	0	0	58	0	0	0	0	0	0	0	0	0	0	0	0	0	0	0	0	0	0	0	0	0	0	0	0	0	0	0	0	0	0	0	0	0	0	0	0	0	0	0	0	0	0	0	0	0	0	0	0	0	0	0	71	0	0	0	0	0	82	0	0	0	45769	0	0	0	0	0	0	0	0	0	0	0	0	0	0	0	0	0	0	0	0	0	0	0	0	0	0	0	0	0	0	4	0	0	0	0	0	9383
SRR26973697	61929	0	0	0	0	0	0	0	517	0	0	0	0	0	0	0	0	0	0	0	0	0	0	63	0	0	280	0	0	0	0	0	1492	0	0	0	0	0	0	0	0	0	0	0	0	0	0	0	632	0	0	0	0	0	0	0	536	0	0	0	0	0	0	226	0	0	0	0	0	0	0	0	0	0	0	0	0	0	0	208	712	0	0	0	0	0	0	0	0	0	0	0	0	0	458	0	0	0	0	0	0	0	0	0	0	0	0	0	0	0	0	0	0	0	0	0	0	0	0	0	0	0	0	0	0	0	0	0	0	0	0	0	0	0	0	0	0	0	128	0	0	0	0	0	0	0	0	0	0	0	0	90	0	0	0	0	0	0	0	0	0	0	0	0	0	0	0	0	0	0	0	0	0	0	17	0	1269	0	90	0	0	0	117	0	0	0	150	0	0	0	0	0	0	0	50	0	0	0	0	0	0	0	0	0	0	0	178	0	0	0	0	0	0	0	0	168	0	0	0	0	0	0	0	0	0	0	0	0	0	0	281	0	0	0	0	0	0	0	0	0	0	0	0	0	0	0	0	0	1460	0	227	0	0	0	0	0	0	0	0	0	498	0	0	0	0	0	0	0	0	0	0	0	0	0	0	0	0	0	0	0	0	0	0	0	0	0	0	0	0	0	0	0	0	0	140	0	0	0	0	0	0	0	0	0	0	0	0	0	0	0	0	0	0	0	0	0	0	0	0	0	0	0	0	0	0	0	1790	0	0	0	0	0	0	0	0	0	0	0	0	0	0	0	0	0	0	0	0	0	0	0	0	0	0	0	0	0	0	0	0	0	0	0	0	0	61	0	0	0	0	0	0	0	0	0	0	0	0	0	0	0	0	0	0	0	446	0	0	0	41751	0	0	0	0	0	0	0	0	0	0	0	0	0	0	49	0	0	0	0	0	0	0	0	0	0	0	0	0	0	0	0	0	0	0	0	0	7845
SRR26973699	103962	0	0	0	0	0	0	0	258	0	0	0	0	0	0	0	0	0	0	0	0	164	0	0	356	0	117	0	0	0	0	0	4226	0	213	0	0	0	0	0	0	0	0	0	0	0	0	0	490	0	0	0	0	0	0	0	1080	0	0	0	0	0	0	2599	0	0	0	0	0	0	0	0	0	0	0	0	0	288	0	0	823	0	0	0	0	0	0	0	0	115	310	0	0	123	277	0	0	0	0	0	0	2772	0	0	0	0	0	0	0	0	0	0	0	0	0	0	0	0	0	0	0	179	0	0	0	0	0	0	0	0	0	0	0	0	0	0	0	0	349	0	0	0	0	0	0	0	0	0	0	0	0	0	0	0	0	0	0	0	0	0	0	0	0	0	0	0	0	127	0	0	0	156	0	0	0	0	0	0	0	0	0	0	0	0	0	0	0	0	0	0	0	0	0	0	673	0	0	0	0	0	0	0	0	0	0	0	373	0	0	0	0	0	0	0	0	0	0	0	0	0	0	0	109	0	0	0	0	0	1061	0	865	0	336	0	0	0	0	0	0	0	0	0	0	0	0	0	0	0	4949	0	0	0	0	0	0	0	0	0	0	0	0	0	0	0	0	0	0	0	0	0	0	0	0	0	0	0	0	0	0	0	0	0	0	0	0	0	0	0	0	0	0	0	0	0	0	0	0	0	0	0	0	0	0	0	0	0	0	0	0	0	0	0	0	0	0	0	0	0	0	0	0	0	0	0	0	0	1005	0	0	1	0	1045	0	0	0	0	0	0	0	0	0	0	0	0	0	0	0	0	0	0	0	0	0	0	0	0	0	0	0	0	0	0	0	0	0	0	0	0	0	0	0	0	0	0	0	0	0	0	0	0	0	0	0	0	433	0	0	231	62582	0	0	0	0	0	0	0	0	0	0	0	0	0	0	0	0	0	0	0	0	0	126	0	0	0	0	0	0	0	0	0	0	0	0	0	0	15151
SRR26973700	56937	0	0	0	0	64	0	0	582	0	0	0	0	0	0	0	0	0	149	0	0	34	0	0	0	0	67	0	0	0	0	0	4981	0	0	0	208	0	0	0	0	0	0	0	0	0	0	0	0	0	0	0	0	0	0	0	625	0	0	0	0	0	0	373	0	0	0	0	0	0	0	0	0	0	0	0	0	0	0	73	442	0	0	0	0	0	0	0	0	0	0	0	0	0	62	0	0	0	0	0	0	0	0	0	0	0	0	0	0	0	0	0	0	0	0	0	0	0	0	0	0	0	0	0	0	0	0	0	0	0	0	0	0	0	0	0	0	0	87	0	0	0	0	0	0	0	0	0	0	0	0	0	0	0	0	0	0	0	0	0	0	0	0	0	0	0	0	0	0	0	0	0	0	0	0	0	0	0	0	0	0	0	0	0	0	0	0	0	0	0	0	0	0	0	304	0	0	0	0	0	0	0	0	0	0	0	2806	0	0	0	0	0	0	0	0	372	0	0	0	0	0	0	0	0	0	0	0	0	0	0	113	0	0	0	0	0	0	0	0	0	0	0	0	0	0	0	0	0	1364	0	0	0	0	0	0	0	0	0	0	0	240	0	0	0	0	0	0	0	0	0	0	0	0	0	0	0	0	0	0	0	0	0	0	0	0	0	0	0	0	0	0	0	0	0	0	0	0	0	0	0	0	0	0	0	0	0	0	0	0	0	0	0	0	0	0	0	0	0	0	0	0	0	93	0	0	0	31	0	0	0	0	0	0	0	0	0	0	0	0	0	0	0	142	0	0	0	0	0	0	0	0	0	0	0	0	0	0	0	0	0	0	0	0	0	0	0	0	0	0	0	0	0	0	0	0	0	0	0	0	0	0	0	0	0	575	0	0	0	35921	0	0	0	0	0	0	0	0	0	0	0	0	0	0	0	0	0	0	0	0	0	59	0	0	0	0	0	0	0	0	0	0	0	0	0	0	7170
SRR26973704	61386	0	0	0	0	6	0	0	102	0	0	0	0	0	0	67	0	0	0	0	0	58	0	0	140	0	0	0	0	0	0	0	216	0	0	0	0	0	0	0	36	0	0	0	0	0	0	0	90	0	0	0	0	0	0	0	137	0	0	0	0	0	57	979	0	0	0	0	0	0	0	13	0	0	0	0	0	0	0	131	45	0	0	21	17	0	0	0	0	56	0	0	0	0	4	0	0	0	23	0	0	72	0	0	0	0	172	0	69	0	0	24	0	0	0	0	79	0	0	0	14	0	0	0	0	0	0	0	0	0	0	0	0	0	0	0	0	19	1558	20	0	0	0	0	0	0	0	0	0	0	0	8	1	0	0	0	0	0	0	0	0	0	0	0	0	11	0	0	0	0	81	23372	14	0	0	0	0	24	0	0	44	0	0	0	0	16	43	0	0	0	0	0	0	0	71	0	8	0	0	0	0	0	0	0	0	0	2241	1	0	0	0	41	0	0	0	24	0	10	8	0	0	0	47	0	0	0	0	0	0	0	7	0	0	0	0	0	0	0	0	0	0	0	22	0	0	0	0	0	646	0	25	0	0	0	50	0	0	0	0	215	164	0	0	0	0	0	0	0	0	0	0	30	0	0	0	0	0	0	0	0	0	0	18	0	0	0	0	157	0	0	0	24	0	151	33	15	0	0	0	32	0	0	49	0	0	0	0	0	0	0	0	0	0	0	0	5	0	0	0	0	0	0	81	0	0	0	132	0	0	0	0	0	0	0	0	0	10	0	0	0	0	0	0	0	0	0	0	0	211	0	0	38	0	366	0	0	0	0	0	0	0	0	0	23	0	0	25	0	0	0	0	0	0	0	0	0	0	0	16	0	0	0	15	0	211	0	0	0	16920	0	0	0	1889	0	0	0	147	0	0	0	0	0	0	0	0	0	0	122	0	0	0	0	0	0	0	251	0	28	0	25	0	0	0	0	0	8943
SRR26973707	56541	0	0	0	0	0	0	0	298	0	0	0	0	0	0	27	0	0	0	0	0	31	0	0	0	15	0	0	0	0	0	0	75	0	0	0	0	0	0	0	0	0	30	0	0	0	0	1337	941	0	0	0	0	0	0	0	313	0	0	0	0	0	0	211	0	0	0	0	0	0	0	0	0	0	0	0	0	0	0	14	31	0	0	0	152	0	0	0	0	0	0	0	0	0	0	0	0	0	0	0	0	0	0	0	0	0	17	0	0	0	0	0	0	0	0	0	0	0	14	0	0	0	0	0	0	0	0	0	0	75	0	0	0	0	0	0	0	0	333	0	0	0	0	0	0	0	0	0	0	0	0	0	0	0	0	0	0	12	0	0	0	0	0	0	0	0	0	0	0	0	0	0	0	0	0	0	0	29	0	0	0	12	58	0	0	0	0	0	0	0	0	0	0	0	91	0	0	0	0	0	0	0	0	0	0	30	145	0	0	0	0	0	0	0	0	151	0	0	0	0	0	0	0	0	0	0	9	0	0	0	95	0	0	0	0	0	0	0	0	0	0	0	0	0	0	0	0	0	1457	0	0	0	0	0	0	0	0	0	0	0	77	0	0	0	0	0	0	0	0	0	0	0	0	0	0	0	0	0	0	0	0	0	151	0	0	0	0	0	0	0	0	0	0	3737	227	0	0	0	0	0	0	0	0	44	0	0	0	0	0	0	0	0	0	0	0	0	0	0	0	0	0	0	79	0	0	23	23	0	0	0	0	0	0	0	0	0	0	0	0	0	0	0	0	30	0	0	0	0	0	0	0	27	0	0	0	0	0	0	0	0	0	0	0	158	0	14	0	0	0	18	0	0	0	0	0	0	0	0	32	0	0	0	0	0	714	0	45	0	31895	0	0	0	0	0	0	0	0	0	23	0	0	0	0	0	0	0	0	0	0	0	55	0	0	0	0	0	0	0	0	0	0	0	0	0	0	13166
SRR26973710	48044	0	0	0	0	23	0	0	657	0	0	0	0	0	0	67	0	0	0	0	0	0	0	0	0	0	0	0	0	0	0	0	257	0	0	0	0	0	0	0	0	0	0	0	0	0	0	0	330	0	0	0	0	0	0	0	149	0	0	0	0	68	0	148	0	0	0	0	0	0	0	13	0	0	0	0	0	0	0	197	270	0	0	0	36	0	0	0	0	0	0	0	0	0	0	0	0	0	0	0	0	0	0	4	0	0	32	0	0	0	0	0	0	0	0	0	0	0	0	0	0	0	0	0	0	0	0	0	0	0	0	0	0	0	0	0	0	0	800	0	0	0	0	0	0	0	0	0	0	20	0	0	0	0	0	0	0	10	0	0	0	0	0	0	0	0	0	0	0	0	0	0	0	0	0	0	0	0	0	0	0	0	0	0	0	0	0	0	0	0	0	0	0	0	11	0	0	0	89	0	0	0	0	0	0	0	411	0	0	0	0	0	0	27	51	43	0	0	0	0	0	0	0	0	0	0	0	0	0	0	88	0	0	0	0	0	0	0	0	0	0	0	0	0	0	0	0	0	1296	0	0	0	0	0	0	0	0	0	0	0	26	0	0	0	0	0	0	71	0	0	0	0	0	37	0	0	0	0	0	0	0	0	215	0	0	0	0	0	0	0	0	0	0	745	24	45	0	0	0	0	0	0	0	0	0	0	0	0	0	0	45	0	0	0	0	0	0	0	0	0	0	0	118	0	0	0	0	0	0	0	0	0	0	0	0	0	0	0	0	19	0	0	0	0	0	0	0	0	0	0	0	0	0	0	0	0	0	0	0	0	0	0	0	0	0	0	0	0	0	0	0	0	0	0	0	0	0	0	0	0	0	0	0	0	0	0	0	0	29863	0	0	0	119	0	0	0	0	0	0	0	0	0	0	0	0	0	0	0	0	0	0	0	0	0	0	0	0	0	0	24	0	0	0	0	0	11596
SRR26973711	64661	0	0	0	0	23	0	0	284	0	0	0	0	0	0	0	0	0	0	0	0	26	0	0	0	0	0	0	0	0	0	0	374	0	0	0	0	0	0	0	0	0	0	0	0	0	0	0	59	0	0	0	0	0	0	0	126	0	0	0	0	0	0	77	0	0	0	0	0	0	0	32	0	0	0	0	0	0	0	80	69	0	0	0	0	48	0	0	0	0	0	0	0	0	32	0	0	0	0	0	0	29	0	55	0	0	138	0	0	0	0	0	0	0	0	0	0	0	0	0	0	0	0	0	0	0	0	0	0	26	0	0	0	0	0	0	0	0	427	0	0	0	0	0	0	0	0	0	0	80	0	0	0	0	0	0	0	24	0	0	0	0	0	0	0	0	0	0	0	0	0	0	0	0	0	0	31	0	0	0	0	0	0	0	0	0	0	0	0	0	0	0	0	0	204	0	0	0	0	0	0	0	0	0	0	0	47	0	0	0	0	0	0	0	0	35	0	0	0	0	0	0	0	0	36	0	0	0	0	0	293	21	0	0	0	0	0	0	0	0	0	0	0	0	0	0	0	71	1611	0	0	0	0	0	0	5	0	0	0	0	63	0	1	0	0	0	0	0	0	0	0	0	0	0	0	0	0	0	0	0	0	0	0	0	0	0	0	0	0	0	0	0	0	899	299	0	0	0	0	0	0	0	0	0	0	0	0	0	0	0	0	0	0	0	1	0	0	0	0	0	0	0	27	0	0	0	0	0	0	0	0	0	0	0	0	0	0	0	17	0	0	0	0	0	0	0	0	0	0	0	0	0	0	0	0	0	0	0	0	0	0	0	0	0	0	0	0	0	0	0	0	0	0	0	0	0	0	0	0	0	0	0	0	0	592	0	0	0	41050	0	0	0	0	0	0	0	0	0	0	0	0	0	0	0	0	0	0	39	0	0	0	0	0	0	0	0	0	0	0	164	0	0	0	0	0	17146
SRR26973712	46867	0	0	0	0	27	0	0	206	0	0	0	0	0	0	99	0	0	0	0	0	31	0	0	201	0	0	0	0	0	0	0	198	0	0	0	0	0	0	226	0	0	0	0	0	0	0	0	67	0	0	0	0	0	178	0	128	0	0	19	0	0	0	138	0	0	0	0	0	0	0	0	0	0	0	0	0	0	0	48	75	0	0	0	454	0	0	0	0	0	0	0	0	0	19	17	0	0	0	7	0	0	0	0	0	0	0	0	0	0	0	0	0	0	0	0	0	0	0	0	0	0	0	0	0	0	0	0	0	6	0	0	0	0	0	0	0	0	294	0	0	0	0	0	0	0	0	0	0	0	0	0	0	0	0	0	0	0	0	0	0	0	0	0	0	0	0	0	0	0	0	0	0	0	0	0	17	0	0	0	0	0	46	0	0	0	0	0	0	0	0	0	0	0	131	0	0	0	0	0	0	0	0	0	0	0	2278	0	0	0	0	0	0	0	0	38	0	0	0	0	0	0	0	0	0	0	0	0	41	0	7	0	0	0	0	0	0	0	0	0	0	0	0	0	0	0	0	0	1057	0	0	0	0	0	0	0	0	0	0	0	40	0	51	0	0	0	0	0	0	11	0	0	0	0	0	0	12	0	0	0	0	0	58	0	0	0	0	11	0	0	0	0	0	0	110	0	0	0	0	0	0	0	0	0	0	0	0	0	0	0	0	0	0	0	0	0	0	0	0	0	0	0	0	0	0	0	447	0	0	0	0	0	0	0	0	0	0	0	0	36	0	0	0	0	0	25	0	0	0	0	0	0	0	0	0	0	0	0	0	0	0	0	0	44	0	0	0	0	0	0	0	0	0	0	0	0	0	0	15	0	0	0	0	0	547	0	0	0	28328	0	0	0	0	0	0	0	0	0	0	0	685	0	0	0	0	0	0	0	0	0	0	0	0	45	0	0	0	0	0	13	0	0	25	0	0	10311
SRR26973720	55036	0	64	0	0	0	0	0	227	0	0	0	0	0	0	151	0	0	0	0	0	23	0	25	0	0	0	0	0	0	0	14	260	0	0	0	0	392	0	0	472	0	19	0	0	0	35	0	99	0	0	0	0	0	0	0	129	0	0	0	0	0	0	1066	0	0	0	0	0	0	0	0	0	0	0	0	0	89	0	0	61	0	0	0	457	0	0	0	0	0	0	0	0	0	18	0	0	0	0	0	0	36	0	0	27	0	0	0	0	0	0	429	0	0	0	0	0	0	0	0	0	0	0	0	0	27	0	0	0	0	0	0	0	0	0	0	0	0	112	0	0	0	0	0	0	0	0	0	0	0	0	0	0	0	0	0	0	0	0	0	0	0	0	0	0	0	0	0	0	0	136	0	0	0	18	0	0	25	0	0	0	0	0	0	0	0	0	0	0	0	0	0	0	0	194	17	0	0	0	0	0	0	0	0	0	0	1000	3	0	0	0	0	0	0	0	78	0	0	0	0	0	0	0	0	15	0	0	0	220	0	96	0	0	0	0	0	0	0	0	0	0	0	0	0	0	0	0	0	1065	0	0	0	0	0	0	30	0	13	0	0	303	0	0	0	0	0	0	0	0	0	0	0	0	0	0	0	0	0	0	0	0	0	64	0	0	0	0	971	0	0	0	0	0	34	0	0	0	0	0	0	0	0	113	0	0	0	0	0	0	0	0	0	0	0	0	0	0	0	0	0	0	0	4505	15	0	0	1580	0	0	0	0	0	0	0	0	0	0	0	0	0	0	0	0	0	0	0	0	0	28	0	0	0	0	27	0	0	0	0	0	0	0	0	0	122	0	0	0	0	0	0	0	0	0	0	0	0	0	0	0	0	0	0	0	0	129	0	0	0	27461	0	0	0	0	0	0	0	0	0	0	0	14	0	0	0	0	0	0	0	0	0	31	0	0	0	0	0	0	0	0	43	0	0	0	0	0	12454
SRR26973721	53606	0	0	0	0	0	0	0	380	0	0	0	0	0	0	0	0	0	0	0	0	12	0	0	32	0	0	0	0	0	0	0	346	0	0	0	0	0	0	0	0	0	0	0	0	0	0	0	167	0	0	0	0	0	0	0	280	0	0	0	0	0	0	533	0	0	0	0	0	0	0	0	0	0	0	0	0	0	0	68	177	0	0	0	0	0	0	0	0	0	0	0	0	0	41	0	0	0	0	0	0	0	0	0	18	0	0	0	0	0	0	0	0	0	0	0	0	0	0	0	0	0	0	0	0	0	0	0	0	49	0	0	0	0	0	0	0	0	41	0	0	0	0	0	0	0	0	0	0	0	0	0	0	0	0	0	0	0	0	0	0	0	0	0	0	0	0	0	0	0	0	0	0	0	0	0	0	0	0	0	0	0	0	0	0	0	0	0	0	0	0	0	0	0	302	0	0	26	0	0	0	0	0	0	0	0	392	0	0	0	0	0	0	0	0	30	0	0	0	0	0	0	0	0	0	0	0	0	0	0	118	0	0	0	0	0	0	0	0	0	0	0	0	0	0	0	0	0	1070	0	0	0	0	0	0	0	0	0	0	0	792	0	0	0	0	121	0	0	0	0	0	0	0	0	0	0	0	0	0	0	0	0	0	0	0	0	0	0	0	0	0	0	0	459	552	0	0	0	0	0	0	0	0	0	0	0	0	0	0	0	0	0	0	0	40	0	0	0	0	0	0	0	34	0	0	0	0	0	0	0	0	0	0	0	0	0	0	0	0	0	0	0	0	0	0	0	0	0	0	0	0	0	0	0	0	0	0	0	0	0	0	0	0	0	0	0	0	0	0	0	0	0	0	0	0	0	0	0	55	0	0	0	0	0	587	0	0	0	39323	0	0	0	0	0	0	0	0	0	0	0	0	0	0	0	0	0	0	0	0	0	0	0	0	0	0	0	0	0	0	20	0	0	0	0	0	7541
SRR26973723	51776	0	0	0	0	0	0	0	465	0	0	0	0	0	0	0	0	0	0	0	0	29	0	0	0	0	0	0	0	0	0	0	186	0	0	0	0	0	0	0	0	0	0	0	0	0	0	0	158	0	0	0	0	0	0	0	366	0	0	0	0	0	0	89	0	0	0	0	0	0	0	0	0	0	0	0	0	0	0	0	114	0	0	0	0	0	0	0	0	0	0	0	0	0	35	0	0	0	0	0	0	0	0	0	0	0	0	0	0	0	0	0	0	0	0	0	0	0	0	0	0	0	0	0	0	0	0	0	0	0	0	0	0	0	0	0	0	0	5	0	0	0	0	0	0	0	0	0	0	0	0	0	0	45	0	0	0	0	0	0	0	0	0	0	0	0	0	0	0	0	0	0	0	0	0	0	0	0	0	0	0	0	0	0	0	0	23	0	0	0	0	0	0	0	291	0	0	0	0	0	0	0	0	0	0	0	19	0	0	0	0	0	0	0	0	101	0	0	0	0	0	0	0	0	0	0	0	0	0	0	209	0	0	0	0	0	0	0	0	0	0	0	0	0	0	0	0	0	1558	0	0	0	0	0	0	0	0	0	0	0	92	0	0	0	0	0	0	0	0	0	0	0	0	0	0	0	0	0	0	0	0	0	0	0	0	0	0	0	0	0	0	0	0	149	0	0	0	0	0	0	0	0	0	0	0	0	0	0	0	0	0	0	0	0	49	0	0	0	0	0	0	0	134	0	0	0	107	0	0	0	0	0	0	0	0	0	0	0	0	0	0	0	0	0	0	0	0	0	0	0	0	22	0	0	0	0	0	0	0	0	0	0	0	0	0	0	0	0	0	0	0	0	0	0	0	0	0	0	20	0	0	0	0	0	948	0	0	0	37441	0	0	0	0	0	0	0	0	0	0	0	0	0	0	0	0	0	0	0	9	0	34	0	0	0	0	0	0	0	0	0	0	0	0	0	0	9078
SRR26973725	51854	0	0	0	0	7	0	0	529	0	0	0	0	0	0	0	0	0	0	0	0	0	0	0	0	0	24	0	0	0	0	0	221	0	0	0	0	0	0	0	0	0	0	0	0	0	0	0	158	0	0	0	0	0	0	0	187	0	0	0	0	0	0	40	0	0	0	0	0	0	0	0	0	0	0	0	0	0	0	55	81	0	0	0	0	0	0	0	0	0	0	0	43	0	43	0	0	0	0	0	0	0	0	0	0	0	0	0	0	0	0	0	0	0	0	0	0	0	0	0	0	0	0	0	0	0	0	0	0	0	0	0	0	0	0	0	0	0	13	0	0	0	0	0	0	0	0	0	0	0	0	0	0	0	0	0	0	0	0	0	0	0	0	0	0	0	0	0	0	0	0	0	0	0	0	0	0	0	0	0	0	0	0	0	0	0	0	0	0	0	0	0	0	0	269	0	0	0	0	0	0	0	0	0	0	0	18	0	0	0	0	0	0	0	0	63	0	0	0	0	0	0	0	0	7	0	0	0	0	0	89	0	0	0	0	0	0	0	0	0	0	0	0	0	0	0	0	0	1282	0	0	0	0	0	0	0	0	0	0	0	23	0	0	0	0	0	0	0	0	0	0	0	0	1333	0	0	0	0	0	0	0	0	0	0	0	0	0	0	0	0	0	0	0	0	384	0	0	0	0	0	0	0	0	0	0	0	0	0	0	0	0	0	0	0	66	0	0	0	0	0	0	0	0	0	0	0	0	0	0	0	0	0	0	0	0	0	0	0	0	0	0	0	0	0	0	0	0	0	0	0	0	0	0	17	0	0	0	0	0	0	0	0	5	0	0	0	0	0	0	0	0	0	0	0	0	9	0	0	0	0	0	0	0	0	548	0	0	0	32070	0	0	0	9	0	0	0	0	0	0	0	0	0	0	0	0	0	0	0	0	0	0	0	0	0	0	0	0	0	0	7	0	0	0	0	0	14254
SRR26973729	76778	1343	0	0	0	706	0	0	361	0	0	0	0	0	0	0	0	0	0	0	0	315	0	0	0	0	0	6732	0	0	0	0	0	0	0	0	0	0	0	0	0	214	0	0	0	0	0	0	1768	0	0	0	0	0	0	0	0	0	0	0	0	0	0	9996	0	0	0	0	0	0	0	0	0	0	0	0	0	0	0	216	2595	0	0	0	0	0	0	0	0	0	0	0	0	0	1401	0	0	0	0	0	0	0	0	0	404	0	0	0	0	0	0	0	0	0	0	0	0	0	0	0	0	0	0	0	0	0	0	0	0	0	0	0	0	0	0	0	0	0	1476	0	0	0	0	0	0	0	0	0	0	0	0	0	0	0	0	0	0	0	0	0	0	0	0	0	0	0	0	0	0	0	0	0	0	0	0	0	0	0	0	0	0	0	0	0	0	0	0	0	0	0	0	0	0	0	0	0	0	0	0	0	0	0	0	0	0	0	6675	0	0	0	0	0	0	0	0	3060	0	0	0	0	0	0	0	0	0	0	0	0	338	0	0	0	0	0	0	0	0	18431	0	0	0	0	0	0	0	0	0	0	167	0	0	0	0	0	0	0	0	0	0	0	254	0	0	0	0	0	0	0	0	0	0	0	0	12985	0	0	0	0	0	0	0	0	0	0	0	0	0	0	0	0	0	0	0	476	0	0	0	0	0	0	0	23	0	0	0	0	0	0	0	0	0	0	0	0	0	0	0	0	0	0	0	0	0	0	0	0	918	0	0	0	0	0	0	0	0	0	0	0	0	0	0	0	0	0	0	0	0	0	308	0	0	0	0	0	0	0	0	0	0	0	0	0	0	0	1509	0	0	0	0	0	0	0	0	0	0	0	0	0	0	0	0	0	0	0	0	0	0	0	0	0	0	0	205	0	0	0	0	0	0	0	0	12	0	0	0	0	0	0	0	0	0	0	0	0	0	0	0	0	0	0	0	0	0	0	0	3890
SRR26973730	51779	0	0	0	0	9	0	0	315	0	0	0	0	0	0	0	0	0	0	0	0	0	0	0	0	0	0	0	0	0	0	0	338	0	0	0	0	0	0	0	0	0	32	0	0	0	0	0	147	0	0	0	0	0	0	0	144	0	0	0	0	0	0	58	0	0	0	11	0	0	0	0	0	0	0	0	0	0	0	0	206	0	0	0	0	0	0	0	0	0	0	0	0	0	21	0	0	0	0	0	0	0	0	0	0	0	0	0	0	0	0	0	0	0	0	0	0	0	0	0	0	0	0	0	0	0	0	0	0	0	0	0	0	0	0	0	0	0	5	0	0	0	0	0	0	0	0	0	0	0	0	0	0	0	0	0	0	0	0	0	0	0	0	0	0	0	0	0	0	0	0	0	0	0	0	0	0	17	22	0	0	0	0	14	0	0	0	0	0	0	0	0	0	0	89	0	0	0	0	0	0	46	0	0	0	0	49	0	0	0	0	0	0	0	0	57	0	0	0	0	0	0	0	0	0	0	0	0	0	0	102	0	0	0	0	0	0	0	0	0	0	0	0	0	0	0	0	0	1721	0	0	0	0	0	0	30	0	0	0	0	70	0	0	0	12	0	0	0	0	0	0	0	0	0	0	0	0	0	0	0	0	0	0	0	0	0	0	0	0	0	0	0	0	0	478	0	0	0	0	0	0	0	0	0	0	0	0	0	0	0	0	0	0	0	43	0	0	0	0	0	0	0	0	0	0	0	442	0	0	0	0	0	0	0	0	0	0	0	0	0	0	0	0	0	0	0	0	0	37	0	0	0	0	0	0	0	0	0	0	0	0	0	0	0	0	0	0	0	0	0	0	0	0	0	0	0	0	0	0	20	0	0	0	0	595	0	0	0	36625	0	0	0	0	0	0	0	0	0	0	0	0	0	0	0	0	0	0	0	0	0	0	0	0	0	0	0	0	0	0	0	0	0	0	0	0	10024
SRR26973731	50246	31	0	0	0	0	0	0	594	0	0	0	0	0	0	0	0	0	0	0	0	27	0	0	0	0	0	0	0	0	0	0	251	0	0	0	0	0	0	0	0	0	0	0	0	0	0	0	88	0	0	0	0	0	0	0	231	0	0	0	0	0	0	70	0	0	0	0	0	0	0	0	0	0	0	0	0	0	0	85	75	0	0	0	23	0	0	0	0	0	0	0	0	13	106	0	0	0	0	0	0	0	9	0	0	0	0	0	0	0	0	0	0	0	0	0	0	0	0	0	0	0	0	0	0	0	0	0	0	0	0	0	0	0	0	0	0	0	20	0	0	0	0	0	0	0	0	0	0	0	0	0	0	0	0	0	0	0	0	0	0	0	0	0	0	0	0	0	0	0	0	0	0	0	0	0	0	0	0	0	0	0	0	0	0	0	0	0	0	0	0	0	0	0	242	0	0	0	0	0	0	0	0	0	0	0	16	0	0	0	0	0	0	0	0	0	0	0	0	0	0	0	0	0	0	0	0	0	0	0	178	0	0	0	0	0	0	0	0	0	0	0	0	0	0	0	0	0	2106	0	0	0	0	0	0	0	0	0	0	0	17	0	0	0	0	0	0	0	0	0	0	0	0	0	0	0	0	0	0	0	0	0	0	0	0	0	0	0	0	0	0	0	0	46	0	9	0	0	0	0	0	19	0	0	0	0	0	0	0	0	0	0	0	0	0	0	0	0	0	15	0	0	43	0	0	0	0	0	0	0	0	0	0	0	0	0	0	0	0	0	0	0	0	0	0	0	0	0	0	0	0	0	0	0	0	0	0	0	0	0	0	0	0	0	0	0	20	0	0	0	0	0	0	0	0	0	0	0	0	0	0	0	0	0	497	0	0	0	35503	0	0	0	0	0	0	0	0	0	0	0	9	0	0	0	0	0	0	0	0	0	0	0	0	0	0	0	0	0	0	0	0	0	0	0	0	9903
SRR26973734	134372	0	0	0	0	0	0	0	1304	0	0	0	0	0	0	0	0	0	0	0	0	38	0	0	0	0	0	0	0	0	0	0	438	0	0	0	0	0	0	0	0	0	0	0	0	0	0	0	623	0	0	0	0	0	0	0	576	0	0	0	0	0	0	191	0	0	0	0	0	0	0	0	0	0	0	0	0	0	0	278	390	0	0	0	0	0	0	0	0	0	0	0	0	0	58	0	0	0	0	0	0	0	0	0	35	0	0	0	0	0	0	0	0	0	0	0	0	0	0	0	0	0	0	0	0	0	0	0	0	0	0	0	0	17	0	0	0	0	58	0	0	0	0	0	0	0	0	0	0	0	0	0	0	0	0	0	0	0	0	0	0	0	0	0	0	0	0	0	25	0	0	0	0	0	0	0	0	0	0	0	0	128	0	0	0	0	0	0	0	0	0	0	0	0	599	0	0	0	0	0	0	0	0	0	0	0	107	0	0	0	0	0	0	0	0	45	0	0	0	0	0	0	0	0	0	0	0	0	249	0	179	0	0	0	0	0	0	0	0	0	0	0	0	0	0	0	0	0	2719	0	0	0	0	0	0	0	0	0	0	0	49	0	0	0	0	0	0	0	0	0	0	0	0	0	0	0	0	0	0	0	0	0	0	0	0	0	0	0	0	0	0	0	0	9352	1407	0	0	0	0	0	0	0	0	0	0	0	0	0	0	0	0	0	0	0	167	0	0	0	0	0	0	0	199	0	0	0	18	0	0	0	0	0	0	0	112	0	0	0	0	0	0	0	0	0	0	0	0	0	0	0	0	0	0	0	0	0	0	0	0	0	0	0	0	35	0	0	0	0	0	0	0	0	0	0	0	8	0	0	0	0	0	0	0	0	1236	0	0	0	89371	42	0	0	0	0	0	0	0	0	0	0	0	0	0	0	0	0	0	0	0	0	24	0	0	0	0	0	0	0	0	0	0	0	0	0	0	24295
SRR26973747	141577	0	0	0	0	0	0	0	1150	0	0	0	0	0	0	0	0	0	0	0	0	0	0	0	0	0	0	0	0	0	0	0	0	0	0	0	0	0	0	0	0	0	0	0	0	0	0	0	315	0	0	0	0	0	0	0	822	0	0	0	0	0	0	51	0	0	0	0	0	0	0	0	0	0	0	0	0	0	0	125	213	0	0	0	0	0	0	0	0	0	0	0	0	0	85	0	0	0	0	0	0	0	0	0	0	0	0	0	0	0	0	0	0	0	0	0	0	0	0	0	0	0	0	0	0	0	0	0	0	0	0	0	0	0	0	0	0	0	19	0	0	0	0	0	0	0	0	0	0	0	0	0	0	0	0	0	0	0	0	0	0	0	0	0	0	0	0	0	0	0	0	0	0	0	0	0	0	0	0	0	0	0	0	9	0	0	0	0	0	0	0	0	0	0	993	0	0	0	0	0	0	0	0	0	0	0	29	0	0	0	0	0	0	0	0	78	0	0	0	0	0	0	0	0	0	0	0	0	0	0	399	0	0	0	0	0	0	0	0	0	0	0	0	24	0	0	0	0	5190	0	53	0	0	0	0	0	0	0	0	0	50	0	0	0	0	0	0	0	0	0	0	0	0	0	0	0	0	0	0	0	0	0	0	0	0	0	0	0	0	0	0	0	0	0	1251	0	0	0	0	0	0	0	0	0	0	0	0	0	0	0	0	0	0	0	0	0	0	0	0	0	0	0	29	0	0	0	0	0	0	0	0	0	40	0	6	0	0	0	0	0	8	0	0	0	0	0	0	0	72	0	0	25	0	0	0	0	0	0	0	0	0	0	0	0	0	0	0	0	0	0	0	0	0	0	0	0	0	0	0	0	0	0	0	0	1307	0	55	0	119443	0	0	0	0	0	0	0	0	0	0	0	0	0	0	0	0	0	0	219	0	0	0	0	6	0	0	0	0	0	0	0	0	0	0	0	0	9511
SRR26973751	74303	0	0	0	0	0	0	0	601	0	0	0	0	0	0	0	0	0	29	0	0	26	0	116	0	0	0	0	0	0	0	0	2783	0	0	0	0	0	0	0	1397	0	0	0	0	238	0	0	208	15	0	0	0	0	0	0	911	0	0	0	0	0	0	279	0	0	0	0	0	0	0	0	0	0	0	0	0	0	0	0	303	0	0	0	0	0	0	0	0	0	0	0	0	0	128	0	0	0	0	0	0	0	0	0	0	0	0	0	0	0	0	0	0	0	0	0	0	0	0	0	0	0	0	0	0	0	0	0	0	0	0	0	0	0	0	0	0	0	261	0	0	0	0	0	0	0	0	0	0	0	0	0	0	0	0	0	0	0	0	0	0	0	0	0	0	0	0	0	0	0	0	0	0	0	0	0	0	79	0	0	0	0	124	0	0	0	274	0	262	0	0	0	0	0	148	0	0	0	67	0	0	0	0	0	0	0	238	0	0	0	0	0	0	0	0	138	0	0	0	0	0	0	0	0	0	0	0	0	0	0	316	0	0	0	0	0	0	0	0	0	0	0	0	0	0	0	0	0	1302	0	0	0	0	0	0	0	0	0	0	0	107	0	0	0	0	0	0	0	0	0	0	0	0	0	0	0	0	0	0	0	0	0	4791	0	0	0	0	0	0	0	0	0	0	112	587	0	0	0	0	0	58	0	0	0	0	0	0	0	0	0	0	0	0	0	0	0	0	0	0	0	0	0	240	0	0	0	25	0	0	0	0	0	0	0	0	0	0	0	0	0	0	0	0	0	0	0	0	0	0	0	0	159	0	0	0	0	0	29	0	0	0	0	0	30	0	0	0	0	0	0	0	0	0	0	0	0	0	0	25	0	0	0	0	0	634	0	0	0	45090	0	0	0	0	0	0	0	0	0	0	0	0	0	0	0	0	0	0	0	0	0	0	0	0	0	0	0	84	0	0	196	0	0	0	0	0	11893
SRR26973755	76474	0	0	0	0	0	0	0	309	0	0	0	0	0	0	0	0	0	0	0	0	0	79	187	0	0	0	0	0	0	0	0	1575	0	0	0	0	0	0	0	0	0	0	0	0	0	0	0	885	0	0	0	0	0	0	0	171	0	0	0	0	0	0	83	0	0	0	0	0	0	0	0	0	0	0	0	0	319	0	130	388	0	0	0	144	0	0	0	0	248	0	0	0	0	73	0	0	0	0	194	0	0	0	0	0	0	0	0	0	0	0	0	0	0	0	0	0	0	0	0	0	0	0	0	0	0	0	0	0	0	0	0	0	0	0	0	0	0	663	0	0	0	0	0	0	0	0	0	0	0	0	0	0	0	0	0	0	0	0	0	0	0	0	0	0	0	0	0	0	0	0	0	0	0	0	0	0	0	0	0	0	0	0	0	0	0	0	0	0	0	0	0	0	0	408	210	0	0	0	0	0	0	556	0	0	0	304	0	0	0	0	0	0	0	0	5368	0	0	0	0	0	0	0	0	0	41	0	0	0	0	1097	0	0	0	0	0	0	0	0	0	0	0	0	0	0	0	0	0	2004	0	0	0	0	0	0	0	0	0	0	0	0	0	0	0	0	0	0	0	0	0	0	0	0	0	0	0	0	0	0	0	0	0	0	0	0	0	0	327	0	0	0	0	0	36	0	0	0	0	0	0	0	0	0	0	0	0	0	0	0	0	0	0	0	0	0	0	0	0	0	0	0	0	165	0	0	0	0	0	0	0	0	0	0	0	0	0	0	0	0	0	0	0	0	0	0	0	0	0	0	0	0	0	0	0	0	0	0	0	0	0	0	56	0	147	0	0	0	0	0	0	0	0	0	0	0	0	0	0	0	0	0	0	0	0	173	0	0	0	50105	0	0	0	0	0	0	0	0	0	0	0	0	0	0	0	0	0	0	0	0	0	0	0	0	0	0	0	0	0	0	0	0	0	0	0	0	10029
SRR26973756	69429	0	0	0	0	0	0	0	225	0	0	0	0	0	0	0	0	0	0	0	0	88	0	0	120	0	0	0	0	0	0	0	1276	0	0	0	0	0	0	0	0	0	0	0	0	0	0	0	650	0	0	0	0	0	0	0	383	0	0	0	0	0	0	151	0	0	0	0	0	0	0	0	0	0	0	0	0	105	0	282	401	0	0	0	0	0	0	0	0	0	0	0	0	0	61	0	0	0	0	0	0	58	0	0	0	0	0	0	0	0	0	0	0	0	0	0	54	0	0	0	0	0	0	0	0	9	0	0	0	0	0	0	0	0	0	0	0	0	316	0	0	0	0	0	0	0	0	0	0	0	0	0	0	0	0	0	0	0	0	0	0	0	0	0	0	0	0	0	0	0	0	325	0	0	0	0	0	0	0	0	0	0	0	0	0	0	0	0	0	0	0	0	0	0	0	0	0	0	0	0	0	0	0	0	0	0	79	0	0	0	0	0	0	0	0	104	0	0	0	0	0	0	0	0	0	0	0	0	0	0	326	0	0	0	0	0	0	0	0	0	0	0	0	0	0	0	0	0	2726	0	0	107	0	0	0	0	0	0	0	0	159	0	0	0	0	0	0	0	0	0	0	0	0	0	0	0	0	0	0	0	0	0	264	0	0	0	0	0	0	0	0	0	0	0	0	0	0	0	0	0	271	0	0	0	0	0	0	0	0	0	0	0	0	0	0	0	0	0	0	0	0	0	376	0	0	0	42	0	0	0	0	0	0	0	0	0	0	0	0	0	0	0	0	0	0	0	0	0	0	0	0	301	0	0	0	0	0	46	0	0	0	0	0	0	0	0	0	0	0	0	0	0	0	0	0	0	0	0	0	0	0	0	0	0	382	0	0	0	39415	0	0	0	0	0	0	0	0	0	0	0	0	0	0	0	0	0	0	0	0	0	0	0	0	0	0	0	0	0	0	45	0	0	0	0	0	20282
SRR26973758	60255	0	0	0	0	19	0	0	396	0	0	0	0	0	0	0	0	0	0	0	0	82	0	0	64	0	157	0	0	0	0	0	959	0	124	0	0	0	0	49	0	0	0	0	0	0	0	0	113	0	0	0	0	0	0	0	200	0	0	0	0	0	0	130	0	0	0	0	0	0	0	0	0	0	0	0	0	0	0	117	157	0	0	0	0	0	0	0	0	0	0	0	0	105	427	0	0	0	0	0	0	0	0	0	0	0	0	0	68	0	0	0	0	0	0	0	0	0	0	0	0	0	0	0	0	2423	0	0	0	0	0	0	0	0	0	0	0	0	217	0	0	0	0	0	0	0	0	0	0	0	0	0	0	0	0	0	0	0	0	0	0	0	0	0	0	0	0	0	0	0	0	0	0	0	0	0	0	0	0	0	0	0	0	78	0	0	0	0	0	0	0	0	32	0	24	0	0	0	0	0	0	0	0	0	0	0	492	1	0	0	0	0	0	0	0	0	0	0	0	0	0	0	0	2	0	0	0	0	9	0	313	0	0	0	0	0	0	0	0	0	0	0	0	0	0	0	0	0	1656	0	0	0	0	0	0	0	0	0	0	0	208	0	955	0	0	0	0	0	0	0	0	0	0	0	0	0	0	0	0	0	0	0	0	0	0	0	0	0	0	0	0	0	0	35	0	0	0	0	0	0	0	0	0	0	0	0	0	0	0	0	0	0	0	0	0	0	0	0	0	0	0	0	120	0	0	0	0	0	0	0	0	0	0	0	0	0	0	0	0	0	0	0	0	0	0	0	0	0	3755	0	0	75	0	99	0	0	0	0	0	0	0	0	0	60	0	0	0	0	0	0	0	0	0	0	0	0	44	0	57	0	0	0	0	0	360	0	0	0	36930	0	0	0	0	0	0	0	0	0	0	0	76	0	0	0	0	0	0	0	0	0	0	0	0	0	0	0	0	0	0	0	0	0	0	0	0	9067
SRR26973761	54805	0	0	0	0	52	0	0	62	0	0	0	0	28	0	0	0	0	0	0	0	91	0	0	257	0	0	205	0	0	0	0	441	0	0	0	0	0	0	0	0	0	0	0	0	0	0	0	1034	0	0	0	0	0	0	0	156	0	0	0	0	0	0	995	0	0	0	0	0	0	0	0	0	0	0	0	0	0	0	0	190	0	0	0	0	0	0	0	0	0	122	0	0	108	588	0	0	0	0	0	0	0	0	0	0	0	0	0	0	0	0	0	0	0	0	0	46	0	0	0	0	0	0	0	0	62	0	125	0	0	0	0	0	98	0	0	0	0	78	0	0	0	0	0	0	0	0	0	0	1160	0	0	0	0	0	0	0	0	0	0	0	0	0	0	0	0	0	0	0	124	0	0	0	0	40	0	0	0	0	0	0	40	42	0	0	0	24	0	0	0	0	0	0	0	112	0	0	139	0	0	19	0	73	0	0	0	383	0	0	0	58	0	0	0	0	111	0	47	0	0	0	0	0	0	0	0	0	0	0	16	50	0	0	0	0	0	0	0	0	0	0	0	0	0	0	0	0	0	1275	0	43	0	0	34	0	0	0	0	0	0	279	0	0	0	0	0	0	0	0	0	0	0	0	0	0	0	0	0	0	0	0	0	7071	0	0	0	0	0	0	0	0	0	0	0	0	0	0	0	0	0	0	0	0	0	0	0	0	0	0	0	0	0	0	0	0	0	0	0	0	0	0	0	78	0	0	0	128	30	0	0	0	0	0	0	0	0	0	0	0	0	0	0	0	0	0	0	0	0	406	0	0	0	57	518	0	0	0	0	0	0	0	0	0	76	0	0	0	225	0	0	16	0	12	0	0	0	0	0	47	45	172	0	0	0	16	0	0	0	28588	0	0	0	347	0	0	0	0	0	0	0	0	0	0	0	0	0	0	0	0	0	174	0	0	0	0	0	0	0	0	118	0	0	0	12	0	7862
SRR26973766	102896	0	0	0	0	0	0	0	811	0	0	0	0	0	0	0	0	0	0	0	0	0	0	56	0	0	0	0	0	0	0	0	321	0	0	0	0	0	0	0	96	0	0	0	0	0	0	0	288	0	0	0	0	0	0	0	681	0	0	0	0	0	2	25	0	0	0	0	0	0	0	0	0	0	0	0	0	0	0	143	203	0	0	0	0	0	0	0	0	0	0	0	0	0	41	0	0	0	0	0	0	0	0	0	0	0	0	0	0	0	0	0	0	0	0	0	0	4	14	0	0	0	0	0	0	0	0	0	0	0	0	0	0	0	0	0	0	0	179	0	0	0	0	0	0	0	0	0	0	0	0	0	0	0	0	0	0	0	0	0	0	0	0	0	0	0	0	0	0	0	0	0	0	0	0	0	0	31	0	0	0	0	0	0	0	0	31	0	0	0	0	0	0	0	719	0	0	0	0	0	0	0	0	0	0	0	101	28	0	0	0	0	0	0	0	178	0	0	0	0	0	0	0	0	0	0	0	0	0	0	216	0	0	0	0	0	0	0	0	0	0	0	0	0	0	0	0	0	1990	0	0	0	0	0	0	0	0	0	0	0	258	0	0	0	0	0	0	0	0	0	0	0	0	0	0	0	0	0	0	0	0	0	0	0	0	0	0	0	0	0	0	0	0	86	1076	0	0	0	0	0	0	0	0	0	0	0	0	0	0	0	0	0	0	0	50	0	0	0	0	0	0	0	83	0	0	0	0	0	0	0	0	0	0	0	0	0	0	0	0	0	0	0	0	0	0	0	0	0	0	0	0	0	0	0	0	0	0	0	0	0	0	0	0	0	0	78	0	0	0	0	0	0	0	0	0	0	0	0	0	0	0	0	0	0	2052	0	0	0	73646	0	0	0	0	0	0	0	0	0	0	0	249	0	0	0	0	0	0	57	0	0	0	0	0	0	0	0	0	0	0	0	0	0	0	0	0	19103
SRR26973774	69253	0	0	0	0	0	0	0	757	0	0	0	0	0	0	0	0	0	0	0	0	77	0	0	0	0	0	0	0	0	0	0	218	0	0	0	0	0	0	0	0	0	0	0	0	0	0	0	83	0	0	0	0	0	0	0	541	0	0	0	0	0	0	232	0	0	0	0	0	0	0	0	0	0	0	0	0	0	0	80	298	27	0	0	0	0	0	0	0	0	0	0	0	0	78	0	0	0	0	0	0	0	0	0	0	0	0	0	0	0	0	0	0	0	0	0	0	0	0	0	0	0	0	0	0	0	0	0	0	0	0	0	0	0	0	0	0	0	74	0	0	0	0	0	0	0	0	0	0	0	0	0	0	0	0	0	0	0	0	0	0	0	0	0	0	0	0	0	23	0	0	0	0	0	0	0	0	0	0	0	0	0	0	0	0	0	0	0	0	0	0	0	0	0	359	0	0	0	0	0	0	0	0	14	0	0	68	0	0	0	0	0	0	0	0	320	0	0	0	0	0	0	0	0	0	0	0	0	0	0	170	0	0	0	0	0	0	0	0	0	0	0	0	0	0	45	0	0	1543	0	0	0	0	0	0	0	0	0	0	0	151	0	0	54	0	0	0	0	0	0	0	0	0	0	0	0	0	0	0	0	0	0	0	0	0	0	0	0	0	0	0	0	0	34	704	0	0	0	0	0	0	0	0	0	0	0	0	0	0	0	0	0	0	0	229	0	0	0	0	0	0	0	0	0	0	0	308	0	0	0	0	0	0	0	0	0	0	0	0	0	0	0	0	0	0	0	0	0	27	0	0	48	0	0	0	0	0	32	0	0	0	0	0	0	0	0	0	0	0	0	0	0	0	0	0	0	0	0	0	0	0	0	0	0	1661	0	0	0	46039	0	0	0	0	0	0	0	0	0	0	0	0	0	0	0	0	0	0	0	0	0	0	0	0	0	0	0	0	0	0	0	0	0	0	0	0	14959
SRR26973775	79308	0	0	0	0	42	0	0	1123	0	0	0	0	0	0	0	0	0	0	0	0	35	0	85	0	0	0	0	0	0	0	0	232	0	4	0	0	0	0	0	27	70	0	0	0	0	0	0	112	0	0	0	0	0	0	0	621	0	0	0	0	0	0	2011	0	0	0	0	0	0	0	0	0	0	0	0	0	0	0	0	113	0	0	0	0	0	0	0	0	0	0	0	101	0	78	0	0	0	0	0	0	0	0	0	0	0	0	0	0	0	0	52	0	0	0	0	0	0	0	0	0	0	0	0	0	0	0	0	0	0	0	0	0	0	0	0	0	0	0	0	0	0	0	0	0	0	0	0	0	0	0	0	0	0	0	0	0	0	0	0	0	0	0	0	0	0	0	0	0	0	0	0	0	0	0	0	0	0	0	0	0	0	0	0	0	0	27	0	0	0	0	0	0	0	307	0	0	0	0	0	0	0	0	0	0	0	86	0	0	0	0	0	0	0	0	106	0	0	0	0	0	0	0	0	75	0	0	0	0	0	157	0	0	0	0	0	0	0	0	0	0	0	0	0	0	0	0	0	1670	0	0	0	0	0	0	0	0	0	0	0	38	0	0	0	0	0	0	0	0	0	0	0	0	0	0	0	0	0	0	0	0	0	0	0	0	0	0	0	0	0	0	0	0	113	861	0	0	0	0	0	0	0	0	0	0	0	0	0	0	0	0	0	0	0	5	0	0	0	0	0	0	0	51	0	0	0	192	0	0	0	0	0	0	0	0	0	0	0	0	0	0	0	0	0	0	0	0	0	0	0	0	0	0	0	0	0	0	0	0	0	0	0	0	0	40	0	0	0	0	0	0	0	0	0	0	0	0	0	0	31	0	0	0	0	1311	0	0	0	56175	0	0	0	0	0	0	0	0	0	0	0	0	0	0	0	0	0	0	0	0	0	0	0	0	0	0	0	0	0	0	0	0	0	0	0	0	13357
SRR26973782	158112	0	0	0	0	0	0	0	2452	0	0	0	0	0	0	67	0	0	0	0	0	0	0	0	0	0	0	0	0	0	0	0	87	0	0	0	0	0	0	0	0	0	0	0	0	0	0	0	65	0	10	0	0	0	0	0	3209	0	0	0	0	0	0	0	0	0	0	0	0	0	0	0	0	0	0	0	0	0	0	389	20	0	0	0	30	0	0	0	0	0	0	0	0	0	31	0	0	0	0	0	0	0	0	0	0	0	111	0	0	0	0	0	0	0	0	0	0	0	0	0	0	0	0	0	0	5	0	0	0	6	0	0	0	3	0	0	0	0	1335	0	0	0	0	0	0	0	0	0	0	0	0	0	0	0	0	0	0	0	7	0	0	0	0	0	0	0	0	0	0	0	8	0	0	0	0	0	0	19	0	0	0	0	0	0	0	0	0	0	0	0	0	0	0	0	2321	0	0	0	0	0	0	0	0	0	0	0	247	0	0	0	0	0	0	0	0	0	0	0	0	0	0	0	0	0	0	0	0	0	0	0	1835	0	0	0	0	0	0	0	0	0	3	0	0	0	0	0	0	0	3207	0	28	0	0	0	0	0	0	0	0	0	774	0	0	0	0	0	0	0	0	0	0	0	0	0	0	0	0	0	0	0	0	0	0	0	0	0	0	0	0	0	0	0	0	0	2520	0	0	0	0	0	0	0	0	0	0	0	0	0	0	0	0	0	0	0	0	0	0	0	0	0	0	0	29	0	0	0	0	0	0	0	0	0	0	6	0	0	0	0	0	0	0	0	0	0	0	0	0	0	0	0	0	25	0	0	0	0	0	0	0	0	0	0	0	0	0	14	0	0	0	0	0	0	0	0	0	0	0	0	0	0	0	0	0	0	5268	0	0	0	129306	0	0	0	0	0	0	0	0	0	0	0	0	0	0	0	0	0	0	11	0	0	0	0	0	0	0	0	0	0	0	7	0	0	0	0	0	4657
SRR26973783	119005	0	0	0	4	0	0	0	530	0	0	0	0	0	0	0	0	0	0	0	0	19	0	28	0	0	0	0	0	0	0	0	26	0	0	0	0	0	0	0	0	0	0	0	0	0	0	0	161	0	0	0	0	0	0	0	869	0	0	0	0	0	0	36	0	0	0	0	0	0	0	0	0	0	0	0	0	0	0	115	46	31	0	0	0	0	0	0	0	0	0	0	0	0	0	0	0	0	0	0	0	0	0	0	0	0	141	0	0	0	0	0	0	0	0	0	0	0	0	0	0	0	0	0	0	0	0	0	0	0	0	0	0	0	0	0	0	0	2745	0	0	0	0	0	0	0	0	0	0	0	0	0	0	0	0	0	0	0	0	0	0	0	0	0	0	0	0	0	0	0	0	0	0	0	0	0	0	0	0	0	0	0	0	0	0	0	0	0	0	0	0	0	0	0	769	0	0	0	0	0	0	0	0	0	0	0	34	0	0	0	0	0	0	0	0	74	0	0	0	0	0	0	0	0	0	0	0	0	0	0	491	0	0	0	0	0	0	0	0	0	0	0	0	0	0	0	0	0	1666	0	0	0	0	0	0	0	0	0	0	0	50	0	0	0	0	0	0	0	0	0	0	0	0	0	0	0	0	0	0	0	0	0	154	0	0	0	0	0	0	0	0	0	0	35	1299	21	0	0	0	0	0	0	0	0	0	0	0	0	0	0	0	0	0	0	0	0	0	0	0	0	0	0	2739	0	0	0	0	0	0	0	0	0	0	0	0	0	0	0	0	0	0	0	0	0	0	0	0	0	0	0	0	37	0	12	0	0	0	36	0	0	0	0	0	0	0	0	0	0	0	0	0	0	0	0	0	0	0	0	0	0	0	0	0	0	850	0	0	0	93470	0	0	0	12	0	0	0	0	0	0	0	42	0	0	0	0	0	0	0	0	0	0	0	0	0	0	0	0	0	0	0	0	0	0	0	0	12463
SRR26973785	57973	0	0	0	0	91	0	0	226	0	0	0	0	0	0	45	0	0	0	0	0	14	0	23	65	0	0	0	0	0	0	0	110	0	0	0	0	0	0	0	0	0	41	0	0	0	0	0	14248	0	0	0	0	0	0	0	246	0	0	0	20	163	0	2257	0	13	0	0	0	0	0	0	0	0	0	35	0	0	0	241	18	0	0	0	328	0	0	24	0	0	26	0	0	0	0	0	0	0	0	0	0	0	6	0	0	0	318	0	0	0	0	0	16	6	0	0	0	0	107	0	0	0	0	0	0	20	0	0	0	0	0	0	0	10	13	0	38	0	3380	0	0	0	0	0	0	0	8	0	0	0	0	0	0	0	0	26	0	0	0	0	13	0	0	0	0	0	11	0	0	0	31	0	0	0	0	0	0	13	18	0	0	0	14	0	0	0	33	0	0	0	163	0	0	0	79	0	0	0	0	0	0	0	0	0	18	0	4388	0	0	0	0	0	0	0	0	8	0	0	0	0	0	0	6	0	0	0	0	0	2538	0	100	167	0	15	18	0	0	0	0	0	3	23	0	0	0	0	0	0	852	0	0	0	0	0	0	12	6	0	0	0	90	0	45	0	0	0	0	0	0	0	0	0	0	0	0	0	0	0	0	0	0	0	9	0	0	0	0	0	0	0	0	0	0	7	0	0	0	0	14	0	0	0	14	0	0	0	0	0	0	0	0	0	0	0	0	0	7	53	0	0	0	0	122	0	0	0	0	0	287	0	0	0	0	0	0	0	0	0	0	0	0	0	0	0	0	0	0	0	25	0	0	95	0	0	0	0	0	28	0	0	0	0	0	152	0	0	0	0	0	0	0	0	0	19	0	0	0	0	0	0	0	0	0	0	94	0	0	0	16885	0	11	0	209	21	0	0	0	0	0	0	8	0	0	0	0	0	0	82	0	0	0	0	0	0	0	0	0	0	0	0	0	0	0	0	0	8985
SRR26973786	68810	0	0	0	0	0	0	0	218	0	0	0	0	0	0	0	0	0	0	0	0	28	0	0	0	0	0	0	0	0	0	0	136	0	0	0	0	0	0	0	0	0	0	0	0	0	0	0	90	0	0	0	0	0	0	0	488	0	0	0	0	0	0	9	0	0	0	0	0	0	0	0	0	0	0	0	0	0	0	51	48	0	0	0	0	0	0	0	0	0	0	0	0	0	41	0	0	0	0	0	0	0	0	56	0	0	796	0	0	0	0	0	0	0	0	0	0	0	0	0	0	0	0	0	0	0	0	0	0	0	0	0	0	0	0	0	0	0	9848	0	0	0	0	0	0	0	0	0	0	0	0	0	0	0	0	0	0	0	0	0	0	0	0	0	0	0	0	0	0	0	0	0	0	0	0	0	0	0	0	0	0	0	0	0	0	0	0	0	0	0	0	0	0	0	273	0	0	0	0	0	0	0	0	0	0	0	0	0	0	0	0	0	0	0	0	51	0	0	0	0	0	0	0	0	0	0	0	0	0	0	190	22	0	0	0	0	0	0	0	0	0	0	0	0	0	0	0	0	1999	0	0	0	0	0	0	0	0	0	0	0	223	0	0	0	0	0	0	0	0	0	0	0	0	0	0	0	0	0	0	0	0	0	0	0	0	0	0	0	0	0	0	0	0	121	338	0	0	0	0	0	0	0	0	0	0	0	0	0	0	0	0	0	0	0	0	0	0	0	0	0	0	0	459	0	0	0	0	0	0	0	0	0	0	0	0	0	0	0	0	0	0	0	0	0	0	0	0	0	0	0	0	166	0	0	0	0	0	0	0	0	0	0	0	0	0	0	0	0	0	0	0	0	0	0	0	0	0	0	0	0	0	0	0	0	351	0	0	0	41877	0	0	0	56	0	0	0	0	0	0	0	0	0	0	0	0	0	0	0	0	0	0	0	0	0	0	0	0	0	0	0	0	0	0	0	0	10875
SRR26973695	249491	0	0	0	855	559	0	0	1874	0	766	0	0	0	0	0	0	0	0	0	0	688	0	0	0	0	0	0	0	0	0	0	1942	0	0	0	72	0	0	40	0	0	0	0	0	0	0	0	1084	0	0	0	0	0	0	0	841	0	0	0	0	0	0	1104	0	0	0	0	0	0	0	7	0	0	0	0	0	0	0	1753	2954	0	0	0	0	168	0	0	0	0	0	0	8	3937	1453	0	0	0	0	0	0	0	0	0	0	0	0	0	0	0	0	0	0	0	0	0	0	0	0	0	0	0	0	0	0	516	0	0	0	2462	0	0	0	0	0	0	0	0	30	0	0	0	0	0	0	0	0	0	0	0	0	0	0	0	0	0	0	0	0	0	0	0	0	0	0	0	7801	0	0	0	65	96	0	0	190	0	0	0	0	0	0	0	0	0	0	0	0	0	0	0	0	0	0	0	453	0	0	0	0	0	0	0	0	0	0	0	1196	0	0	0	0	0	0	0	0	0	0	0	0	0	0	0	0	0	0	0	0	0	0	0	989	0	0	0	0	323	0	0	0	28	0	0	0	0	0	0	0	0	5597	0	0	0	47	0	0	0	0	0	0	0	847	0	0	0	0	0	0	0	0	0	0	0	0	0	0	0	0	0	0	0	0	0	0	0	0	0	174	253	0	0	0	0	0	0	1147	0	0	0	0	0	0	0	0	0	0	0	0	0	0	0	0	0	141	0	0	0	0	122	0	0	0	0	355	0	0	0	100	0	0	0	0	0	0	0	0	0	0	0	0	0	0	0	0	0	0	0	0	0	12457	0	0	0	0	0	0	0	0	0	0	0	134	0	0	0	0	0	0	0	111	0	0	0	0	0	0	0	0	0	0	0	0	0	0	0	1874	0	0	0	150806	0	0	0	0	0	0	0	0	0	0	0	0	0	0	0	0	0	0	311	0	0	0	0	0	0	0	0	0	0	0	327	0	0	0	0	0	40434
SRR26973696	74102	584	0	0	0	0	0	0	586	0	0	0	0	0	0	0	0	0	246	0	0	0	0	0	0	0	0	0	0	0	0	0	1577	0	0	0	0	0	101	0	0	0	0	0	0	0	0	0	290	0	0	0	0	0	0	0	379	0	0	0	0	0	0	287	0	0	0	0	0	0	0	0	0	0	0	0	0	0	0	147	353	0	0	0	0	0	0	0	0	0	0	0	0	0	524	0	0	0	0	0	0	0	0	0	0	0	0	0	0	0	0	0	0	0	0	0	0	0	0	0	0	0	0	0	0	0	0	0	0	0	0	0	0	0	0	0	0	0	274	0	0	0	0	0	0	0	0	0	0	0	0	0	0	0	0	0	0	0	0	0	0	0	0	0	0	0	0	0	0	0	0	0	0	0	0	0	0	0	0	0	0	0	0	119	0	0	0	0	0	0	0	0	0	0	1290	0	0	0	0	0	0	0	0	0	0	0	198	0	0	0	0	0	0	0	0	0	0	0	0	0	0	0	0	0	0	0	0	0	0	0	1197	0	0	0	0	0	0	0	0	0	0	0	0	0	0	0	0	0	2309	0	0	0	0	0	0	0	0	0	0	0	214	0	0	0	0	0	0	0	0	0	0	0	0	0	0	0	0	0	0	0	0	0	0	0	0	0	0	0	0	0	0	0	0	0	0	0	0	0	0	0	433	0	0	0	0	0	0	0	0	0	0	0	0	86	0	0	0	0	0	0	0	0	99	180	0	0	0	0	0	0	0	0	0	0	0	0	0	0	0	0	0	0	0	0	0	0	0	0	0	0	0	0	0	0	0	0	0	0	0	0	0	0	0	0	0	0	0	0	0	0	0	0	0	0	0	0	0	0	0	0	0	0	0	0	723	0	0	0	48066	0	0	0	0	0	0	0	0	0	0	0	0	0	0	0	0	0	0	0	0	0	0	0	0	0	0	0	0	0	0	52	0	0	0	0	0	13788
SRR26973698	67330	0	0	0	0	90	0	0	839	0	0	0	0	0	0	0	0	0	0	0	0	0	0	138	0	0	0	0	0	0	0	0	165	0	43	0	0	0	0	0	0	0	0	0	0	0	0	0	128	0	0	0	0	0	0	0	208	0	0	0	0	0	0	3297	0	0	0	0	0	0	0	0	0	0	0	0	0	0	0	0	884	0	0	0	0	0	0	0	0	0	0	0	0	16	436	0	0	0	0	0	0	0	0	0	0	0	0	0	0	0	0	0	0	0	0	0	0	0	0	0	12	0	0	0	0	0	0	0	0	115	0	0	0	0	0	0	0	0	477	0	0	0	0	0	0	0	0	0	0	0	0	0	0	0	0	0	48	0	0	0	0	0	0	0	0	0	0	0	0	0	27	288	0	0	27	0	0	0	0	0	0	0	0	0	0	0	0	0	0	0	0	0	0	0	226	0	0	0	0	0	0	0	0	0	0	0	102	0	0	0	0	0	0	0	0	133	0	0	0	0	0	0	0	0	0	0	0	0	0	0	168	0	0	0	0	0	0	0	0	0	0	0	0	0	0	0	0	0	2009	0	0	0	0	0	0	0	0	0	0	0	83	0	0	0	0	0	0	0	0	0	0	0	0	0	0	0	0	0	0	0	0	0	0	0	0	0	0	0	0	0	0	0	0	0	0	25	0	0	0	0	0	0	0	0	0	0	0	0	0	0	0	0	0	0	0	0	0	0	0	0	0	0	315	0	0	0	738	0	0	0	0	0	0	0	0	0	0	0	0	0	0	0	0	0	0	56	0	0	0	0	0	0	0	0	0	0	0	0	0	0	0	0	0	38	0	0	0	0	0	55	0	0	0	0	0	0	0	0	0	0	0	0	0	0	981	0	0	0	42850	0	0	0	0	0	0	0	0	0	0	0	0	0	0	0	0	0	0	28	0	0	0	0	0	0	0	0	0	0	0	61	0	0	0	0	0	12224
SRR26973701	68275	0	0	0	0	35	0	0	390	0	0	0	0	0	0	0	0	0	0	0	0	9	0	177	0	0	16	0	0	0	0	0	1721	0	0	0	0	0	0	0	0	0	28	0	0	0	0	0	209	0	0	0	0	0	0	0	289	0	0	0	0	0	0	242	0	0	0	0	0	0	0	0	0	0	0	0	0	0	0	98	97	0	0	0	85	0	0	0	0	0	0	0	0	0	0	0	0	0	0	0	0	21	0	0	0	0	698	0	0	0	0	0	0	0	1	0	0	0	0	0	0	0	0	0	0	0	0	0	0	0	0	0	0	0	0	0	0	0	9653	0	0	14	0	0	0	0	0	0	0	0	0	0	0	0	0	0	0	0	0	0	0	0	0	0	0	0	0	0	0	0	0	0	0	0	0	0	0	9	0	0	0	0	0	0	0	0	0	0	0	0	0	0	0	0	125	0	0	0	0	0	0	0	0	0	0	0	79	0	0	0	0	0	0	0	27	79	0	0	0	0	0	0	0	0	0	0	0	0	109	0	76	0	0	0	0	0	0	0	0	0	0	0	0	0	0	0	0	0	1475	0	0	0	0	0	0	0	0	0	0	0	123	0	0	0	0	0	0	0	0	0	0	0	0	0	0	0	0	0	0	0	0	0	21	0	0	0	0	0	0	0	0	0	0	117	1	0	0	0	0	0	0	0	0	0	0	0	0	0	0	46	0	0	0	0	0	0	0	0	0	0	0	0	65	0	0	0	208	0	0	0	0	0	0	0	0	0	0	0	0	0	0	0	0	0	0	0	0	0	0	0	0	13	0	0	0	37	0	19	0	0	0	0	0	57	0	0	0	0	0	0	0	0	0	0	0	0	0	0	0	0	0	0	0	0	486	0	0	0	33557	0	0	0	0	0	0	0	0	0	0	0	30	0	0	0	0	0	0	0	0	0	12	0	0	75	0	0	0	0	0	25	0	0	0	0	0	17621
SRR26973702	147571	0	0	0	0	93	0	0	0	0	0	0	0	0	0	0	0	0	0	0	199	2448	0	0	0	0	0	0	0	0	0	0	0	0	0	0	0	0	0	0	0	0	0	0	0	0	0	0	6062	0	0	0	0	0	0	319	0	710	0	0	0	0	0	54621	0	0	0	0	0	0	0	0	0	0	83	0	0	0	0	941	7061	0	0	0	707	0	0	0	0	0	369	0	0	0	5251	0	0	0	0	0	0	0	0	0	2331	0	0	0	0	0	0	0	0	407	0	0	0	0	0	0	0	199	0	0	3207	0	0	0	0	0	0	0	0	0	0	0	0	0	1095	0	0	0	0	0	0	0	0	0	0	0	217	0	0	0	0	0	0	0	0	0	0	0	0	0	0	0	0	0	0	0	0	0	0	0	0	0	0	0	0	276	0	0	0	866	0	0	93	0	0	0	0	0	0	0	0	0	0	0	0	0	0	0	0	0	0	0	34596	0	0	0	0	0	0	0	0	8069	0	0	0	0	0	0	0	0	0	0	0	0	839	0	0	0	0	0	0	0	0	0	0	0	0	0	0	0	0	0	0	0	0	0	14	0	0	0	0	0	0	0	0	0	1402	0	0	0	0	0	0	0	0	0	0	0	0	0	0	0	0	0	0	0	0	0	1906	0	0	728	0	0	0	0	0	0	0	3565	0	0	0	0	0	0	0	0	0	0	0	0	0	0	0	0	0	0	0	0	0	0	0	0	0	0	0	0	469	0	0	0	1313	0	0	0	0	0	0	0	645	0	0	0	0	0	0	0	0	0	0	0	0	0	983	0	0	0	0	0	0	0	0	0	0	0	0	0	0	0	0	0	0	0	0	0	0	0	0	0	0	0	0	0	0	0	0	0	0	0	0	0	0	0	0	0	0	0	1360	0	0	0	0	0	0	0	1427	0	0	0	0	0	0	0	0	0	0	0	0	0	0	0	446	0	0	0	0	0	713	0	0	1541
SRR26973703	68763	0	0	0	0	10	0	0	337	13	0	0	0	0	0	14	0	0	0	0	0	92	0	21	0	0	0	0	0	0	0	0	2	0	0	0	0	0	0	0	0	0	0	0	0	0	0	0	52	0	0	0	0	0	0	0	38	0	0	0	0	0	4019	4441	0	0	0	0	0	0	0	0	0	0	0	0	0	0	0	0	12	0	0	0	17	0	0	0	0	23	76	0	0	0	30	0	0	206	0	0	0	0	0	11	0	0	562	0	0	0	0	0	0	0	0	0	0	0	0	0	0	0	0	0	0	22	0	0	0	0	0	0	0	0	0	0	0	0	7030	0	0	0	0	0	0	0	0	0	0	12	0	0	0	0	0	0	0	25769	0	0	0	0	0	0	0	0	0	0	0	0	0	0	0	0	0	0	0	0	0	0	390	4	0	0	0	0	9	0	0	0	0	0	0	0	106	0	0	0	0	0	0	0	0	0	0	0	69	0	0	0	0	0	0	0	0	0	0	0	0	0	0	0	0	0	0	0	0	0	21	0	15	21	0	0	0	0	131	0	0	0	0	0	0	0	0	0	0	0	582	0	0	0	0	0	0	0	0	0	0	0	69	0	0	0	0	0	0	10	0	0	0	0	0	0	0	0	0	0	0	0	0	0	29	0	0	0	0	0	0	0	0	0	0	0	98	0	0	0	0	0	0	0	0	0	0	0	0	0	0	0	0	0	0	0	0	0	0	0	0	0	0	0	43	0	0	0	24	0	0	0	0	0	0	0	0	0	0	0	0	0	0	0	0	0	0	0	0	0	0	0	0	0	0	0	0	0	0	0	0	0	0	0	0	0	0	0	0	0	0	0	0	0	0	0	0	0	0	0	0	0	0	0	0	0	140	0	0	0	16440	0	0	0	0	0	0	0	0	0	0	0	0	0	0	0	0	0	8	0	0	0	0	0	0	0	0	0	0	0	0	35	0	0	0	0	0	7710
SRR26973705	53578	21	0	0	0	82	0	0	451	0	0	0	0	0	0	64	0	0	0	0	0	39	0	18	66	0	0	0	0	0	0	0	304	0	0	0	0	0	0	0	65	8	0	24	0	0	0	0	180	0	0	0	0	0	0	0	70	0	0	0	0	49	0	99	0	0	0	0	0	0	0	0	0	0	0	0	0	0	0	262	20	0	0	23	162	61	0	0	0	0	0	0	0	0	46	0	0	0	0	0	0	0	0	0	0	0	256	0	0	0	0	0	0	0	0	0	0	0	0	0	0	0	0	0	0	20	0	0	0	0	0	0	0	0	0	0	0	0	1853	0	0	0	0	0	0	0	0	0	0	0	0	0	0	0	0	0	0	0	0	0	0	0	0	0	0	0	0	0	0	0	0	0	0	0	0	0	0	0	13	0	0	0	0	0	0	0	0	0	0	0	0	0	0	0	89	0	0	0	0	0	0	0	0	0	0	0	13878	0	0	0	0	0	0	0	0	52	0	0	0	0	0	0	0	0	10	0	0	0	0	0	62	44	0	0	0	0	0	0	0	0	0	15	0	0	0	0	0	0	998	0	0	0	0	0	0	0	0	0	22	0	50	0	0	0	0	0	0	0	0	0	0	0	0	0	0	0	0	0	0	0	0	0	34	0	0	0	0	24	0	0	0	0	0	434	206	0	0	0	0	0	0	0	0	0	0	0	0	0	0	0	0	0	0	0	0	0	0	0	0	0	0	0	392	0	0	0	365	0	0	0	0	0	0	0	0	0	0	0	0	0	0	0	0	0	0	0	0	0	872	0	0	30	0	0	0	0	12	0	0	0	0	0	0	0	0	0	0	0	0	0	0	0	0	0	0	0	0	0	0	0	33	0	0	0	36	0	0	0	20486	0	0	0	625	0	0	0	0	0	0	0	0	0	0	0	0	0	0	0	0	56	0	0	0	1245	0	0	9	0	0	17	22	0	0	0	0	9204
SRR26973706	36073	0	0	0	0	0	0	0	239	0	0	0	0	0	0	55	19	0	0	0	0	0	0	0	0	0	0	0	0	0	0	0	237	0	0	0	0	0	0	0	0	0	0	0	0	0	51	0	100	0	0	0	0	0	0	0	196	0	0	0	0	0	0	89	0	0	0	0	0	0	0	0	0	0	0	0	0	0	0	145	179	23	0	0	32	0	0	0	0	0	0	0	0	0	0	0	0	0	0	0	0	0	0	0	0	0	36	0	0	0	0	0	0	0	0	0	0	0	12	0	0	0	0	0	0	0	0	0	0	0	0	0	0	0	0	0	0	0	377	0	0	0	0	0	0	0	0	0	0	0	0	0	0	0	0	0	0	0	0	0	0	0	0	0	0	0	0	0	0	0	21	0	0	0	0	0	0	26	63	0	0	0	0	0	0	0	0	0	0	0	0	0	0	0	87	0	0	0	0	0	0	0	0	0	0	0	239	0	0	0	0	0	0	0	0	26	0	54	0	0	0	0	0	0	16	0	0	0	0	0	40	0	0	0	0	0	0	0	0	0	0	0	0	0	0	0	0	0	938	0	0	0	0	0	0	0	0	0	0	0	18	0	0	0	0	0	0	0	0	0	0	0	0	0	0	0	0	0	0	0	0	0	46	0	0	0	0	0	0	0	0	0	0	2649	229	0	0	0	0	0	0	0	0	0	0	0	0	0	0	0	0	0	0	0	0	0	0	0	0	0	0	0	24	0	0	0	14	0	0	0	0	0	0	0	27	0	0	0	0	0	0	0	0	0	0	0	0	0	0	0	0	0	0	0	0	0	0	4	0	0	0	0	0	0	0	0	0	0	0	0	0	0	0	0	0	0	0	0	0	0	0	0	0	0	431	0	0	0	21758	0	0	0	0	0	0	0	0	0	0	0	0	0	0	0	0	0	0	0	0	0	0	0	0	0	0	0	0	0	0	0	0	0	0	0	0	7573
SRR26973713	78992	0	0	0	0	123	0	0	607	0	0	0	0	0	0	0	0	0	0	0	0	318	0	0	0	0	0	0	0	0	0	0	0	0	0	0	0	0	0	0	0	0	0	0	0	0	0	0	1595	291	0	0	0	0	0	0	443	0	0	0	0	0	0	30106	0	0	0	0	0	0	0	0	0	0	0	0	0	0	0	711	3065	0	0	0	0	0	0	0	0	0	0	0	0	0	2233	0	0	0	0	0	0	0	0	0	4450	0	0	0	0	0	0	0	0	0	0	0	0	0	0	0	0	0	0	0	0	0	0	0	0	0	0	0	0	0	0	0	0	0	1683	0	0	0	0	0	0	0	0	0	0	0	0	0	0	0	0	0	0	0	0	0	0	0	0	0	0	0	0	0	0	0	0	0	0	0	0	0	0	293	0	0	0	0	0	0	0	0	0	0	0	0	0	0	0	0	0	0	0	0	0	0	0	0	0	0	0	0	11518	0	0	0	0	0	88	0	0	6885	0	0	0	0	0	0	0	0	0	0	0	0	0	0	0	0	0	0	0	0	0	0	0	0	0	0	0	0	0	0	0	0	0	0	0	0	0	0	0	0	0	0	0	0	1357	0	0	0	0	0	0	0	0	0	0	0	0	0	0	0	0	0	0	0	0	0	4892	0	0	0	0	0	0	0	0	0	0	2195	0	0	0	0	0	0	0	0	0	0	0	0	0	0	0	0	0	0	0	0	0	0	431	595	0	0	0	0	0	0	0	0	0	0	0	0	0	0	0	0	0	0	0	0	0	0	0	0	0	0	0	0	0	0	1328	0	0	304	0	0	0	0	0	0	0	0	0	0	0	503	0	0	0	0	0	0	0	0	0	0	0	0	0	0	0	0	0	0	0	0	0	0	0	0	0	0	0	0	0	0	0	0	0	0	0	0	504	0	0	0	0	0	0	0	0	0	0	0	0	0	0	0	307	0	0	0	0	0	0	0	0	2167
SRR26973717	41925	0	0	0	0	0	0	0	369	0	0	0	0	0	0	31	0	0	0	0	0	19	0	23	0	0	0	0	0	0	0	0	257	0	0	0	0	0	0	0	0	0	0	0	0	0	0	0	137	0	0	0	0	0	0	0	116	0	0	0	0	0	0	27	0	0	0	0	0	0	0	0	0	18	0	0	0	0	0	0	158	0	0	0	11	0	0	0	0	0	0	0	0	0	0	0	0	0	0	0	0	0	0	0	0	0	0	0	0	0	0	0	0	0	0	0	0	0	0	6	0	0	0	0	0	39	0	0	0	0	0	0	0	0	0	0	0	0	89	0	0	0	0	0	0	0	0	0	0	0	0	0	0	0	0	0	0	0	0	6	28	0	0	0	0	0	0	18	0	0	0	0	0	0	0	0	0	8	0	0	0	0	0	0	0	0	0	0	0	0	0	0	0	0	215	0	0	0	0	0	0	0	0	0	0	0	15	0	0	0	0	0	0	0	0	54	0	0	0	0	0	0	0	1	0	0	0	0	0	0	121	0	0	0	0	0	0	0	0	0	0	45	0	0	0	0	0	0	1190	0	0	0	0	0	0	0	0	0	0	0	27	0	0	0	0	0	0	0	0	0	0	0	0	0	0	0	0	0	0	0	0	0	0	0	0	0	0	0	0	0	0	0	0	16	98	0	0	0	0	0	0	0	0	0	0	0	0	0	0	0	0	0	0	0	0	0	0	0	0	0	0	0	0	0	0	0	0	0	0	0	0	0	0	0	20	0	0	0	0	0	0	0	0	0	0	0	0	0	133	0	0	99	0	0	0	0	0	0	0	0	0	0	0	76	6	0	0	0	0	0	0	0	0	0	0	0	0	0	0	0	0	0	0	0	190	0	0	0	25898	9	0	0	0	0	0	0	15	13	0	0	0	0	0	0	0	0	0	0	0	0	0	0	0	0	0	0	0	0	0	23	0	0	0	0	11	12290
SRR26973718	40247	0	0	0	88	9	0	0	214	0	0	0	0	0	0	92	0	0	0	0	0	0	0	0	0	0	0	0	0	0	0	0	117	0	0	0	0	0	0	0	19	0	0	0	0	0	0	0	0	0	0	0	0	0	0	0	263	0	0	0	0	0	0	623	0	0	0	0	0	0	0	0	0	0	0	0	0	0	0	79	109	0	0	0	46	0	0	0	0	0	0	0	0	0	86	0	0	0	0	0	0	0	0	0	0	0	0	0	0	0	0	0	0	0	0	0	0	0	13	0	0	0	0	0	0	0	0	0	0	0	0	0	0	0	0	0	0	0	0	0	0	0	0	0	0	0	0	0	0	0	0	0	0	0	0	0	0	0	0	0	0	12	7	0	0	0	0	0	0	0	31	0	0	0	105	0	0	0	0	0	0	0	157	0	0	0	0	0	0	0	0	0	0	0	168	0	0	0	0	0	0	0	0	0	0	0	248	0	0	0	0	0	0	0	0	13	0	0	0	0	0	0	0	0	0	0	0	0	0	0	40	0	0	0	0	0	0	0	0	0	0	0	0	0	0	0	0	0	954	0	0	0	0	0	0	0	0	0	0	0	47	0	0	0	0	0	0	0	0	0	0	0	0	0	0	0	0	0	0	0	0	0	0	0	0	0	0	31	0	0	0	0	0	0	174	0	0	0	0	0	0	0	0	0	0	0	0	0	0	0	0	0	0	0	0	0	0	0	0	0	0	0	89	0	0	0	35	0	0	0	0	0	0	0	0	0	0	0	0	0	0	0	0	0	0	0	0	0	83	0	0	0	0	0	0	0	0	0	0	0	0	0	0	0	0	0	0	0	0	0	0	0	0	0	0	0	0	0	0	0	0	0	0	0	235	0	0	0	22239	0	0	0	32	0	0	0	0	0	0	0	0	0	0	0	0	0	0	0	0	0	0	0	0	0	0	0	0	0	0	550	0	0	0	0	0	13239
SRR26973719	35942	0	0	0	0	0	0	0	336	0	0	0	0	0	0	0	0	0	0	0	0	0	0	395	0	0	0	0	0	0	0	0	0	0	0	0	0	0	0	0	0	0	0	0	0	0	0	0	132	0	0	0	0	9	0	0	54	0	0	0	0	0	0	55	0	0	0	36	0	0	0	0	0	0	0	0	0	0	0	24	107	11	0	0	21	0	0	0	0	0	0	0	0	0	0	0	0	0	0	0	10	0	0	21	0	0	0	0	0	0	0	0	0	0	0	0	0	0	7	0	0	0	0	0	0	0	0	0	0	0	0	0	0	0	0	0	0	0	99	0	0	0	0	0	0	0	0	0	0	0	0	0	0	0	0	0	0	0	0	0	0	0	0	0	0	0	0	0	0	0	0	0	0	0	0	0	0	0	0	0	0	0	0	0	0	0	0	0	0	0	0	0	0	0	133	0	0	0	0	0	0	0	0	0	29	0	8	0	0	4	0	0	0	0	0	0	0	0	0	0	0	0	0	0	0	0	0	0	0	0	119	0	0	0	0	0	0	0	0	0	0	0	0	0	0	0	0	0	955	0	0	0	0	0	0	0	0	0	0	0	51	0	0	0	0	0	0	0	0	0	0	0	10	0	0	0	0	0	0	0	0	0	0	0	0	0	0	0	0	0	0	0	0	0	81	0	0	0	0	0	0	0	0	0	0	0	0	0	0	0	0	0	0	0	0	0	0	0	0	0	0	0	15	0	0	0	0	0	0	0	0	0	0	0	0	0	0	0	0	0	0	0	0	0	0	0	0	0	0	0	0	0	0	0	0	0	0	0	0	0	0	0	0	0	0	0	0	0	0	0	0	0	0	0	0	0	0	0	32	0	0	0	0	0	143	31	0	0	25530	0	0	0	0	0	0	0	0	0	0	0	0	0	0	0	0	0	0	0	0	0	0	0	0	0	0	0	0	0	0	0	0	133	0	0	0	7351
SRR26973724	41170	0	0	0	0	0	0	0	191	0	0	0	0	0	0	0	0	0	0	0	0	20	0	0	0	0	0	0	0	0	0	0	0	0	0	0	0	0	0	0	0	0	0	0	0	0	0	0	99	0	0	0	0	0	0	0	250	0	0	0	0	0	0	15	0	8	0	0	0	0	0	0	0	0	0	0	0	0	0	43	46	0	0	0	0	0	0	0	0	0	0	0	0	0	56	0	0	0	0	0	0	0	0	0	0	0	0	0	0	0	0	0	0	0	0	0	0	0	0	0	0	0	0	0	0	0	0	0	0	11	0	0	0	0	0	0	39	0	30	0	0	0	0	0	0	0	0	0	0	0	0	0	0	0	0	0	0	0	0	0	0	0	0	0	0	0	0	0	0	0	0	0	0	0	0	0	0	0	0	0	0	0	0	0	0	0	0	0	0	0	0	0	0	0	319	0	0	0	0	0	0	0	0	0	0	0	67	0	0	0	0	0	0	0	0	26	0	0	0	0	0	0	0	0	0	0	0	0	0	0	192	0	0	0	0	0	0	0	0	0	0	0	0	0	0	0	0	0	1059	0	0	0	0	0	0	0	0	0	0	0	21	0	0	0	0	0	0	0	0	0	0	0	0	0	0	0	0	0	0	0	0	0	0	0	0	0	0	0	0	0	0	0	0	572	642	0	0	0	0	0	0	0	0	0	0	0	0	0	0	0	0	0	0	0	50	0	0	0	0	0	0	0	0	0	0	0	24	0	0	0	0	0	0	0	0	0	0	0	0	0	0	0	0	0	0	0	0	0	0	0	0	63	0	0	0	0	0	0	0	0	0	0	0	0	0	0	0	0	0	0	0	0	0	0	0	0	0	0	0	301	0	0	0	0	722	0	0	0	31655	0	0	0	0	0	0	4	0	0	0	0	0	0	0	0	0	0	0	17	0	0	0	0	0	0	0	0	0	0	0	0	0	0	0	0	0	4628
SRR26973728	47801	0	0	0	0	0	0	0	432	0	10	0	0	0	0	0	0	0	0	0	0	0	0	0	0	0	0	0	0	0	0	0	45	0	0	0	0	0	0	0	0	0	0	0	0	0	0	0	141	0	0	0	0	0	0	0	333	0	0	0	0	0	0	35	0	0	0	0	0	0	0	0	0	0	0	0	0	0	0	14	13	0	0	0	0	0	0	0	0	0	0	0	20	0	34	0	0	0	0	0	0	5	0	0	16	0	0	8	0	0	0	0	0	0	0	0	0	0	0	0	0	0	0	0	0	0	0	0	0	0	0	0	0	0	0	0	0	0	14	0	0	0	0	0	0	0	0	0	0	0	0	0	0	0	0	0	0	0	0	0	0	0	0	0	0	0	0	0	0	0	0	0	0	4	0	0	0	0	0	0	0	0	0	12	0	0	0	0	0	0	0	0	0	0	220	0	0	0	0	0	0	0	0	0	0	0	23	0	0	0	0	0	0	0	0	41	0	0	0	0	0	0	0	0	0	0	0	0	0	0	136	0	0	0	0	0	0	0	0	0	0	0	0	0	0	0	0	0	900	0	0	0	0	0	0	0	0	0	0	0	20	0	7	0	0	0	0	0	0	0	0	0	0	0	0	0	0	0	0	0	0	0	0	0	0	0	0	0	0	0	0	0	0	0	395	0	0	0	0	0	0	0	0	0	0	0	0	0	0	0	0	0	0	0	0	0	0	0	0	0	0	0	18	0	0	0	0	0	0	0	0	0	0	0	0	0	0	0	0	0	0	0	0	0	0	0	0	0	0	0	0	4	0	0	0	0	0	5	0	0	0	0	0	0	0	0	0	0	0	0	0	0	0	0	0	0	0	0	0	0	0	0	0	0	712	0	0	0	39481	0	0	0	0	0	0	0	0	0	0	0	0	0	0	0	0	0	0	0	0	0	14	0	0	0	0	0	0	0	0	0	0	0	0	0	0	4689
SRR26973732	43821	0	0	0	0	35	0	0	420	0	0	0	0	0	0	0	0	0	0	0	0	0	0	14	0	0	0	0	0	0	0	0	226	0	0	0	0	0	0	0	0	0	0	0	0	0	0	0	133	0	0	0	0	0	0	0	435	0	0	0	0	0	0	277	0	0	0	0	0	0	0	0	0	0	0	0	0	0	0	61	91	0	0	0	0	0	0	0	0	0	0	0	0	0	33	0	0	0	0	0	0	0	0	0	14	0	0	0	0	0	0	0	0	0	0	0	0	0	0	0	0	0	0	0	0	0	0	0	0	0	0	0	0	0	0	0	0	0	15	0	0	0	0	0	0	0	0	0	0	0	0	0	0	0	0	0	0	0	0	0	0	0	0	0	0	0	0	0	0	0	0	0	0	0	0	0	0	0	8	0	0	0	0	0	0	0	0	0	0	0	0	0	0	0	92	0	0	0	0	0	0	31	0	0	0	0	9	0	0	0	0	0	0	0	0	16	0	0	0	0	0	0	0	0	0	0	0	0	20	0	147	0	0	0	0	0	0	0	0	0	0	0	0	0	0	0	0	0	1061	0	0	0	0	0	0	0	0	0	0	0	23	0	0	0	0	0	0	0	0	0	0	0	0	0	0	0	0	0	0	0	0	0	0	0	0	0	0	0	0	0	0	0	0	14	76	0	0	0	0	0	0	0	0	0	0	0	0	0	0	0	0	0	0	0	0	0	0	0	0	0	0	0	20	0	0	0	172	0	0	0	0	0	0	0	29	0	0	0	0	0	0	0	0	0	0	0	0	0	0	0	0	0	0	0	0	0	0	0	0	0	0	0	0	0	0	0	0	0	0	0	0	0	0	0	0	0	0	0	0	0	0	0	0	0	682	0	0	0	31103	0	0	0	0	0	0	0	10	0	0	27	0	0	0	0	0	0	0	0	0	0	0	18	0	0	0	0	0	0	0	0	0	0	0	0	0	8509
SRR26973735	105294	0	0	0	0	0	0	0	1847	0	0	0	0	0	0	0	0	0	0	0	0	125	0	11	0	0	0	0	0	0	0	0	359	0	0	0	0	0	0	0	0	0	0	0	0	0	0	0	243	0	0	0	0	0	0	0	642	0	0	0	0	0	0	7	0	0	0	0	0	0	0	0	0	0	0	0	0	0	0	45	463	0	0	0	0	0	0	0	0	0	0	0	0	71	33	0	0	0	0	0	0	0	0	0	0	0	0	0	0	0	0	0	0	490	0	0	0	0	27	0	0	0	0	0	0	0	0	0	0	0	0	0	0	0	0	0	0	0	78	0	0	0	0	0	0	0	0	0	0	0	0	0	0	0	0	0	0	0	0	0	0	0	0	0	0	0	0	0	0	0	0	0	0	0	0	0	0	0	0	0	0	0	0	0	0	0	0	0	0	0	0	0	0	0	482	0	0	0	0	0	0	0	0	0	0	0	78	0	0	0	0	0	0	0	0	3	0	0	0	0	0	0	0	0	39	0	0	0	0	0	42	22	0	0	0	0	0	0	0	0	0	0	0	0	0	0	0	0	2772	0	0	0	0	0	0	0	0	0	0	0	9	0	0	0	0	0	0	0	0	0	0	0	0	0	0	0	0	0	0	0	0	0	85	0	0	0	0	0	0	0	0	0	0	310	474	0	0	0	0	0	0	0	0	0	0	0	0	0	0	0	0	0	0	0	0	0	0	0	12	0	0	0	14	0	0	0	0	0	0	0	0	0	0	0	0	0	0	0	0	0	0	0	0	0	0	0	0	0	0	0	0	0	0	0	0	0	0	0	0	0	62	0	0	0	0	0	0	0	0	0	0	0	0	0	0	0	0	0	49	0	0	0	0	0	1291	0	18	0	71558	0	0	0	0	0	0	0	0	0	0	0	81	0	0	0	0	0	0	0	0	0	0	0	0	0	0	0	0	0	0	0	0	0	0	0	0	23452
SRR26973736	76937	0	0	0	0	0	0	0	654	0	0	0	0	0	0	11	0	0	0	0	0	0	0	32	0	0	0	0	0	0	0	0	541	0	0	0	0	0	0	0	0	0	0	0	0	0	0	0	445	0	0	0	0	0	0	0	314	0	0	0	0	0	14	2990	0	0	0	0	0	0	0	0	0	0	0	0	0	0	0	23	256	0	0	0	0	0	0	0	0	0	0	0	0	0	0	0	0	0	0	0	0	0	0	0	0	0	0	0	0	0	0	0	0	0	0	0	0	0	0	0	0	0	0	0	0	0	0	0	0	19	0	0	0	0	0	0	0	0	0	0	0	0	0	0	0	0	0	0	0	0	0	0	0	0	0	0	0	0	0	0	0	0	0	0	0	0	0	0	0	0	0	0	0	0	0	0	0	0	23	0	0	0	0	0	0	0	0	0	0	0	0	0	0	0	264	0	0	0	0	0	0	0	0	0	0	0	0	0	0	0	0	0	0	0	0	22	0	0	0	0	0	0	0	0	0	0	0	0	44	0	83	9	0	0	0	0	0	0	0	0	0	0	0	0	0	0	0	0	1208	0	0	0	0	0	0	0	0	0	0	0	18	0	0	0	0	34	0	0	12	0	0	0	0	0	0	0	0	0	0	12	0	0	0	0	0	0	0	0	0	0	0	0	0	17	868	0	0	0	0	0	0	0	0	0	0	0	0	0	0	0	0	0	0	0	82	0	0	0	0	0	0	0	44	0	0	0	56	0	0	0	0	0	0	0	0	0	15	0	23	0	0	0	0	0	0	0	0	0	0	0	0	0	0	0	10	0	0	5	0	0	0	0	0	0	0	0	5	0	0	0	0	0	0	0	0	0	0	0	0	0	0	0	0	0	706	0	0	0	40759	0	0	0	0	0	0	0	0	0	0	0	42	0	0	0	0	0	0	0	0	0	5	0	0	0	0	0	0	0	0	9	0	0	0	0	0	27263
SRR26973737	64693	0	0	0	0	12	0	0	296	0	0	0	0	0	0	0	0	0	0	0	0	0	0	28	0	0	0	0	0	0	0	0	108	0	0	0	0	0	0	0	0	0	0	0	0	0	0	0	225	0	0	0	0	0	0	0	367	0	0	0	0	0	0	95	0	0	0	11	0	0	0	0	0	0	0	0	0	0	0	71	288	0	0	0	0	0	0	0	0	0	0	0	0	0	79	0	0	0	0	0	0	0	0	0	62	0	0	0	0	0	0	0	0	0	0	0	0	0	0	0	0	0	0	0	0	0	0	0	0	18	0	0	0	0	0	0	0	0	51	0	0	0	0	0	0	0	0	0	0	0	0	0	0	0	0	0	0	0	0	0	0	0	0	0	0	0	29	0	493	0	0	0	0	0	0	0	0	0	0	0	0	0	0	0	0	0	0	0	0	0	0	0	0	0	321	0	0	0	0	0	0	0	0	0	0	0	7	0	0	0	0	0	0	0	0	141	0	0	0	0	0	0	0	0	0	0	0	0	0	0	201	0	0	0	0	0	0	0	0	0	0	0	0	0	0	0	0	0	1481	0	0	0	0	0	0	0	0	0	0	0	43	0	0	0	0	0	0	0	0	0	0	0	0	0	0	0	0	0	0	0	0	0	0	0	30	0	0	0	0	0	0	0	0	20	801	0	0	0	0	0	0	0	0	0	0	0	0	0	0	0	0	0	0	0	0	0	0	0	0	0	0	0	29	0	0	0	10	0	0	0	0	0	0	0	0	0	0	0	0	0	0	0	0	0	0	0	0	0	0	0	0	0	0	0	0	0	0	0	0	0	33	0	0	0	0	0	0	0	0	0	0	0	0	0	0	0	0	0	11	0	18	0	0	0	1341	0	0	0	42511	0	0	0	0	0	0	0	0	0	0	0	0	0	44	0	0	0	0	0	0	0	0	0	0	0	0	0	0	0	0	0	0	0	0	0	0	15418
SRR26973738	79489	0	0	0	0	39	0	0	627	0	0	0	0	0	82	0	0	0	0	0	0	0	0	0	0	0	0	0	0	0	0	0	0	0	0	0	0	0	0	0	0	566	0	0	0	0	0	0	28678	0	0	0	0	0	0	0	77	0	0	0	0	0	0	0	0	0	0	0	0	0	0	0	0	0	0	0	0	0	0	0	1791	0	0	0	0	0	0	0	0	0	0	0	0	0	14	0	0	0	0	0	0	0	44	0	0	0	0	0	0	0	0	0	0	0	0	0	0	0	74	0	0	0	0	0	0	0	0	0	0	0	0	0	0	0	0	0	0	0	0	0	0	0	0	0	0	0	0	0	0	0	0	0	0	0	0	0	0	0	0	0	0	0	0	0	0	0	0	0	0	0	0	0	0	0	0	0	0	0	0	0	0	0	0	0	0	0	0	0	0	0	0	0	0	0	0	0	0	0	0	0	0	0	0	0	0	0	134	0	0	0	0	0	0	0	0	1235	0	0	0	0	0	0	0	0	0	0	0	0	0	0	0	0	0	0	0	0	0	0	0	0	0	0	0	0	0	0	0	0	276	0	0	0	0	0	0	0	0	0	0	0	252	0	0	0	0	0	0	0	0	0	0	0	0	0	0	0	0	0	30	0	0	0	0	0	0	0	0	0	128	0	0	0	0	1676	0	0	0	0	0	0	0	0	0	0	0	0	0	0	0	0	0	0	0	0	0	0	0	26	0	0	0	0	687	0	0	0	239	0	0	0	0	0	0	0	0	0	0	0	0	0	0	0	0	0	0	0	0	0	0	0	0	1100	0	0	0	0	0	0	0	0	0	0	0	0	0	0	0	0	0	0	0	0	0	0	0	0	0	0	0	0	0	0	0	0	0	0	0	0	18	939	0	0	0	0	0	0	0	0	0	0	0	0	0	0	0	0	0	0	0	0	0	0	0	0	0	0	0	0	0	0	0	0	0	0	0	40757
SRR26973739	355501	0	0	0	0	0	0	0	3171	0	0	0	0	0	0	0	0	0	0	0	0	1642	0	0	0	0	0	0	0	5539	0	0	0	0	0	0	0	0	0	0	0	0	0	0	0	0	0	0	69009	0	0	0	1074	0	0	0	259	0	0	0	0	0	1779	22977	0	0	0	0	0	0	0	0	0	0	0	0	0	0	0	0	10895	0	0	0	0	0	0	0	0	0	0	0	0	0	9551	0	26089	0	0	0	0	0	2693	0	0	0	0	0	0	0	0	0	0	0	0	0	0	0	4928	0	0	0	0	4658	0	0	0	0	0	0	0	1840	48	0	0	0	0	0	2897	0	0	0	0	0	0	0	0	0	2599	0	0	0	0	0	0	0	0	0	0	0	0	0	0	0	0	0	0	0	0	0	0	0	0	0	0	0	0	0	0	0	0	0	2324	0	0	0	0	0	0	0	0	0	0	0	0	0	0	0	1774	0	0	0	0	0	0	0	15929	0	0	0	0	0	0	0	0	10698	0	0	0	0	0	0	0	0	0	0	0	0	0	0	0	7744	0	0	0	0	0	0	0	0	0	0	0	0	0	0	0	0	3555	0	0	0	0	0	0	0	0	0	0	0	1323	0	0	0	0	0	0	0	0	0	0	0	0	0	0	0	0	0	0	0	0	0	0	0	0	0	0	0	0	0	0	0	0	967	0	0	0	0	0	0	0	0	0	0	0	0	0	0	0	0	0	0	0	0	0	0	0	0	0	0	0	0	36720	0	0	0	967	0	0	0	0	0	0	0	0	0	0	0	0	0	0	0	0	0	0	0	0	0	0	0	0	0	0	0	0	0	0	0	0	0	0	0	0	8067	0	0	0	0	0	1718	0	0	0	0	0	0	0	0	1744	0	0	0	0	1255	0	0	0	0	30	0	0	0	0	0	0	0	0	0	0	0	1609	0	567	0	0	0	0	0	0	0	0	0	0	0	0	0	0	0	0	0	0	0	0	0	0	86862
SRR26973740	106480	0	0	0	0	551	0	0	2101	0	0	0	0	0	0	0	0	0	0	0	0	1416	0	0	0	0	898	0	0	0	0	0	0	0	0	0	0	0	0	0	0	0	0	0	0	0	0	0	0	0	0	0	0	0	0	0	0	0	0	0	0	0	0	55365	0	0	0	0	0	0	0	0	0	0	0	0	0	0	0	0	7728	0	0	0	0	0	0	0	0	0	0	0	0	0	5614	0	0	0	0	0	0	0	0	0	3951	0	0	0	0	0	0	0	0	0	0	0	0	0	0	0	0	0	0	0	0	0	0	0	0	0	0	0	0	0	0	0	0	0	3414	0	25	0	0	0	0	0	0	0	0	0	0	0	0	0	0	0	0	0	0	0	0	0	0	0	0	0	0	0	0	0	0	0	0	0	0	0	0	900	0	0	0	0	0	0	0	0	0	0	0	0	0	0	0	0	0	0	0	0	0	0	0	0	0	0	0	0	6005	0	0	0	0	0	0	0	0	3224	0	0	0	0	0	0	0	0	0	0	0	0	0	0	0	0	0	0	0	0	0	0	0	0	0	0	0	0	0	0	1087	0	0	0	0	0	0	0	0	0	0	0	0	0	2016	0	0	0	0	0	0	0	0	0	0	0	0	0	0	0	0	0	0	0	0	0	0	0	0	0	0	0	0	0	0	0	0	3798	0	0	0	0	0	0	0	0	0	0	0	0	0	0	0	0	0	0	0	0	0	0	0	0	0	0	0	0	0	0	0	0	1074	0	0	0	0	0	0	0	0	0	0	0	0	0	0	0	0	0	0	0	0	0	0	0	0	0	0	0	0	0	0	0	0	0	0	0	0	0	0	0	0	0	0	0	0	0	0	0	0	0	0	0	0	0	0	0	0	0	0	0	0	0	0	0	0	0	0	0	0	0	0	0	0	0	0	0	1675	0	0	0	0	0	0	0	0	0	0	0	0	0	0	0	0	0	0	0	0	0	0	5638
SRR26973743	85022	0	0	0	0	0	0	0	566	0	0	0	0	0	0	0	0	0	0	0	0	0	0	0	11	0	0	0	0	0	0	0	0	0	0	0	0	0	0	0	26	0	0	0	0	0	0	0	266	0	0	0	0	0	0	0	571	0	0	0	0	0	0	428	0	0	0	0	0	0	0	0	0	0	0	0	0	0	0	64	38	0	0	0	0	0	0	0	0	0	18	0	0	0	86	0	0	0	0	0	0	0	0	0	18	0	0	0	0	0	0	0	0	0	0	0	0	0	0	0	0	0	0	0	0	0	0	0	0	0	0	0	0	0	0	0	0	0	11	0	0	0	0	0	0	0	0	0	0	0	0	0	0	0	0	0	0	0	0	0	0	0	0	0	0	0	0	0	0	0	0	0	0	0	0	0	0	0	0	0	0	0	0	0	0	0	0	0	0	0	0	0	0	0	238	0	0	0	0	0	0	0	0	0	0	0	52	0	0	0	0	0	0	0	0	67	0	0	0	0	0	0	0	0	0	0	0	0	0	0	99	0	0	0	0	0	0	0	0	0	0	0	0	0	0	0	0	0	4418	0	55	0	0	0	0	9	0	0	0	0	56	0	0	0	0	0	0	0	0	0	0	0	0	0	0	0	0	0	0	0	0	0	0	0	0	0	0	0	0	0	0	0	0	0	125	0	0	0	0	0	0	0	0	0	0	0	0	0	0	0	0	0	0	0	0	0	0	0	0	0	0	0	40	0	0	63	0	0	0	0	0	0	0	0	0	0	0	0	0	0	0	0	0	0	0	0	0	0	0	0	0	0	0	0	0	0	0	0	0	0	0	0	0	0	0	15	0	0	0	0	0	0	0	0	0	0	0	0	0	0	0	0	0	0	692	0	0	0	68498	0	0	0	0	0	0	0	0	0	0	0	0	0	0	0	0	0	0	0	0	0	0	0	0	0	0	0	20	0	0	13	0	0	0	0	0	8459
SRR26973744	255856	0	0	0	0	0	0	0	7810	0	0	0	0	0	0	0	0	0	0	0	0	0	0	0	0	0	0	0	0	0	0	0	0	0	0	0	0	0	0	0	13	0	0	0	0	0	0	0	56	0	0	0	0	0	0	0	5471	0	9	0	0	0	0	0	0	0	0	0	0	0	0	0	0	0	0	0	0	0	0	999	15	0	0	0	0	0	0	0	0	0	0	0	0	0	17	0	0	0	0	0	0	0	0	0	0	0	0	0	0	0	0	0	0	0	0	0	0	0	0	0	0	0	0	0	0	0	0	0	0	0	0	0	0	0	0	0	0	0	0	0	0	0	0	0	0	0	0	0	0	0	0	0	0	0	0	0	0	0	0	0	0	0	0	0	0	0	0	0	0	0	0	0	0	0	0	0	0	0	0	0	0	0	0	0	0	0	0	0	0	0	0	0	0	0	4974	0	0	0	0	0	0	0	0	0	0	0	0	0	0	0	0	0	0	0	0	27	0	0	0	0	0	0	0	0	0	0	0	0	0	0	3090	0	0	0	0	0	0	0	0	0	0	0	0	0	0	0	0	0	4221	0	10	0	0	0	0	0	0	0	0	0	9	0	0	0	0	0	0	0	0	0	0	0	0	0	0	0	0	0	0	0	0	0	0	0	0	0	0	0	0	0	0	0	0	0	3609	0	0	0	0	0	0	0	0	0	0	0	0	0	0	0	0	0	0	0	0	0	0	0	0	0	0	0	8	0	0	0	0	0	0	0	0	0	0	0	0	67	0	0	0	0	0	0	0	0	0	0	0	0	0	0	0	0	0	0	0	0	0	0	0	0	0	0	0	0	0	5	0	0	0	0	0	0	0	0	0	0	0	0	0	0	0	0	0	0	10237	0	7	0	196825	0	0	0	0	0	0	0	0	0	0	0	0	0	0	0	0	0	0	0	0	0	0	0	0	0	2	0	0	0	0	0	0	0	0	0	0	18375
SRR26973745	151289	0	0	0	0	321	0	0	0	0	0	0	0	0	0	0	0	0	0	0	0	1591	0	0	0	0	0	0	0	0	0	0	0	0	0	0	0	0	0	723	0	0	0	0	0	0	0	0	40448	0	0	0	0	0	0	0	0	0	0	0	0	0	0	704	0	0	0	822	0	0	0	0	0	0	0	0	0	0	0	1016	8039	0	0	0	0	0	0	0	0	0	0	0	0	0	6821	0	0	0	0	0	0	0	1871	0	0	0	0	0	0	0	0	0	0	0	0	0	0	0	97	0	0	0	0	0	0	0	0	0	0	0	0	0	0	0	0	0	0	0	1755	0	0	0	0	0	0	0	0	0	0	0	0	0	0	0	0	0	0	0	0	0	0	0	0	0	0	0	0	0	0	0	0	0	0	0	0	0	0	709	0	0	0	0	0	878	0	0	0	0	0	0	0	0	0	0	0	0	0	0	0	0	0	0	0	0	0	0	3719	0	0	0	0	0	344	0	0	8789	0	0	0	0	0	0	0	0	0	0	0	0	0	0	0	0	0	0	0	0	0	0	0	0	0	0	0	0	0	0	0	0	0	0	0	0	0	0	0	0	0	0	0	0	2395	0	2189	0	0	0	0	0	0	0	0	0	0	0	0	0	0	0	0	0	0	0	0	0	0	0	0	0	0	0	0	0	0	5060	0	0	0	0	0	0	0	0	0	0	0	0	0	0	0	0	0	0	0	0	0	0	0	0	0	0	0	0	12955	0	0	0	1697	0	0	0	0	0	0	0	0	0	0	0	0	0	0	0	0	0	0	0	0	0	0	0	0	0	0	0	0	0	0	0	0	0	0	0	0	0	0	0	0	0	0	0	0	0	0	0	0	0	0	0	0	0	0	0	0	0	0	0	0	0	41	0	0	0	0	0	0	0	0	0	0	0	2733	0	0	0	0	0	0	0	0	0	0	0	0	0	0	0	0	0	0	0	0	0	0	0	0	45572
SRR26973746	137141	0	0	0	0	0	0	0	0	0	0	374	0	0	0	0	0	0	0	0	0	0	0	0	158	0	0	0	5	0	0	0	0	0	0	0	0	0	0	476	0	0	0	0	0	0	0	0	20634	0	0	0	0	0	0	0	222	0	0	0	0	0	0	8877	0	0	1375	0	0	0	0	0	0	0	0	283	0	2037	0	948	8638	0	0	0	0	0	0	0	0	0	0	0	0	0	4049	0	0	0	0	0	0	0	113	0	0	389	0	0	0	0	0	0	0	0	0	0	0	0	1944	29	0	0	0	0	0	0	0	0	0	0	0	0	0	0	0	0	0	0	4837	0	0	0	30	0	0	0	0	0	0	0	0	0	0	0	0	0	0	0	0	0	0	0	0	0	0	0	0	0	0	918	0	0	0	0	0	0	0	0	0	0	0	0	1011	0	0	0	0	0	0	0	0	0	0	0	0	0	0	0	0	17	0	0	67	0	0	0	3949	0	0	0	0	0	0	0	0	12703	0	0	0	0	0	0	0	347	0	0	0	0	0	0	0	662	0	0	0	0	0	0	0	0	0	0	0	0	0	0	0	0	49	0	0	0	0	0	0	440	0	0	0	0	2262	0	0	0	0	0	0	0	0	0	0	0	0	0	0	0	0	0	0	0	0	0	2064	0	0	0	0	0	0	0	0	0	0	3033	35	0	0	0	0	0	0	0	0	0	0	0	0	0	0	0	0	0	0	0	285	0	0	0	0	0	835	0	2167	0	0	0	461	0	0	0	0	0	0	0	0	0	0	0	0	0	0	0	200	0	0	0	0	963	275	0	0	753	0	0	0	0	0	0	0	0	0	0	0	0	798	0	0	846	0	0	0	0	0	0	0	0	0	0	0	0	0	0	0	0	0	0	0	0	57	0	0	0	177	0	959	0	0	0	0	0	4229	0	0	0	0	0	0	0	0	0	0	0	0	0	0	0	0	0	0	0	0	0	0	0	0	41161
SRR26973748	192303	0	0	0	0	0	0	0	0	0	0	0	0	0	0	0	0	0	0	0	0	0	0	0	0	0	0	0	0	0	0	0	0	0	0	0	0	0	0	75	0	4022	0	0	0	0	0	1042	48418	0	0	0	0	0	0	0	31	0	0	0	0	0	0	5503	0	0	0	0	0	0	0	0	0	0	0	0	0	1008	0	1711	10664	0	0	0	0	0	0	0	0	0	0	0	0	0	6344	0	0	0	0	0	0	0	515	0	0	0	0	0	0	0	0	0	0	0	0	0	0	0	1401	0	0	1261	0	0	0	0	0	0	0	0	0	0	0	0	0	0	0	0	3551	0	0	0	0	0	16	0	0	916	0	0	0	0	0	0	0	0	0	0	0	0	0	0	0	0	0	0	0	0	0	0	0	0	0	0	0	0	0	0	0	0	0	0	0	0	0	0	131	0	0	0	0	0	0	0	0	0	0	0	0	0	0	0	0	0	0	0	5763	0	0	0	0	0	0	0	0	9600	0	0	0	0	0	0	0	0	0	0	0	0	5	0	0	2159	0	0	0	0	0	0	0	0	0	0	0	0	0	0	0	0	669	0	696	0	0	0	0	0	0	0	0	0	1718	0	0	0	0	0	0	0	0	0	0	0	0	0	0	0	0	0	0	0	0	0	0	0	0	0	0	0	0	0	0	0	0	0	0	0	0	0	0	0	0	0	0	0	0	0	0	0	0	0	0	0	0	0	0	0	0	0	0	0	0	0	11338	0	0	0	2890	0	0	0	0	0	0	0	0	0	0	0	0	0	0	0	0	0	0	0	0	0	0	0	0	4321	0	0	0	0	0	0	0	0	0	0	0	2254	0	0	0	0	0	0	0	0	0	0	0	0	0	0	0	0	0	0	0	0	0	0	0	0	83	0	0	0	0	0	0	0	0	0	0	0	3850	0	2278	0	0	0	0	0	0	0	0	0	0	0	0	0	0	0	0	0	0	0	0	0	0	58070
SRR26973750	273102	0	0	0	0	0	0	0	1646	0	0	0	0	0	0	0	0	0	0	0	0	0	0	0	13	0	0	0	0	0	0	0	1	0	0	0	0	0	0	0	82	0	0	0	0	0	0	0	792	0	0	0	0	0	0	20	1472	0	0	0	0	0	0	147	0	0	0	0	0	0	0	0	0	0	0	0	0	0	0	250	218	0	0	0	0	0	0	0	0	0	23	0	0	0	287	0	0	0	0	0	0	0	0	0	0	0	0	0	0	0	0	0	0	0	0	0	0	0	0	0	0	0	0	0	0	0	0	0	0	0	0	0	0	0	0	0	0	0	24	0	0	0	16	0	0	0	0	0	0	0	0	0	0	0	0	0	0	0	0	0	0	0	0	0	0	0	0	0	0	0	0	0	0	0	0	0	0	6	0	0	0	0	0	0	0	0	0	0	0	0	0	0	0	0	1160	0	0	0	0	0	0	0	0	0	0	0	181	0	0	0	0	0	0	0	0	188	0	0	0	0	0	0	0	0	0	0	0	0	0	0	668	0	0	0	0	0	0	0	0	0	0	0	0	0	0	0	0	0	10652	0	174	0	0	0	0	0	0	0	0	0	70	0	0	0	0	0	0	0	0	0	0	0	0	0	0	0	0	0	0	0	11	0	0	0	0	0	0	0	0	0	0	0	0	0	1106	0	0	0	0	0	0	0	0	0	0	0	0	0	0	0	0	0	0	0	0	0	0	0	0	0	0	0	62	0	0	0	21	0	0	0	9	0	37	0	0	0	0	0	0	0	0	0	0	0	0	0	0	0	29	0	0	25	0	0	0	0	0	0	0	0	0	0	0	0	0	0	0	0	0	0	0	0	0	0	0	0	0	0	0	0	0	0	0	0	3649	0	119	0	232454	0	0	0	0	0	0	0	0	0	0	0	0	0	0	0	0	0	0	0	0	0	14	0	0	0	0	0	0	0	0	0	0	0	0	0	0	17476
SRR26973754	39591	0	0	0	0	31	0	0	881	0	0	0	0	0	0	0	0	0	0	0	0	0	0	0	0	0	73	0	0	0	0	0	394	0	0	0	0	0	0	0	0	0	0	0	0	0	0	0	54	0	0	0	0	0	0	0	331	0	0	0	0	0	0	132	0	0	0	0	0	0	0	0	0	0	0	0	0	0	0	0	399	0	0	0	0	0	0	0	0	0	0	0	0	0	65	0	0	0	0	0	0	0	0	0	0	0	0	0	0	0	0	0	0	0	0	0	0	0	0	0	0	0	0	0	0	0	0	0	0	0	0	0	0	0	0	0	0	0	326	0	0	0	0	0	0	0	0	0	0	0	0	0	0	0	0	0	0	0	0	0	0	0	0	0	0	0	0	0	0	0	0	51	0	0	0	0	0	0	0	0	0	0	0	0	0	0	0	0	0	0	0	0	0	0	200	0	0	0	0	0	0	0	0	0	0	0	57	0	0	0	0	0	0	0	0	148	0	0	0	0	0	0	0	0	0	0	0	0	0	0	523	0	0	0	0	0	0	0	0	0	0	0	0	0	0	0	0	0	808	0	0	0	0	0	0	0	0	0	0	0	54	0	0	0	0	0	0	0	0	0	0	0	0	0	0	0	0	0	0	0	0	0	0	0	0	0	0	0	0	0	0	0	0	0	0	0	0	0	0	0	0	0	0	0	0	0	0	0	0	0	0	0	0	0	0	0	0	0	0	0	0	0	0	0	0	0	56	0	0	0	0	0	0	0	0	0	0	0	0	0	0	0	0	0	0	0	0	0	0	0	0	66	0	0	0	0	0	0	0	0	0	0	0	0	0	0	0	0	0	8	0	0	0	0	0	0	0	0	0	0	0	0	0	0	0	0	0	0	29174	0	0	0	0	0	0	0	0	0	0	0	0	0	0	0	0	0	0	0	0	0	0	0	0	0	0	0	0	0	0	7	0	0	0	0	0	5753
SRR26973757	42541	0	0	0	0	0	0	0	214	0	0	0	0	0	0	78	0	0	40	0	0	106	0	0	0	0	107	0	0	0	0	0	267	0	0	0	0	0	0	0	0	100	0	0	0	0	0	0	196	0	0	0	0	0	0	0	161	0	0	0	0	0	0	487	0	0	0	38	0	46	0	0	0	0	0	0	0	0	0	0	647	0	0	0	32	0	0	0	0	91	0	0	0	0	266	0	0	0	0	0	0	0	0	0	0	0	0	0	0	0	0	0	0	0	0	0	0	0	0	0	0	0	0	0	0	0	0	0	0	0	0	0	0	0	0	0	0	0	183	0	0	0	0	0	0	0	0	0	0	0	0	0	0	0	0	0	0	0	0	0	0	0	0	0	0	0	0	0	0	0	0	53	0	0	0	0	0	51	0	0	0	0	0	0	0	0	0	0	0	0	0	0	0	0	192	0	0	0	0	0	0	0	0	0	39	0	732	0	0	0	0	0	0	0	0	87	0	0	0	31	0	203	0	590	0	0	0	0	0	0	0	0	0	0	0	0	0	0	0	0	0	0	0	0	0	0	0	0	1383	0	0	0	0	0	0	0	0	0	0	0	94	0	25	0	0	0	0	0	0	0	0	0	0	49	0	0	0	0	0	0	0	0	29	0	0	0	0	0	0	0	0	0	0	0	0	0	0	0	0	0	0	0	0	0	0	0	0	0	0	0	0	0	0	0	0	0	0	0	0	0	0	0	0	0	0	0	11	0	0	0	0	0	110	0	0	0	0	0	0	0	0	0	0	0	0	0	0	0	0	0	0	124	0	0	0	0	0	0	0	0	0	0	0	0	0	0	0	0	0	70	0	0	0	0	0	0	0	0	0	0	0	0	0	0	357	0	0	0	29222	0	0	0	0	0	0	0	0	0	0	0	0	0	0	0	0	0	0	183	0	63	0	0	0	0	0	0	0	0	0	0	0	0	0	0	0	5784
SRR26973760	105987	0	0	0	0	291	0	0	478	0	0	0	0	0	0	0	0	0	0	0	0	5569	0	0	191	88	0	0	0	0	0	0	0	0	0	0	0	0	0	252	107	358	4250	0	0	0	0	0	8192	0	0	0	0	0	0	0	523	0	0	0	0	0	0	7730	0	0	0	215	0	0	0	0	0	0	0	0	0	0	0	131	1945	0	0	0	0	0	0	0	0	0	0	0	0	0	949	0	0	0	0	0	0	0	0	213	557	0	0	0	204	0	0	0	0	0	0	0	0	0	67	0	0	851	0	0	0	0	0	0	0	0	0	0	0	0	0	0	0	0	278	0	0	0	0	0	0	138	0	0	0	26	0	0	0	0	0	0	0	0	0	0	0	0	0	0	0	0	148	0	0	0	0	0	0	0	0	553	0	0	0	0	133	0	0	0	76	0	39	0	0	0	0	0	0	0	0	0	0	115	0	0	0	0	2974	0	0	0	42073	0	0	0	0	0	0	0	0	1245	0	0	0	0	0	0	0	0	0	0	0	0	2046	0	0	117	0	0	0	0	0	0	0	0	0	243	0	0	0	0	0	0	90	0	0	0	0	0	0	0	0	0	0	0	86	238	0	0	0	0	0	1452	0	0	0	0	0	278	0	0	0	0	0	0	0	308	153	0	0	0	0	0	0	0	0	0	0	1283	0	0	0	0	0	0	0	0	4829	0	0	0	0	254	0	0	0	0	0	0	0	0	0	127	0	0	0	0	120	0	0	0	1870	0	0	0	0	0	0	0	0	0	0	0	0	0	0	0	0	0	0	0	0	0	0	0	0	302	0	0	0	0	0	0	0	0	0	0	0	0	0	0	0	0	0	0	0	0	0	0	0	0	0	0	0	0	0	0	0	0	0	0	0	0	121	0	0	0	0	0	0	0	0	0	0	0	5521	0	0	0	0	0	0	0	0	0	57	0	0	0	0	0	0	0	0	0	0	0	0	0	0	5533
SRR26973762	60188	0	0	0	0	0	0	0	212	0	0	0	0	0	0	0	0	0	0	0	0	0	0	43	0	0	159	0	0	0	0	0	444	0	119	0	0	0	0	0	0	0	0	0	0	0	0	0	102	0	0	0	0	0	0	0	310	0	0	0	0	0	0	118	0	0	0	0	0	0	0	0	0	0	0	0	0	0	0	116	472	0	0	0	0	0	0	0	0	0	0	0	0	0	339	0	0	0	0	0	0	0	0	0	87	0	0	0	0	0	0	0	0	0	0	0	0	0	0	0	0	0	0	0	0	0	0	0	0	0	0	0	0	0	81	0	0	0	178	0	0	0	0	0	0	0	0	0	0	0	0	0	0	0	0	0	0	0	0	0	0	0	0	0	0	0	0	0	0	0	0	0	0	0	0	0	0	0	0	0	0	0	0	0	0	0	0	0	0	0	0	0	0	0	206	0	0	0	0	0	0	0	0	0	0	0	184	0	2	0	0	0	0	0	0	184	0	0	0	0	0	0	0	0	0	0	0	0	0	0	327	0	0	0	0	0	0	0	0	0	0	0	0	0	0	0	0	0	1331	0	0	0	0	0	0	0	0	0	0	0	39	0	761	36	0	0	0	0	0	0	0	0	0	0	0	0	0	0	0	0	0	0	0	0	0	0	0	0	0	0	0	0	0	0	0	0	0	0	0	0	68	0	0	0	0	0	0	0	0	0	0	0	0	0	0	0	0	0	0	0	0	0	0	0	0	0	547	0	0	0	0	0	0	0	130	0	0	0	0	0	0	0	0	0	52	0	0	0	0	0	0	0	0	0	0	0	0	0	0	0	0	0	0	0	42	0	0	0	0	0	0	0	0	0	0	0	0	0	0	0	0	0	0	0	158	0	0	0	42372	0	0	0	0	0	0	0	0	0	0	0	0	0	0	0	0	0	0	188	0	0	0	0	0	0	0	0	0	0	0	0	0	0	0	0	0	10781
SRR26973765	111752	0	0	0	0	609	0	0	0	0	0	12578	0	0	0	0	0	0	0	0	0	1242	0	0	2732	0	0	0	0	0	0	0	0	0	0	0	0	0	0	0	208	0	1054	0	0	0	0	0	2513	0	0	0	0	0	0	0	182	0	0	0	0	0	0	32435	700	0	0	0	0	0	0	0	0	0	0	0	0	0	0	0	6162	0	0	0	0	0	0	0	0	0	0	243	0	0	3087	0	0	0	0	0	0	0	0	0	1553	0	0	0	0	0	0	0	0	0	0	0	0	0	0	0	0	0	0	0	0	0	0	0	0	0	0	0	0	41	0	0	0	0	2436	0	0	0	0	0	0	0	0	0	0	0	0	0	0	0	0	0	0	0	0	0	0	0	0	0	0	0	0	0	0	0	0	0	0	0	0	0	0	0	0	0	0	0	0	0	0	0	0	0	0	0	0	0	0	0	0	0	0	0	0	0	0	0	0	0	0	0	12303	198	0	0	0	0	0	0	0	5513	0	0	0	0	0	0	0	0	0	0	0	2966	0	0	0	0	0	0	0	0	0	0	0	0	0	0	0	0	0	0	0	0	0	0	0	0	0	0	0	0	0	0	0	0	2743	0	0	0	0	0	0	0	0	0	0	0	0	0	0	0	0	0	0	0	0	0	0	8203	0	0	0	0	0	0	0	0	0	705	0	0	0	1030	0	0	0	0	0	0	0	0	0	0	0	0	0	0	0	0	0	0	0	0	0	0	0	0	774	0	0	0	493	0	0	0	0	0	0	0	0	0	0	0	0	0	0	0	0	0	0	0	0	0	0	0	0	0	0	513	0	0	0	0	0	0	0	0	0	0	0	0	0	0	0	0	0	466	0	0	0	0	0	0	0	0	0	0	0	0	0	0	0	0	0	0	0	0	794	0	0	0	0	0	0	0	873	0	0	0	0	0	0	0	0	0	0	0	0	0	0	0	0	0	0	0	0	0	0	0	0	6403
SRR26973767	82913	0	0	0	0	0	0	0	826	0	0	0	0	0	0	0	0	0	0	0	0	114	0	0	0	0	0	0	0	0	0	0	3	43	0	0	0	0	0	0	0	0	0	0	0	0	0	0	261	0	0	0	0	0	0	0	331	0	0	0	0	0	0	3909	0	0	0	0	0	0	0	0	0	0	0	0	0	0	0	122	98	0	0	0	0	0	0	0	0	0	0	0	0	0	83	0	0	0	0	0	0	0	0	0	0	0	0	0	0	0	0	0	0	0	0	0	0	0	0	0	0	0	0	0	0	0	0	0	0	0	0	0	0	0	0	0	0	0	42	0	0	0	0	0	0	0	0	0	0	0	0	0	0	0	36	0	0	0	0	0	0	0	0	0	0	0	0	0	0	0	0	0	0	0	0	0	0	0	0	0	0	0	0	0	0	0	20	0	0	0	0	0	0	0	544	0	0	0	0	0	0	0	0	0	0	0	127	0	0	0	0	0	0	0	0	23	0	0	0	0	0	0	0	0	0	0	0	0	0	0	125	0	0	0	0	0	0	0	0	0	0	0	0	0	0	0	0	0	1739	0	0	0	0	0	0	0	0	0	0	0	2672	0	0	0	0	0	0	0	0	0	0	0	0	0	0	0	0	0	0	79	0	0	0	0	230	0	0	0	0	0	0	0	0	48	851	0	0	0	0	0	0	0	0	0	0	0	0	0	0	0	0	0	0	0	0	0	0	0	0	0	0	0	92	0	0	0	0	0	0	0	0	0	0	0	0	0	0	0	0	0	0	0	0	0	0	0	0	0	0	0	0	0	0	98	0	0	0	0	0	0	0	0	0	0	0	0	0	0	0	0	0	0	0	0	0	0	0	0	0	0	0	0	0	0	1388	0	0	0	55594	0	0	0	0	0	0	0	0	0	0	0	42	0	0	0	0	0	0	0	0	0	0	0	0	0	0	0	0	0	0	9	0	0	0	0	0	13364
SRR26973768	76203	0	0	0	0	34	0	0	543	0	0	0	0	0	0	0	0	0	0	0	0	0	0	31	0	0	0	0	0	0	0	0	160	0	0	0	0	0	0	0	24	0	21	0	0	0	0	0	366	0	0	0	0	0	0	0	324	0	0	0	0	0	0	10	0	0	0	0	0	0	0	0	0	0	0	0	0	0	0	48	108	0	0	0	0	0	0	0	0	0	0	0	0	0	56	0	0	0	0	0	0	0	0	0	0	0	0	0	0	0	0	0	0	0	0	0	0	0	15	12	0	0	0	0	0	0	0	0	0	0	0	0	0	0	0	0	0	0	78	0	0	0	0	0	0	0	0	0	0	0	0	0	0	0	0	0	0	0	0	0	0	0	0	0	0	0	0	0	0	0	0	0	0	0	0	0	0	0	0	0	0	0	0	0	0	0	0	0	0	0	0	0	0	0	491	0	0	0	0	0	0	0	0	0	0	0	25	0	0	0	0	0	0	0	0	82	0	0	0	0	0	0	0	0	63	0	0	0	0	0	165	0	0	0	0	0	0	0	0	5	0	0	0	0	0	0	0	0	2117	0	0	0	0	0	0	0	0	0	0	0	974	0	0	0	0	0	0	0	0	0	0	0	0	0	0	0	0	0	0	0	0	0	0	0	0	0	0	0	0	0	0	0	0	12	617	0	0	0	0	0	0	0	0	0	0	0	0	0	0	0	0	0	0	0	236	0	0	0	0	0	0	0	68	0	0	0	12	0	0	0	0	0	0	0	0	0	0	0	0	0	0	0	0	0	0	0	0	0	0	0	0	0	0	0	0	0	0	0	0	0	0	0	0	0	0	0	0	0	0	0	0	0	0	0	0	0	0	0	0	0	0	0	0	0	1286	0	0	0	56564	0	0	0	0	0	0	0	0	0	0	0	0	0	0	0	0	0	0	0	0	0	0	0	0	0	0	0	0	0	0	0	0	0	0	0	0	11656
SRR26973769	47120	0	0	0	0	0	0	0	891	0	0	0	0	0	0	41	0	0	0	0	0	0	0	40	0	0	0	0	0	0	0	0	4	0	0	0	0	0	0	0	0	0	0	0	0	0	0	0	78	0	0	0	0	0	0	0	387	0	0	0	0	0	0	64	0	0	0	0	0	0	0	0	0	0	0	0	0	0	0	0	149	0	0	0	0	0	0	0	0	0	0	0	0	0	141	0	0	0	0	0	0	0	0	0	0	0	0	0	0	0	0	0	0	0	0	0	0	0	0	0	0	0	0	0	0	0	0	0	0	0	0	0	0	0	0	0	0	0	16	0	0	0	0	0	0	0	0	0	0	0	0	0	0	0	0	0	0	0	0	0	0	0	0	0	0	0	0	0	0	0	0	0	0	0	0	0	0	0	0	0	0	0	0	0	0	0	0	0	0	0	0	0	0	0	217	0	0	0	0	0	0	0	0	0	0	0	49	0	0	0	0	0	0	0	0	78	0	0	0	0	0	0	0	0	0	0	0	0	0	0	222	0	0	0	0	0	0	0	0	0	0	0	0	0	0	0	0	0	1831	0	0	0	0	0	0	0	0	0	0	0	764	0	0	0	0	0	0	0	0	0	0	0	0	0	0	0	0	0	0	0	0	0	0	0	0	0	0	0	0	0	0	0	0	11	703	0	0	0	0	0	0	0	0	0	0	0	0	0	0	0	0	0	0	0	0	0	0	0	0	0	0	0	84	0	0	0	0	0	0	0	0	0	0	0	0	0	0	0	0	0	0	0	0	0	0	0	0	0	0	0	0	0	0	0	0	0	0	0	0	0	0	0	0	0	0	0	0	0	0	0	0	0	0	0	0	0	0	0	0	0	0	0	0	0	600	0	0	0	34678	0	0	0	0	0	0	0	0	0	0	0	13	0	0	0	0	0	0	17	0	0	0	0	0	0	0	0	0	0	0	0	0	0	0	0	0	6042
SRR26973773	107062	0	0	0	64	9	0	0	1696	0	4	0	0	0	0	0	0	0	0	0	0	0	48	61	0	23	0	0	0	0	0	0	74	0	0	0	0	0	0	0	0	0	0	0	22	0	116	0	353	0	0	50	0	0	0	0	280	0	0	0	0	0	0	0	0	0	0	0	0	0	0	0	0	0	0	0	0	0	0	40	309	0	0	0	0	0	0	0	0	0	0	0	0	0	196	0	0	0	0	0	0	0	0	0	0	0	0	0	0	0	0	0	0	0	0	0	0	0	0	0	0	0	0	0	0	0	0	0	0	0	0	0	0	0	0	0	0	0	33	0	0	0	0	0	0	0	0	0	0	0	0	0	0	0	0	0	0	0	0	0	0	0	0	0	0	0	0	0	30	0	0	0	0	0	0	0	0	40	0	0	0	0	0	0	0	0	0	0	0	0	0	0	0	0	543	0	0	0	0	0	0	0	0	0	0	0	125	0	0	0	0	0	0	0	0	168	0	0	0	0	0	0	0	0	0	0	0	0	0	0	471	0	0	0	0	0	29	0	0	0	0	0	0	0	0	0	0	0	1441	0	0	0	0	0	0	0	0	0	0	0	48	0	0	34	0	0	0	0	0	0	0	0	0	0	0	0	0	0	0	0	0	0	0	0	0	0	0	0	0	0	0	0	0	174	985	0	0	0	0	0	0	0	0	0	0	0	0	0	0	0	0	0	0	0	69	0	0	0	0	0	0	0	128	0	0	0	269	0	0	0	0	0	0	0	29	0	0	0	0	0	0	0	0	0	0	0	0	0	0	45	0	0	0	0	0	0	0	0	0	0	54	0	0	0	0	0	0	0	0	0	0	0	0	0	0	0	0	0	51	0	0	0	0	0	982	0	0	0	74977	0	0	0	0	0	0	0	0	0	0	0	0	0	77	0	0	0	0	0	0	0	85	0	0	0	0	0	0	0	0	3	0	0	0	0	0	22827
SRR26973777	55973	0	0	0	0	40	0	0	306	0	0	0	0	0	0	0	0	0	0	0	0	81	0	0	0	0	226	0	0	0	0	0	977	0	0	0	0	0	0	0	0	0	0	0	0	0	0	0	241	0	0	0	0	0	0	0	250	0	0	0	0	0	0	72	0	0	0	0	4997	0	0	0	0	0	0	0	0	0	0	231	266	0	0	0	0	0	0	0	0	0	0	0	0	0	83	0	0	0	0	0	0	0	0	0	0	0	0	0	0	0	0	0	0	0	0	0	0	0	20	0	0	0	0	0	0	0	0	0	25	0	0	0	0	0	0	0	0	0	60	0	0	0	0	0	0	0	0	0	0	0	0	0	0	0	0	0	0	0	0	0	0	0	0	0	0	0	0	0	0	0	0	0	0	0	0	0	54	0	0	0	0	0	0	0	0	0	0	0	0	0	0	0	0	0	185	0	0	0	0	0	0	0	0	0	0	0	256	0	0	0	0	0	0	0	0	246	0	0	0	0	0	0	0	0	0	0	0	0	0	0	63	0	0	0	0	0	0	0	0	0	0	0	0	0	0	0	0	0	1012	0	0	0	0	0	0	0	0	0	0	0	127	0	0	0	0	0	0	0	0	0	0	0	0	0	0	0	0	0	0	0	0	0	0	0	0	0	0	0	0	0	0	0	0	0	0	0	0	0	0	0	0	0	0	0	0	0	0	0	0	0	0	0	0	0	0	0	0	0	0	0	0	0	65	0	0	0	0	0	0	0	0	0	0	0	0	0	0	0	0	0	0	0	0	0	0	0	24	0	275	0	0	0	0	0	0	0	0	0	0	0	0	0	0	0	0	0	0	0	0	0	0	0	0	0	0	0	0	0	0	0	0	0	0	0	62	0	0	0	38047	0	0	0	104	0	0	0	0	0	0	0	0	0	0	0	0	0	0	73	0	0	0	0	0	0	0	0	0	0	0	10	0	0	0	0	0	7495
SRR26973778	79129	0	0	0	60	7	0	0	758	0	0	0	0	0	0	0	0	100	0	0	0	22	0	35	0	0	0	0	0	0	0	0	821	0	0	0	0	0	0	0	0	0	0	0	0	0	0	0	258	0	0	0	0	0	0	0	302	0	0	0	0	0	52	389	0	0	0	0	0	0	0	0	0	0	0	0	0	0	0	79	82	0	0	0	0	0	0	0	0	0	0	0	0	0	11	0	0	0	0	0	0	44	5	57	0	0	30	0	0	0	0	0	0	0	0	0	0	0	0	0	0	0	0	0	0	0	0	0	0	23	0	0	0	0	0	20	0	0	538	0	0	0	0	0	0	0	0	0	0	0	0	0	0	0	0	0	0	0	0	0	0	23	0	0	0	0	0	0	0	0	0	2992	0	0	0	0	0	0	0	0	0	0	10	0	0	0	0	0	0	0	0	0	0	0	316	0	0	0	0	0	0	0	0	0	0	0	103	0	0	0	0	0	0	0	0	0	0	0	0	0	0	0	0	0	0	0	0	0	13	0	250	0	0	0	0	0	0	0	0	0	0	0	0	0	0	0	0	0	1978	0	0	0	0	0	30	0	0	0	0	0	72	0	28	0	0	0	0	0	0	0	0	0	0	20	0	0	0	0	0	0	0	0	126	0	0	0	0	0	0	0	0	14	0	163	0	0	0	0	0	0	44	0	0	0	0	0	0	0	0	0	0	0	0	0	0	0	0	0	0	0	0	0	181	0	0	0	0	0	0	0	0	0	0	0	0	0	0	0	0	0	0	0	0	0	0	0	0	0	98	0	0	182	0	0	0	0	0	0	0	0	0	0	0	0	0	0	0	0	0	0	0	0	0	0	0	0	0	0	24	0	0	0	16	0	1227	0	22	0	52526	0	0	0	0	0	0	0	16	0	0	0	42	0	0	0	0	0	0	10	0	0	201	0	0	0	0	0	0	0	0	60	0	0	0	0	0	14649
SRR26973779	66691	0	0	0	0	23	0	0	524	0	0	26	0	0	0	0	0	168	0	0	0	98	0	0	23	0	0	0	0	0	0	0	384	0	0	0	0	0	0	0	0	0	0	0	0	0	0	341	141	0	0	0	0	0	0	0	142	0	0	0	0	0	0	130	0	0	0	0	0	0	65	0	0	0	0	0	0	0	0	63	144	0	0	0	27	0	0	0	0	0	0	0	0	0	0	0	0	0	0	0	0	23	0	0	0	0	154	0	0	0	0	0	0	0	9	0	0	0	0	0	24	0	0	0	0	0	0	0	0	28	0	0	0	0	0	0	0	0	2982	0	0	0	0	0	0	0	0	0	0	0	0	0	0	0	0	0	0	0	0	0	0	0	0	0	0	0	0	0	0	0	3	616	0	0	0	0	25	58	0	0	0	0	0	0	0	0	0	0	0	0	0	0	0	0	302	0	0	0	0	0	0	0	0	0	0	0	61	0	0	0	0	0	0	0	8	28	0	0	0	0	0	0	0	0	0	0	0	0	24	0	129	0	0	0	0	0	0	0	0	0	0	0	0	0	0	0	0	0	1200	0	0	0	0	0	0	0	0	0	0	12	162	0	0	0	0	0	0	0	0	0	0	0	0	0	0	0	0	0	0	0	0	0	8	0	0	0	0	0	0	0	0	0	0	24	554	0	0	0	0	0	0	0	0	0	0	0	0	0	0	8	0	0	0	0	0	10	0	0	0	0	0	0	608	0	0	0	0	0	0	0	0	0	0	0	3	0	0	0	0	0	0	0	0	0	0	0	0	0	0	0	0	83	0	0	0	0	0	0	0	0	0	0	0	0	0	0	0	0	0	69	0	0	0	0	0	0	0	0	0	0	0	0	0	0	316	0	0	0	41786	0	0	0	0	0	0	0	0	0	0	0	103	0	0	0	0	0	0	0	0	0	0	0	0	27	0	0	0	0	0	26	0	0	0	0	0	14919
SRR26973781	135598	0	0	0	0	0	0	0	1416	0	0	0	0	0	0	0	0	0	0	0	0	50	0	0	0	0	0	0	0	0	0	0	362	0	0	0	0	0	0	0	0	0	0	0	0	0	0	0	283	0	0	0	0	0	0	0	698	0	0	0	0	0	0	4	0	0	0	0	0	0	0	0	0	0	0	0	0	0	0	299	194	0	0	0	0	0	0	0	0	0	0	0	0	0	81	0	0	0	0	0	0	0	0	0	0	0	100	0	0	0	0	0	0	0	0	0	0	0	0	0	0	0	0	0	0	0	0	0	0	0	0	0	0	0	0	0	0	0	2875	0	0	0	0	0	0	0	0	0	0	0	0	0	0	0	0	0	0	0	0	0	0	0	0	0	0	0	0	0	0	0	0	0	0	0	0	0	0	0	0	0	0	0	0	0	0	0	0	63	0	0	0	0	0	0	568	0	0	0	0	0	0	0	0	0	0	0	87	0	0	0	0	0	0	0	0	0	0	0	0	0	0	0	0	0	0	0	0	0	0	0	542	0	0	0	0	0	0	0	0	0	0	0	0	0	0	0	0	0	3031	0	21	0	0	0	0	0	0	0	0	0	88	0	0	0	0	0	0	0	0	0	0	0	0	0	0	0	0	0	0	0	0	0	0	0	0	0	0	0	0	0	0	0	0	0	916	0	0	0	0	0	0	0	0	0	0	0	0	0	0	0	0	0	0	0	33	0	0	0	0	0	0	0	0	0	0	0	0	0	0	0	0	0	0	0	0	0	0	0	0	0	0	0	0	0	0	0	0	0	0	0	0	67	0	0	0	0	0	0	0	0	0	0	0	35	0	0	0	0	0	0	0	0	0	0	0	0	0	0	0	0	0	0	0	0	1572	0	0	0	105379	0	0	0	0	0	0	0	0	0	0	0	0	0	0	0	0	0	0	0	0	0	0	0	0	0	0	0	0	0	0	0	0	0	0	0	0	16834
SRR26973787	173114	0	0	0	0	0	0	0	0	0	0	0	0	0	0	0	0	0	0	0	0	905	0	0	0	0	0	0	0	0	0	0	0	0	0	0	0	0	0	0	534	1077	0	0	0	0	0	0	11722	345	0	0	0	0	0	0	0	0	0	0	0	0	0	100545	0	0	0	0	0	0	0	0	0	0	0	0	0	0	0	1603	8342	0	0	0	0	0	0	0	0	0	0	0	0	0	2278	0	0	0	0	0	0	0	0	0	1498	0	0	0	0	0	0	0	0	0	0	0	0	0	0	0	0	1039	0	0	0	0	0	0	0	910	0	0	0	0	0	0	0	0	910	0	0	0	661	0	0	273	0	0	0	0	0	0	0	0	0	0	0	0	0	0	0	0	0	0	0	0	0	0	0	0	0	0	0	0	0	0	0	0	109	0	0	0	0	0	0	0	50	0	0	0	0	0	0	0	0	0	0	0	0	0	0	0	0	0	0	0	14559	0	0	0	0	0	0	0	0	5470	0	0	0	0	0	0	0	0	0	0	0	0	780	0	0	0	0	0	0	0	0	0	0	0	0	0	0	0	0	0	0	0	0	0	0	0	0	0	0	0	0	0	0	0	2179	0	775	0	0	0	0	0	0	0	0	0	0	0	0	0	0	0	0	0	0	0	0	0	0	0	0	0	0	0	0	0	0	8034	0	0	0	0	0	0	0	0	0	0	0	0	0	0	172	0	0	0	0	0	0	0	0	0	0	0	0	0	692	0	0	0	4191	0	0	0	0	0	0	0	0	0	0	0	0	0	0	282	0	0	0	0	0	0	218	0	0	0	0	0	0	0	0	0	0	0	0	0	0	669	0	0	0	0	0	0	0	0	0	0	0	0	0	0	0	0	0	0	0	0	107	0	0	0	0	0	0	0	863	0	0	0	0	0	0	0	0	0	0	0	0	0	0	0	0	0	0	0	0	0	0	0	0	0	0	437	0	0	0	0	0	885
SRR26973792	108399	424	0	0	0	96	0	0	184	0	0	0	1423	0	0	0	0	0	0	0	0	1189	0	0	0	84	0	0	0	0	0	0	287	0	0	0	0	0	0	0	129	240	0	0	0	0	0	0	21502	0	0	0	0	0	0	0	0	0	0	0	0	0	0	11832	0	0	0	0	0	0	0	0	0	0	0	0	0	491	0	1309	3302	0	0	0	171	0	0	0	0	0	243	0	0	0	2244	0	0	0	0	0	0	0	0	0	4020	0	0	0	0	0	0	0	0	0	0	591	0	0	271	0	0	0	0	0	0	0	0	0	0	0	0	0	0	0	0	0	0	0	1157	0	0	0	0	0	0	0	0	0	0	0	0	0	0	0	0	0	0	0	0	0	0	0	0	0	85	0	0	0	0	0	0	0	0	0	0	0	0	0	0	0	0	0	0	0	238	0	2341	0	0	0	0	0	0	0	0	0	0	0	0	0	0	0	761	0	0	0	16024	0	0	193	0	0	1648	0	0	5966	25	0	0	0	0	0	0	0	0	0	0	0	260	0	0	0	0	0	0	0	0	0	0	0	0	0	0	0	0	0	0	0	121	0	0	0	0	0	0	0	0	0	0	0	2666	0	0	0	0	0	138	0	0	0	0	0	0	0	0	0	0	0	0	0	0	0	0	0	0	0	0	0	0	7	0	0	0	5737	0	0	0	0	0	0	0	0	0	0	0	201	343	0	20	0	0	0	0	0	0	0	0	0	0	0	0	0	7826	0	251	0	6308	0	0	0	0	0	0	0	0	0	0	0	0	0	237	0	0	0	0	0	0	0	631	0	0	532	0	0	0	0	0	0	0	515	0	0	0	0	0	0	0	0	0	0	0	0	0	0	0	0	0	0	0	0	0	0	0	0	0	0	0	0	0	0	0	0	357	0	0	0	0	0	0	0	1068	0	0	0	0	0	0	261	0	0	0	0	0	0	0	0	0	0	0	0	0	0	0	0	0	2450
SRR26973793	82556	0	0	0	0	0	0	663	0	0	0	0	535	0	0	0	0	0	0	0	0	55	0	0	62	118	0	0	0	0	0	0	0	0	106	0	0	89	0	44	0	73	0	0	0	0	0	0	9834	0	0	0	0	0	0	0	82	0	0	0	12	0	190	13042	0	0	0	27	0	0	0	0	0	0	0	0	0	0	0	866	726	0	0	0	0	0	0	0	0	0	0	0	0	0	410	0	0	0	0	0	0	0	0	142	4542	0	13	0	0	0	0	0	0	0	0	334	0	0	61	0	0	198	0	0	0	98	83	0	0	0	0	0	0	0	0	0	0	0	134	0	0	0	0	0	0	0	0	0	0	0	0	0	0	0	0	0	0	0	0	0	0	0	0	0	0	0	0	0	0	0	0	0	0	0	0	0	0	44	0	0	0	0	0	42	0	0	2868	0	0	82	0	70	0	0	0	0	6	0	0	0	0	0	0	0	0	0	21000	0	0	0	0	0	0	0	0	3520	0	0	0	0	0	0	0	0	0	0	0	0	455	0	0	0	0	0	0	0	0	0	0	0	0	0	0	0	0	0	0	0	0	0	0	0	0	0	0	0	22	0	0	0	511	0	120	0	0	0	0	0	0	0	0	0	0	0	0	172	0	0	0	0	0	0	73	0	0	0	0	115	0	0	0	0	0	12	0	0	0	0	0	0	0	0	0	0	0	60	0	0	0	0	0	0	0	0	0	0	50	0	0	0	0	0	8995	0	34	0	6399	0	0	0	0	0	0	0	97	0	0	0	0	0	0	0	0	0	0	251	0	0	0	0	0	0	0	26	0	0	0	0	0	0	0	0	0	0	0	0	0	0	0	0	0	0	0	0	0	0	0	0	33	0	0	0	0	0	0	0	0	0	0	0	0	0	0	0	0	0	0	0	0	0	3800	0	0	0	0	0	0	0	0	0	21	0	0	0	0	0	0	0	0	0	0	0	0	0	0	1139
